BOR;AN;FI;RS;FI_EJ;BIO_A1;BIO_A2;BIO_A3;BIO_A4;BIO_A5;BIO_A6;BIO_A7;BIO_A8;BIO_A9;BIO_A10;BIO_A11;BIO_A12;BIO_A13;BIO_A14;BIO_A15;BIO_A16;BIO_A17;BIO_A18;BIO_B1;BIO_B2;BIO_B3;BIO_B4;BIO_A19;BIO_A20;BIO_B19;BIO_B20;BIO_B21;BIO_C19;BIO_C20;BIO_A22;BIO_A23;BIO_A24;BIO_A25;BIO_A26;BIO_A27;BIO_A28;BIO_A29;BIO_A30;BIO_B22;BIO_B23;BIO_B24;BIO_B25;BIO_B26;BIO_B27;BIO_B28;BIO_B29;BIO_B30;BIO_C22;BIO_C23;BIO_C24;BIO_C25;BIO_C26;BIO_C27;BIO_C28;BIO_C29;BIO_C30;BIO_D22;BIO_D23;BIO_D25;BIO_E22;BIO_E23;BIO_E25
BIO;2021;010000024;CH DE FLEYRIAT;010780054;1;1;0;1;1;0;0;1;0;0;1;1;1;1;0;0;0;0;0;1123574;155160;76888;9287;3183;8565;40;52;6704;6452;;2;;24;7;2;;2;2;;5;2;5;1;1;1;3;2;;5.11;1.7;27.69;6.36;2.79;0.1;4.64;2.8;;0;;;1;
BIO;2021;010005239;CH DU HAUT BUGEY - GEOVREISSET;010008407;1;1;0;1;1;1;0;0;0;0;1;0;1;0;0;0;0;0;1;3077772;117956;0;;;;;;;;0;0;;;;0;;;;3;0;;;;0;;;;2.05;0;;;;0;;;;0;;;1;;
BIO;2021;020000162;CH SAINT-QUENTIN;020000063;1;1;0;1;1;0;0;1;0;0;1;1;1;0;0;0;0;0;1;1528538;208764;195814;6120;1717;7423;6;;679;;4;;1;31;6;1;0;7;2;0;;1;2;10;3;1;0;0;4;;0.82;29.67;8.65;2.7;0.57;5.09;1.5;0;0;1;1;1;0
BIO;2021;020000394;CH LAON;020000253;1;1;0;1;1;1;1;1;0;0;1;1;1;0;0;0;0;0;1;948122;123527;25827;;;;;;;;3;0;0;13;4;0;0;0;0;0;0;0;0;0;0;0;0;0;3;0;0;14.66;3.33;0;0;0;0;0;;;1;;
BIO;2021;020000519;CH SOISSONS;020000261;1;1;0;1;1;1;0;0;0;0;1;1;1;1;0;0;1;0;1;600651;17440;0;;;;;;;;4;4;;17;4;;;;;;1;;4;;;;;;4;4.8;0.68;19.67;4.23;;;;;;0;1;;1;1
BIO;2021;020001061;CH CHÂTEAU-THIERRY;020004404;1;1;0;1;1;1;0;0;0;0;1;1;1;0;0;0;0;0;1;669253;163134;139984;;;;;;;;;2;1;15;6;;;;;;1;;5;1;;;;;;2.8;1;17.4;6.3;;;;;;0;1;;1;0
BIO;2021;030000061;CH DE MOULINS;030780092;1;1;0;1;1;0;0;0;0;0;1;1;1;1;0;0;0;0;1;747153;166457;52827;;;;;;;;0;3;1;19;6;;;;;1;0;0;11;6;;;;;0.8;3;0.92;25.33;8.05;;;;;0;0;1;1;1;0
BIO;2021;030000079;CH DE MONTLUCON;030780100;1;1;1;1;1;1;1;1;0;0;1;1;1;1;0;0;0;0;0;1406226;163082;63907;;;;;;;;1;3;1;22;10;;;;;;;;8;2;;;;;0.17;3;0.9;27.1;10.35;;;;;0;0;1;1;1;0
BIO;2021;030000087;CH JACQUES LACARIN VICHY;030780118;1;0;0;1;1;1;0;0;0;0;1;1;1;1;0;0;0;0;1;1097359;53632;0;;;;;;;;;4;2;23;11;;;;;;1;0;4;0;;;;;;4.6;1.19;27.67;9.8;;;;;0;0;;0;1;
BIO;2021;040000135;CHI DES ALPES DU SUD SITE DE SISTERON;050002948;1;1;0;1;1;0;0;0;0;0;1;1;1;1;0;0;0;0;1;107788;74439;24143;;;;;;;;;;;3;;;;;;4;1;2;5;;;;;;0.86;0.17;0.25;7.01;;;;;;;;;;;
BIO;2021;050000231;CH DES ESCARTONS DE BRIANCON;050000116;1;1;1;1;1;1;0;0;0;0;1;1;1;1;0;0;0;0;1;274500;105958;25967;;;;;;;;1;;;5;;;;;;2;;1;12;2;;;;;2.65;;0.15;13.27;1.3;;;;;;;;;;
BIO;2021;050000348;CHI DES ALPES DU SUD SITE DE GAP;050002948;1;1;0;1;1;0;1;0;0;0;1;1;1;1;0;0;0;0;1;536646;14325;13689;;;;;;;;1;;1;13;1;;;;;5;1;1;12;1;;;;;4.5;0.57;0.85;19.86;1.8;;;;;;;;;;
BIO;2021;060000478;CENTRE HOSPITALIER DE GRASSE;060780897;1;1;0;1;1;0;0;0;0;0;1;1;1;0;0;0;0;0;1;932651;57650;34758;;;;;;;;0;0;0;15;2;0;0;14;0;;;;4;;;;4;;;;;2.52;2;;;1.52;;;;;;;
BIO;2021;060000510;CH D'ANTIBES JUAN LES PINS;060780954;1;1;0;1;1;0;0;0;0;0;1;1;1;1;0;0;0;0;1;827055;6904;1782;;;;;;;;3;2;1;28;5;;;;;;;;4;;;;;;2.5;2;1;32.18;3.83;;;;;0;0;;1;1;
BIO;2021;060000528;CENTRE ANTOINE LACASSAGNE;060780962;1;1;0;0;0;0;0;0;0;0;0;0;0;0;1;1;0;0;0;1599;888;171;4697;150;6076;0;855;;;;1;1;4;2;3;1;7;2;;2;;2;1;1;;1;;;1.47;0.52;4.5;2.04;3.43;0.52;6.92;1.74;;0;;;0;
BIO;2021;060000544;CH DE CANNES SIMONE VEIL;060780988;1;0;0;1;1;0;0;0;0;0;1;0;1;1;0;0;0;0;0;1030197;469;3;;;;;;;;1;3;;24;7;;;;;;;1;7;0;;;;;1;3;0.2;29.95;6.87;;;;;0;0;1;1;1;0
BIO;2021;060785003;CHU DE NICE HOPITAL PASTEUR;060785011;1;1;0;1;1;1;1;1;1;0;1;1;1;1;1;1;0;0;1;2709191;150017;133015;9255;0;20927;0;628;3077;0;20;3;1;82;24;14;;21;20;2;0;;10;7;8;;2;6;17.43;2.08;1;80.64;26.14;12.31;;22.88;22.22;0;0;;1;1;
BIO;2021;060789195;CHU DE NICE HOPITAL DE L'ARCHET;060785011;1;1;0;1;1;1;1;1;1;0;1;1;1;1;1;1;0;0;1;2207611;406825;388784;2038;836;4615;8;48;528;5;34;2;1;88;49;2;1;12;15;5;2;;34;11;0;;3;3;30.58;2.65;0.5;103.52;51.26;2.15;0.5;14.59;14.47;0;0;0;1;1;0
BIO;2021;070000013;CH DE PRIVAS ARDECHE;070002878;1;1;0;1;1;1;0;0;0;0;1;0;1;0;0;0;0;0;1;232109;117646;42016;;;;;;;;2;;;6;5;;;;;;;;6;;;;;;2;;;11.2;4.92;;;;;;0;0;;1;1
BIO;2021;070000179;CH ARDECHE NORD;070780358;1;1;0;1;1;1;0;0;0;0;1;1;1;1;0;0;0;0;1;697674;3371;;;;;;;;;0;2;0;12;1;0;0;0;0;0;0;0;7;2;0;0;0;0;0;2.2;0;16.5;2.28;0;0;0;0;0;0;0;0;1;0
BIO;2021;070000609;CH D'AUBENAS;070005566;1;0;0;1;1;1;0;1;0;0;1;1;1;1;0;0;0;;1;573393;229439;46423;;;;;;;;4;;;12;7;;;;;1;;;6;1;;;;;4.01;;;16.97;6.53;;;;;;;;;;
BIO;2021;080000425;CH CHARLEVILLE - HOPITAL MANCHESTER;080011174;1;1;0;1;1;0;1;1;0;0;1;1;1;1;0;0;1;1;1;1869839;97951;91805;1429;24;8076;3;161;58;0;3;3;1;31;13;;1;2;;0;1;;15;4;;;;2;3;3.8;0.9;43.65;15.51;;0.1;2.46;1.66;0;0;1;1;1;1
BIO;2021;090000175;CHIVAL SITE ST JEAN DE VERGES;090781774;1;0;0;1;1;1;0;0;0;0;1;1;1;0;0;0;0;0;1;590930;70930;24985;;;;;;;;1;1;;22;3;;;;;1;1;1;9;;;;;;1.43;1.49;0.23;27.72;2.73;;;;;;;;;;
BIO;2021;100000090;CENTRE HOSPITALIER DE TROYES;100000017;1;0;0;1;1;1;1;1;0;0;1;1;1;1;1;1;0;0;1;1968910;44936;2110;6360;810;6457;86;31;13001;551;0;9;0;36;6;6;0;6;3;1;2;2;19;1;0;0;5;3;1.65;7.18;1.7;50.59;6.43;6.13;0;9.54;4.12;0;0;1;0;0;1
BIO;2021;100000199;CENTRE HOSPITALIER DE ROMILLY/SEINE;100006279;1;1;0;1;1;1;0;0;0;0;0;0;1;0;0;0;0;0;1;245105;66000;0;;;;;;;;2;;;6;2;;;;;0;;;1;1;;;;;1.3;;;6.28;2.46;;;;;0;;;0;;
BIO;2021;110000023;CH CARCASSONNE;110780061;1;1;0;1;1;0;1;1;0;0;1;1;1;1;0;0;0;0;1;784983;84953;38746;;;;;;;;1;3;;24;6;;;;;;2;1;1;;;;;;1;3.56;0.8;24.2;6.79;;;;;0;0;1;1;1;0
BIO;2021;110000056;CH NARBONNE HOTEL DIEU;110780137;1;1;0;1;1;0;0;0;0;0;1;1;1;0;0;0;0;0;1;751177;17769;13048;0;0;0;0;0;0;0;2;0;1;21;5;0;0;0;0;4;0;0;3;2;0;0;0;0;4.27;0;1;23.59;7.34;0;0;0;0;1;0;0;0;1;1
BIO;2021;120000039;CH DE RODEZ HOPITAL JACQUES PUEL;120780044;1;0;1;1;0;0;0;0;0;0;1;1;1;1;0;0;0;0;1;2136634;81920;72144;4977;465;5822;9;18;1873;203;2;2;1;16;3;0;;5;3;;1;1;9;;1;1;1;;1.7;2.5;1.1;22.55;3.05;2.52;0.5;4.7;3;0;0;;1;1;0
BIO;2021;120000054;CH VILLEFRANCHE SITE CHARTREUSE;120780069;1;1;0;1;1;1;0;0;0;0;0;0;1;1;0;0;0;0;;175524;0;0;;;;;;;;;;1;12;2;;;;;2;;;1;2;;;;;1.82;;1;12.08;4.39;;;;;;;1;1;1;0
BIO;2021;120000070;CH PIERRE DELPECH DECAZEVILLE;120780085;1;1;0;1;1;1;0;0;0;0;1;1;1;0;0;0;0;0;1;178425;265008;191928;;;;;;;;1;;;13;2;;;;;1;;;3;1;;;;;1.8;;;14.5;2.8;;;;;;0;0;;1;1
BIO;2021;120004569;CH MILLAU;120004528;1;0;0;1;1;1;0;0;0;0;1;0;1;0;0;0;0;0;1;271584;101099;43647;;;;;;;;3;;;9;;;;;;;;;5;;;;;;3;;;11.05;;;;;;0;0;0;1;0;1
BIO;2021;120004668;CH EMILE BOREL ST AFFRIQUE;120004619;1;0;0;1;1;1;0;0;0;0;0;0;0;0;0;0;0;0;1;85794;7882;0;;;;;;;;1;1;;4;1;;;;;;1;1;4;2;;;;;0.32;1.04;0.75;6.84;1.43;;;;;0;0;0;1;1;1
BIO;2021;130000235;CHS EDOUARD TOULOUSE;130780554;1;1;0;1;0;0;0;0;0;0;0;0;1;0;0;0;0;0;0;48463;;;;;;;;;;0;0;0;2;3;0;0;0;0;0;0;0;1;0;0;0;0;0;0;0;0;2.6;1.02;0;0;0;0;;;;;;
BIO;2021;130000409;CHI SITE D'AIX EN PROVENCE;130041916;1;1;0;1;1;0;1;1;0;0;1;1;1;1;0;0;0;0;1;1631423;520544;431897;25178;2138;6823;17;288;8245;136;1;5;1;38;13;3;;4;6;1;4;1;21;;2;;1;;1.46;6.63;1.3;50.62;14.43;3.76;;4.9;5.97;0;0;1;1;1;0
BIO;2021;130000565;CENTRE HOSPITALIER GENERAL D'AUBAGNE;130781446;1;1;0;1;1;0;0;0;0;0;1;1;1;1;0;0;0;0;1;618960;48637;38013;;;;;;;;;5;1;17;4;;;;;;2;;1;3;;;;;;5.63;1;16.73;5.23;;;;;;0;1;;1;0
BIO;2021;130001225;HOPITAL DU PAYS SALONAIS;130782634;1;1;0;1;1;1;0;0;0;0;1;1;1;1;0;0;0;0;1;649302;76292;15556;0;0;0;;;;;2;;;12;5;;;;;2;;1;5;3;;;;;4.12;;0.9;16.67;6.66;;;;;0;;1;1;;0
BIO;2021;130001647;INSTITUT PAOLI CALMETTES;130784127;0;0;0;1;0;1;0;0;0;0;0;0;0;0;1;1;0;0;0;18991;8377;;13857;0;13729;0;221;4660;0;1;9;2;38;14;6;2;14;7;3;2;;7;3;4;;3;2;2.5;9.22;2.8;43.8;14.05;7.48;1.6;16.12;7.97;0;0;0;1;1;1
BIO;2021;130002215;CENTRE HOSPITALIER GENERAL LA CIOTAT;130785512;1;1;0;1;1;1;0;0;0;0;0;1;1;0;0;0;0;0;0;255557;52464;;;;;;;;;0;0;1;9;2;;;;;1;3;;2;;;;;;0.5;1.5;0.8;10.7;2;;;;;;;1;1;1;
BIO;2021;130002827;CH JOSEPH IMBERT D'ARLES;130789274;1;1;0;1;1;0;0;0;0;0;1;1;1;1;0;0;0;0;1;;;;;;;;;;;;;;19;3;;;;;;;;5;1;;;;;;;;21.57;3.75;;;;;;;0;;;0
BIO;2021;130780521;APHM HOPITAL NORD;130786049;1;1;0;1;1;0;0;0;0;0;0;0;0;0;1;1;0;0;1;2417153;11920;6648;8000;1167;14251;70;320;1211;25;3;;2;45;17;7;1;10;6;;2;1;12;2;1;;2;;0.53;1.3;2.6;52.66;17.49;5.1;1;12.09;4.58;0;0;0;0;0;0
BIO;2021;130781479;HOPITAL PRIVE LA CASAMANCE;130000599;1;0;0;1;1;0;0;0;0;0;1;1;1;0;0;0;0;0;1;607054;308881;169766;;;;;;;;1;0;2;19;10;;;;;1;3;;;2;;;;;1.9;2.7;2;19;11.12;;;;;0;0;1;1;1;0
BIO;2021;130783236;APHM HOPITAL DE LA CONCEPTION;130786049;1;0;0;1;1;0;0;0;0;0;0;0;0;0;1;0;1;1;1;1839591;46614;34724;;;;;;;;11;7;4;60;32;;;;;6;3;1;10;8;;;;;8.28;4.8;4.4;62.81;31.6;;;;;0;;;1;;
BIO;2021;130783293;APHM HOPITAL LA TIMONE;130786049;1;1;1;1;1;0;1;0;0;1;1;1;1;1;1;0;0;0;1;6269721;186158;162762;10981;3;27990;1;642;3359;0;19;3;6;212;90;;1;21;9;9;5;2;24;17;;;6;2;11.99;3.48;6.46;229.74;81.75;;1;22.26;9.19;0;0;;0;0;
BIO;2021;130783665;CLINIQUE DE BONNEVEINE;130043722;1;0;0;1;1;0;0;0;0;0;1;0;1;0;0;0;0;0;1;31349;96958;;;;;;;;;;2;;4;;;;;;;;;1;2;;;;;;2;;4.6;1.5;;;;;;0;0;;0;0
BIO;2021;130785652;HOPITAL SAINT JOSEPH;130014228;1;1;0;1;1;0;1;1;0;0;1;1;1;0;1;1;1;1;1;2202314;506277;296859;;;;;;;;4;;1;48;21;;;;;3;;;2;1;;;;;4.53;;1;45.05;21.48;;;;;0;;0;0;;0
BIO;2021;130804297;APHM HOPITAL LA TIMONE ENFANTS;130786049;0;0;0;0;0;0;0;0;0;0;0;0;0;0;1;0;0;0;1;12339;4050;4013;0;;0;;1;2;;4;;;27;17;;;;;2;;2;2;11;;;;;3.58;;1.1;26.64;19.25;;;;;0;;;0;;
BIO;2021;140000027;CENTRE HOSPITALIER DE LISIEUX;140000035;1;1;0;1;1;1;1;1;0;0;1;1;1;1;0;0;1;0;1;988585;219388;38210;;;;;;;;0;4;1;18;6;;;;;;1;1;10;2;;;;;;4.9;0.94;23.02;8.79;;;;;0;0;;0;1;1
BIO;2021;140000209;CHU COTE DE NACRE - CAEN;140000100;1;1;0;1;1;0;1;1;1;0;1;1;1;0;0;0;1;1;1;5023796;218440;133236;7212;1496;17051;130;0;1272;0;29;9;3;87;15;9;1;12;6;5;;;28;3;1;;5;4;24.86;7.3;1.62;108.41;12.77;5.35;0.1;13.85;6.23;0;0;0;1;1;1
BIO;2021;140000233;CENTRE HOSPITALIER DE FALAISE;140000118;1;0;0;1;1;1;0;0;0;0;1;1;1;1;0;0;0;0;1;204266;39379;0;;;;;;;;;3;;10;2;;;;;;;1;2;1;;;;;;2.68;0.8;12;3.07;;;;;;;;;;
BIO;2021;140000555;CRLCC FRANCOIS BACLESSE - CAEN;140000639;1;0;0;1;1;0;0;1;0;0;0;0;0;0;1;1;0;0;0;332818;4389;0;5707;31;9174;0;408;1191;0;1;4;2;10;6;5;1;6;2;;1;;1;1;2;0;4;1;1;4.86;2;10.8;6.6;4.91;1;10.44;3.97;0;0;0;0;0;0
BIO;2021;140004383;CHR GEORGES CLEMENCEAU - CAEN;140000100;0;0;;0;0;0;0;0;0;0;0;0;1;1;1;1;0;0;0;169018;65657;46113;;;;;;;;11;1;2;24;16;;;;;2;;;12;6;;;;;6.59;0.7;0.98;30.49;19.41;;;;;0;0;0;0;0;0
BIO;2021;140024886;CENTRE HOSPITALIER - AUNAY-BAYEUX;140000092;1;0;0;1;1;1;0;0;0;0;1;1;1;1;0;0;0;0;1;359035;122341;0;;;;;;;;;4;1;9;4;;;;;;2;;12;7;;;;;;4.37;1;17.78;8.74;;;;;;0;1;;1;0
BIO;2021;150000040;CH HENRI MONDOR;150780096;1;1;0;1;1;1;0;0;0;0;1;1;1;1;0;0;0;0;1;1121898;29096;3255;;;;;;;;0;5;;23;4;;;;;1;;1;1;3;;;;;0.5;4.55;0.9;23.8;6.02;;;;;;;;1;1;1
BIO;2021;160000253;CENTRE HOSPITALIER D'ANGOULEME;160000451;1;1;0;1;1;1;0;1;;;1;1;1;1;0;0;0;0;1;1191424;122376;59952;4533;1934;5873;27;128;879;5;2;1;1;29;5;2;;2;1;3;1;1;5;1;1;;1;1;4.57;1.8;1.15;32.16;5.22;2.38;;2.35;1.47;0;1;1;1;0;0
BIO;2021;160000303;CH HOPITAUX SUD-CHARENTE;160006037;1;0;0;1;1;0;1;1;0;0;0;0;0;0;0;0;0;0;1;185695;11955;22;0;0;0;0;0;0;0;0;;;5;1;;;;;1;;;4;;;;;;0.8;;;7.27;1;;;;;0;0;0;0;0;0
BIO;2021;170000087;HOPITAL SAINT-LOUIS - LA ROCHELLE;170024194;1;1;0;1;1;0;1;1;0;0;1;1;1;1;0;0;0;0;1;1689467;78477;54130;5803;773;11176;30;373;7480;246;;;;;;4;;7;2;3;7;;;;;1;1;4;2.3;4.75;;;;4;0.25;7.04;4.27;0;0;;1;1;
BIO;2021;170000152;CENTRE HOSPITALIER ROCHEFORT;170780225;1;1;0;1;1;1;0;0;0;0;1;1;1;1;0;0;0;0;1;81616;18387;2342;0;;0;;;;;;;;19;5;;;;;3;7;;2;2;;;;;0.5;1.95;;14.89;5.15;;;;;0;0;;1;1;
BIO;2021;180000010;CH BOURGES - JACQUES COEUR;180000028;1;1;0;1;1;0;0;1;0;0;1;1;1;1;0;0;0;0;1;1366888;531871;531595;2989;265;4487;2;118;0;0;5;;;31;5;2;;4;1;1;;2;14;8;;1;1;1;5.4;;1.1;35.05;9.1;2;0.1;2.94;1.1;0;;1;1;;0
BIO;2021;190000018;CENTRE HOSPITALIER DUBOIS BRIVE;190000042;1;0;0;1;1;1;1;1;0;0;1;1;1;1;0;0;0;0;1;1158506;59105;58667;0;0;0;0;0;0;0;2;1;1;20;5;;;;;;1;;6;7;;;;;1.8;1.59;1;25.45;11.05;;;;;0;0;;1;1;
BIO;2021;190000026;CENTRE HOSPITALIER COEUR DE CORREZE;190000059;1;1;0;1;1;1;1;1;0;0;1;1;1;1;0;0;0;0;1;558566;88264;21237;792;0;1656;;40;0;;1;1;1;16;4;1;;2;1;;;;;;;;1;;1;1;1;16.01;3.27;1;;1.5;1;;0;;;1;
BIO;2021;210987558;HOPITAL LE BOCAGE CHRU DIJON;210780581;1;1;1;1;1;0;1;1;0;1;1;1;1;1;1;1;1;1;1;4055497;119255;;7670;1625;24384;88;527;1540;17;40;25;6;148;114;9;1;12;2;5;2;3;85;49;4;0;9;0;28.23;20.21;7.34;198.56;108.36;7.11;0.5;15.86;2;1;1;1;1;1;0
BIO;2021;210987657;HOSPICES CIVILS DE BEAUNE;210012175;1;1;0;1;1;1;0;0;0;0;1;1;1;1;0;0;0;0;1;325766;29082;0;;;;;;;;;3;1;13;5;;;;;;1;;5;14;;;;;;3.43;1;15.83;11.01;;;;;;;;;;
BIO;2021;210987699;CENTRE HOSPITALIER ROBERT MORLEVAT;210780706;1;1;0;1;1;1;0;0;0;0;1;1;1;1;0;0;0;0;1;272206;299846;126065;;;;;;;;1;1;1;15;7;;;;;0;1;0;3;1;;;;;1;2.14;1;17.41;8.33;;;;;0;0;1;1;1;0
BIO;2021;210987731;CLCC GEORGES-FRANCOIS LECLERC;210780417;1;0;0;1;1;1;0;0;0;0;0;0;1;0;1;1;0;0;1;434371;2793;216;5422;231;14180;730;784;9440;4091;3;0;1;5;1;2;1;4;6;1;0;;;;3;;2;1;3.8;0;1;5;1;3.4;1;5.6;6.5;0;0;0;0;0;0
BIO;2021;220000012;CENTRE HOSPITALIER YVES LE FOLL;220000020;1;0;0;1;1;0;0;1;0;0;1;1;1;1;0;0;0;0;1;1551264;41525;8582;;;;;;;;;5;;43;18;;;;;;3;1;14;1;;;;;;5.36;0.38;54.38;17.8;;;;;1;;;1;;
BIO;2021;220000343;CENTRE HOSPITALIER GUINGAMP;220000079;1;1;0;1;1;1;0;0;0;0;1;1;1;0;0;0;0;0;1;376871;34937;7536;;;;;;;;2;;1;8;;;;;;0;;0;7;9;;;;;2.62;;0.98;13.26;6.76;;;;;0;;1;1;;0
BIO;2021;220000368;CENTRE HOSPITALIER LANNION;220000103;1;0;0;1;1;1;0;0;0;0;1;1;1;1;0;0;0;0;1;350103;92711;61700;;;;;;;;;;;6;2;;;;;2;1;1;12;3;;;;;1.51;0.61;0.9;16.12;3.85;;;;;0;0;1;1;1;0
BIO;2021;220000541;CENTRE HOSPITALIER PAIMPOL;220000152;1;0;0;1;1;1;0;0;0;0;1;1;1;0;0;0;0;0;;181015;126185;78587;;;;;;;;;2;;8;1;;;;;;;1;6;2;;;;;;2;0.7;12.8;2.5;;;;;;0;1;;1;0
BIO;2021;230000820;CENTRE HOSPITALIER GUERET;230780041;1;1;0;1;1;0;0;1;1;0;1;1;1;1;0;0;0;0;1;458498;295452;175807;1986;773;2913;4;47;1963;639;5;;1;23;3;2;;2;2;1;;;1;1;0;;;1;4.56;;1;23.15;3.21;2;;2;2.1;0;0;0;1;1;1
BIO;2021;240000372;C.H DE BERGERAC;240000059;1;1;0;1;1;1;0;0;0;0;1;0;1;0;0;0;0;0;1;356753;154239;1291;;;;;;;;;1;;13;;;;;;;1;1;6;1;;;;;;2.22;0.85;15.09;0.66;;;;;;0;1;;1;0
BIO;2021;240000489;CENTRE HOSPITALIER DE PERIGUEUX;240000117;1;1;0;1;1;0;1;1;0;0;1;1;1;1;0;0;0;0;1;1659741;59866;39483;2751;1101;6026;4;45;2612;181;3;;2;25;16;2;0;5;2;1;;0;3;7;;0;0;1;3.18;;1.45;26.63;21.15;2.45;0;4.38;2.12;0;0;1;1;;0
BIO;2021;250000700;CHI HC SITE RIVES DU DOUBS PONTARLIER;250000452;1;1;0;1;1;1;0;0;0;0;1;1;1;1;1;0;0;0;0;;;;;;;;;;;;2;;5;;;;;;;2;1;8;;;;;;;2.89;0.5;9.99;;;;;;0;0;0;0;0;0
BIO;2021;250006954;CHRU JEAN MINJOZ;250000015;1;1;0;1;1;0;1;1;0;0;1;1;1;1;1;1;1;1;1;3266979;63829;40296;15779;2706;34493;51;549;1102;2;9;4;3;61;27;1;0;12;6;26;6;1;58;20;8;1;11;6;21.52;7.83;3.74;87.76;40.73;4.29;0.97;20.18;9.3;;;;;;
BIO;2021;260000013;CH DE VALENCE;260000021;1;1;0;1;1;0;0;1;0;0;1;1;1;1;0;0;0;0;1;1183064;71924;;4816;302;11157;7;74;16977;448;1;3;2;25;11;2;;8;2;0;1;;20;3;4;1;4;6;1;3.78;2;35.39;13.79;4.77;0.8;11.12;7.37;0;0;1;1;1;0
BIO;2021;260000120;HOPITAUX DROME NORD - ROMANS-SUR-ISERE;260016910;1;1;0;1;1;1;0;1;0;0;1;1;1;1;0;0;0;0;1;1282830;100364;86394;;;;;;;;4;;;18;4;;;;;;;1;4;5;;;;;4;;0.8;21.64;6.97;;;;;0;;1;1;;0
BIO;2021;260000138;CH PORTES PROVENCE MONTELIMAR;260000047;1;1;0;1;1;1;1;1;0;0;1;1;1;1;0;0;0;0;1;979542;157601;20847;0;;0;;;0;;2;0;1;10;3;0;0;0;0;3;0;0;22;5;0;0;0;0;4.1;0;1;25.32;7.22;0;0;0;0;0;0;1;1;0;0
BIO;2021;270000359;CH EVREUX CH EURE-SEINE;270023724;1;1;0;1;1;0;0;1;0;0;1;1;1;1;0;0;1;1;1;803007;160682;99183;3958;1079;4302;21;80;2739;632;1;4;;27;13;3;;2;1;0;0;1;6;5;0;1;4;2;1;4;0.7;30.67;18.57;3;0.3;3.61;3.03;0;0;;1;1;
BIO;2021;270000367;CH GISORS;270000086;1;0;0;1;0;1;0;0;0;0;1;1;1;1;0;0;0;0;1;206586;5345;;0;0;0;0;0;0;0;1;0;0;9;1;0;0;0;0;1;0;0;2;1;0;0;0;0;2.07;0;0;10.29;1.86;0;0;0;0;0;0;0;1;0;1
BIO;2021;270000458;CH VERNON CH EURE-SEINE;270023724;1;1;0;1;1;1;0;0;0;0;1;1;0;1;0;0;0;0;1;246810;44337;19553;;;;;;;;;2;;10;6;;;;;;;1;1;2;;;;;;2;0.9;11.53;6.13;;;;;;0;;;1;
BIO;2021;270000912;HOPITAL LA MUSSE ST SEBASTIEN/MORSENT;750814030;1;0;0;1;1;0;0;0;0;0;1;0;0;0;0;0;0;0;1;277472;12170;0;;;;;;;;;1;;5;;;;;;;1;;;;;;;;;1.1;;5;;;;;;0;0;0;0;0;0
BIO;2021;280000084;CH DREUX;280000183;1;1;0;1;1;1;1;1;0;0;1;1;1;1;0;0;1;1;1;1328841;77655;11229;;;;;;;;4;2;1;22;7;;;;;;;;12;6;;;;;4;2;1;27.74;12.35;;;;;0;;1;1;;1
BIO;2021;280000662;CH CHATEAUDUN;280500075;;;;;;;;;;;;;;;;;;;1;214181;26444;;;;;;;;;1;;;4;1;;;;;;;;4;;;;;;1;;;7.58;1;;;;;0;;0;0;;0
BIO;2021;280504267;CH CHARTRES LOUIS PASTEUR-LE COUDRAY;280000134;1;1;;1;1;0;0;1;0;0;1;1;1;1;0;0;1;1;1;1195256;440391;429218;732;0;6854;0;66;845;0;6;0;1;30;5;2;;3;3;0;1;;6;;;;3;;4.07;0.8;0.9;33.56;6.48;2;;5.6;2.6;0;0;0;1;1;0
BIO;2021;290000025;CHIC QUIMPER;290020700;1;1;0;1;1;0;0;1;0;0;1;1;1;1;1;1;1;1;1;1120395;408402;177755;;;;;;;;2;2;2;42;8;;;;;;3;;6;9;;;;;1.8;4.75;1.29;41.96;18.15;;;;;0;0;1;1;1;0
BIO;2021;290000033;C.H. DES PAYS DE MORLAIX;290021542;1;0;0;1;1;1;0;0;0;0;1;0;1;0;0;0;0;0;;777891;91013;91013;;;;;;;;4;;;29;3;;;;;1;;;7;3;;;;;4.56;;;32.52;5.74;;;;;0;;;1;;
BIO;2021;290000173;CH FERDINAND GRALL LANDERNEAU;290000041;1;0;0;1;1;1;0;0;0;0;0;0;0;0;0;0;0;0;0;192502;6656;0;0;;0;;;;;1;;;9;;;;;;;;1;;;;;;;1;;0.4;9.09;0.4;;;;;0;0;1;1;1;0
BIO;2021;290000181;CENTRE HOSPITALIER DOUARNENEZ;290000074;0;0;0;0;0;0;0;0;0;0;0;0;0;0;0;0;0;0;1;98857;0;0;0;0;0;0;;0;0;;;;5;;;;;;;1;;;1;;;;;;0.2;;5.25;0.5;;;;;0;0;0;0;1;1
BIO;2021;290000728;HOPITAL INSTRUCTION DES ARMEES;750821092;1;1;0;1;1;1;0;0;0;0;1;1;1;1;0;0;0;0;0;419675;75159;21;;;;;;;;;1;;18;2;;;;;2;3;1;4;;;;;;1;1.3;0.9;16.3;2;;;;;0;0;1;1;1;0
BIO;2021;290000785;ETABLISSEMENT DE SOINS HOTEL DIEU;220020739;1;0;0;1;1;0;0;0;0;0;0;0;0;0;0;0;0;0;1;100386;869;;;;;;;;;1;;;6;3;;;;;;;;;3;;;;;1.1;;;5.75;5.57;;;;;;;1;1;;0
BIO;2021;290000934;GHBS - HOPITAL LA VILLENEUVE;560005746;1;0;0;1;1;0;0;0;0;0;0;0;0;0;0;0;0;0;1;132524;4213;4196;;;;;;;;;0;1;6;3;;;;;;1;;2;2;;;;;;0.2;1;6.83;4.05;;;;;;0;0;;1;0
BIO;2021;290004324;CHRU BREST SITE HOPITAL CAVALE BLANCHE;290000017;1;1;0;1;1;1;1;1;1;0;1;1;1;1;1;1;1;1;1;3957501;277447;;13018;1437;22992;509;481;12143;39;20;23;;;;10;;;;1;;;;;2;;;;14.72;18.83;;;;7.8;;;;0;0;1;1;1;1
BIO;2021;2A0000022;CH ND LA MISERICORDE;2A0000014;1;1;0;0;1;1;1;0;1;0;0;1;1;1;0;1;0;0;1;764553;201147;78100;1068;0;5476;0;28;79;0;;3;1;30;3;2;1;5;3;;;;2;2;1;;;;;3.42;1;30.04;4.09;2.46;1;4.76;3.18;;;;;;
BIO;2021;2B0000012;CENTRE HOSPITALIER DE BASTIA;2B0000020;1;1;0;1;1;1;0;1;0;0;1;1;1;0;0;0;0;0;0;1044694;17707;2356;0;0;0;0;0;0;0;3;0;1;25;11;0;0;0;0;0;0;1;3;1;0;0;0;0;2.92;0;0.68;25.47;10.95;0;0;0;0;0;0;1;1;1;0
BIO;2021;300000023;CH ALES CEVENNES;300780046;1;0;0;1;1;0;0;0;0;0;1;1;1;1;0;0;0;0;1;820743;164576;59334;;;;;;;;3;0;1;23;6;0;0;0;0;0;0;1;11;5;0;0;0;0;3;0;1.1;23.77;8.87;0;0;0;0;0;0;1;1;1;0
BIO;2021;300000031;CH LOUIS PASTEUR;300780053;1;1;0;1;1;1;0;0;0;0;1;1;1;1;0;0;0;0;1;628831;253595;38950;;;;;;;;0;2;;10;2;;;;;0;0;;7;3;;;;;0.01;2;;15.46;4.4;;;;;0;0;;1;1;
BIO;2021;300780137;NOUVELLE CL BONNEFON;920028396;1;1;0;1;1;1;1;1;1;1;1;1;1;1;1;1;0;0;1;3079947;2264684;0;;;;;;;;;2;;10;13;;;;;;1;;;;;;;;;2.5;;10;13;;;;;;1;1;;1;1
BIO;2021;300782117;CHU NIMES CAREMEAU;300780038;1;1;0;1;1;1;1;1;0;0;1;1;1;1;1;1;1;1;1;3495750;17299;;10555;628;25599;80;345;422;0;33;;3;67;25;4;1;32;30;5;;;11;5;4;;9;6;37.21;;3;90.17;29.41;5.17;1;32.52;36.96;0;0;;1;;
BIO;2021;310000310;CH COMMINGES PYRENEES SITE ST PLANCARD;310780671;1;1;0;1;1;1;0;0;0;0;1;1;1;0;0;0;0;0;1;62553;6729;;;;;;;;;2;;;16;3;;;;;2;;1;3;3;;;;;3.16;0.63;0.8;17.09;5.75;;;;;;;1;1;1;
BIO;2021;310016977;HOPITAUX MERE & ENFANTS SITE VIGUIER;310781406;0;0;0;0;0;0;0;1;0;0;0;0;0;0;0;0;1;1;;13789;0;;;;;;;;;1;1;0;9;13;;;;;3;0;0;1;8;;;;;2.55;0.46;0;9.8;16.45;;;;;0;0;0;0;0;0
BIO;2021;310025333;ONCOPOLE CHU TOULOUSE;310781406;0;0;0;1;1;0;0;0;0;0;0;0;0;0;0;1;0;0;1;95840;75159;;13722;1802;40876;144;973;36452;462;6;0;1;33;0;21;2;47;1;0;0;0;6;0;10;0;7;0;4;0;1;34.82;;17.12;2;50.79;1;1;1;;1;1;
BIO;2021;310782347;INSTITUT CLAUDIUS REGAUD;310789136;1;1;0;0;0;0;0;0;0;0;0;0;0;0;1;1;0;0;0;478007;384605;384605;;;;;;;;6;2;4;21;10;;;;;5;0;1;5;0;;;;;6.44;1;4.37;22.15;10.37;;;;;;;;;;
BIO;2021;310783048;HOPITAL PURPAN CHU TLSE;310781406;1;1;1;1;1;1;1;1;0;0;1;1;1;1;1;1;1;1;1;3360352;590229;;;;;;;;;54;5;5;187;3;;;;;10;3;1;37;2;;;;;38.56;3.45;3.7;228.28;5.2;;;;;1;1;1;1;1;1
BIO;2021;310783055;HOPITAL DE RANGUEIL CHU TOULOUSE;310781406;1;1;0;1;1;0;0;0;1;0;0;0;0;0;0;0;0;0;1;2505077;7367;;;;;;;;;9;;1;35;3;;;;;;;;1;;;;;;5.3;;1;35.37;1.05;;;;;1;1;;1;;
BIO;2021;320000086;CH AUCH EN GASCOGNE;320780117;1;1;0;1;1;1;0;1;0;0;1;1;1;1;0;0;0;0;1;959276;51559;31163;0;0;0;0;0;0;0;0;4;1;20;7;0;0;0;0;0;0;0;4;2;0;0;0;0;0;4;1;23.1;6.99;0;0;0;0;0;0;1;0;1;0
BIO;2021;330000555;CENTRE HOSPITALIER D'ARCACHON;330781204;1;1;0;1;1;1;0;0;0;0;1;1;1;1;0;0;0;0;1;757477;47883;5718;;;;;;;;0;;0;10;2;;;;;6;;0;6;1;;;;;2.87;;0;14.82;2.2;;;;;;;;;;
BIO;2021;330000589;CH SUD GIRONDE - SITE LANGON;330027509;1;1;0;1;1;1;0;1;0;0;1;1;1;1;0;0;0;0;;400235;113352;69523;;;;;;;;3;;;14;4;;;;;;;1;4;1;;;;;2.72;;0.8;13.66;3.04;;;;;0;;;1;;
BIO;2021;330000605;CTRE HOSPIT.R.BOULIN-LIBOURNE;330781253;1;1;0;1;1;1;1;1;0;0;1;1;1;1;0;0;0;0;1;1574396;57095;28;3490;747;8143;40;90;3030;633;2;6;1;33;12;4;;4;3;1;0;1;3;1;2;1;2;3;2.5;6;1.4;35.82;15.14;5.2;0.3;5.34;4.43;0;0;;1;1;
BIO;2021;330000662;INSTITUT BERGONIE;330781329;1;0;0;1;1;1;0;1;1;0;0;0;1;1;1;1;0;0;1;402564;3326;1170;9296;49;8781;;295;3159;;2;1;;33;2;11;;13;10;1;;1;4;1;2;2;4;2;2.45;1;0.16;32.22;2.29;10.17;0.73;14.07;9.22;0;0;0;0;0;0
BIO;2021;330781303;HIA ROBERT PICQUE;750821092;1;1;0;1;1;1;0;1;0;0;1;1;1;1;0;0;0;0;1;430280;102210;75227;0;0;0;0;0;0;0;0;3;1;16;4;0;0;0;0;5;0;0;3;1;0;0;0;0;0.6;2.5;1;18.31;4.15;0;0;0;0;0;0;1;0;1;0
BIO;2021;330781352;HOPITAL SAINT-ANDRE - CHU;330781196;1;0;0;1;1;0;0;0;0;0;0;0;1;0;0;0;0;0;0;851614;240002;70409;;;;;;;;1;;0;6;0;;;;;4;;1;26;6;1;;;;3.84;;0.52;17.6;1.93;0.8;;;;;;;1;;
BIO;2021;330781360;GROUPE HOSPITALIER PELLEGRIN - CHU;330781196;1;1;0;1;1;1;1;1;1;1;1;1;1;1;1;0;1;1;1;5585198;1274435;229743;1982;;23035;;215;3102;;71;;6;196;85;10;1;13;8;5;;3;33;17;3;;6;1;50.33;;8.03;227.93;101.8;10.09;0.5;17.57;7.74;;;;1;1;
BIO;2021;330783648;HOPITAL HAUT-LEVEQUE - CHU;330781196;1;0;0;1;1;1;0;0;0;0;1;0;1;0;0;1;0;0;0;2256137;178431;34399;10340;1402;22574;37;446;13495;18;11;;1;49;7;18;1;15;6;1;;1;13;8;2;;1;1;11.92;;1.8;61.01;14.86;13.46;1;15.86;6.45;;;;1;;
BIO;2021;340000033;CH BEZIERS;340780055;1;0;0;1;1;0;0;0;1;0;1;1;1;1;0;0;0;0;1;884409;32140;450;2818;521;7182;30;67;1866;622;2;;1;22;5;3;1;6;3;2;1;1;6;4;;1;;1;4;0.18;1.25;26.44;6.64;2.75;1.15;5.73;3.66;;;;;;
BIO;2021;340000207;ICM;340780493;0;0;0;0;0;0;0;0;0;0;0;0;0;0;0;1;0;0;0;0;0;0;3920;;11457;;538;274;;0;;;;;6;1;17;3;;;;;;3;;3;;0;;;;;5.52;1;16.62;2.47;0;0;0;0;0;0
BIO;2021;340000223;HOPITAL ST CLAIR HBT SETE;340011295;1;1;0;1;1;0;0;1;0;0;1;1;1;1;0;0;1;0;1;972256;102129;;3156;1877;3417;2;35;;;2;;;18;5;1;;4;;2;;;4;5;;;;;4.1;;;19.37;5.18;1;;1.35;;;;;;;
BIO;2021;340015502;CL DU MILLENAIRE;340000512;1;1;0;1;1;1;1;1;1;1;1;1;1;1;1;1;1;1;1;1010741;287466;55292;;;;;;;;3;;1;9;21;;;;;;;;;6;;;;;3;;1;9;24;;;;;1;;1;1;;1
BIO;2021;340022979;POLYCL ST ROCH;340000306;1;1;1;1;1;1;1;1;0;0;1;1;1;1;1;0;1;1;1;50000;30000;;;;;;;;;2;1;1;15;12;;;;;;;;;;;;;;2;1;1;15;10;;;;;0;0;0;1;1;1
BIO;2021;340780675;CL CLEMENTVILLE;340000298;1;1;0;1;1;1;1;1;0;0;1;1;1;1;1;1;0;0;1;346197;491258;;;;;;;;;;;;;;;;;;;;;;;;;;;;;;;;;;;;0;0;0;1;0;1
BIO;2021;340782036;HOPITAL ST ELOI CHU MONTPELLIER;340780477;1;;;1;1;;1;1;1;;;1;;1;;;;;1;2051465;101933;;;;;;;;;18;12;2;79;11;;;;;1;1;1;2;1;;;;;11.38;5.8;2.7;75.57;9.44;;;;;0;0;1;1;1;1
BIO;2021;340782085;HOPITAL GUI DE CHAULIAC CHU MTP;340780477;;;;;;;;;;;;;;;;;;;;;;;12612;853;31260;31;722;6472;156;;;;;;11;1;19;2;;;;;;;;2;;;;;;;8.64;0.4;19.57;2.55;;;0;;;0
BIO;2021;340785161;HOPITAL LAPEYRONIE CHU MONTPELLIER;340780477;1;1;;;;;;;;;;;;1;;;;;0;4619248;276396;;;;;;;;;8;6;1;57;10;;;;;1;;2;2;;;;;;6.08;4.5;2.2;54.48;9.04;;;;;0;0;1;1;1;1
BIO;2021;340796663;HOPITAL ARNAUD DE VILLENEUVE CHU MPT;340780477;;;;;;;;;;;1;;1;;1;1;1;1;0;348645;23161;;;;;;;;;12;17;3;85;23;;;;;1;2;;5;1;;;;;8.64;14;1.4;83.08;24.41;;;;;0;0;1;1;1;0
BIO;2021;350000147;CENTRE HOSPITALIER SAINT-MALO;350000022;1;1;0;1;1;1;1;1;0;0;1;1;1;1;0;0;0;0;1;1301717;60632;29857;;;;;;;;;;;31;11;;;;;7;7;1;18;1;;;;;5.51;4.39;0.55;43.29;10.43;;;;;0;0;1;1;1;0
BIO;2021;350000154;C.H FOUGERES;350000030;1;1;0;1;1;1;0;0;0;0;1;1;1;1;0;0;0;0;1;213886;22766;1334;0;0;0;0;0;0;0;1;0;0;9;3;0;0;0;0;2;0;0;7;6;0;0;0;0;2.22;0;0;14.97;7.57;0;0;0;0;0;0;1;0;0;0
BIO;2021;350000337;C.H. GUILLAUME REGNIER RENNES;350000246;1;1;0;1;1;0;0;0;0;0;1;0;1;0;0;0;0;0;0;200100;;;;;;;;;;;1;;3;2;;;;;;2;;2;1;;;;;;2.13;;4.83;2.5;;;;;;0;0;;0;0
BIO;2021;350000741;CHRU RENNES SITE PONTCHAILLOU;350005179;1;1;0;1;1;1;1;1;1;0;1;1;1;1;1;1;0;0;1;4833114;384129;;12822;2663;26065;328;328;18785;3425;42;34;8;144;65;11;1;16;7;8;5;1;57;17;3;;6;1;33.32;22.81;7.63;183.33;70.57;8.98;1;20.35;8.23;0;0;1;1;1;1
BIO;2021;350002812;C.R.L.C.C. EUGENE MARQUIS;350023503;1;0;0;1;1;0;0;0;0;0;0;0;1;0;0;;0;0;1;140956;76091;145;;;;;;;;;1;;4;2;;;;;1;1;1;4;;;;;;0.9;1.3;0.3;6.6;1.2;;;;;0;0;0;0;0;0
BIO;2021;350007084;CHRU RENNES SITE HOPITAL SUD;350005179;1;0;0;1;1;0;0;0;0;0;1;0;0;0;0;0;1;1;1;326418;75758;2528;7914;;;;;;;2;1;1;11;14;;;;;;;;4;9;;;;;1.45;0.6;1;14.4;16.28;;;;;1;0;1;0;0;0
BIO;2021;350054680;POLYCLINQUE SAINT LAURENT;220020739;1;0;0;1;1;0;0;0;0;0;0;0;1;1;0;0;0;0;1;28150;1000;500;;;;;;;;;1;;7;2;;;;;1;;;1;4;;;;;0.6;1;;7.8;5.2;;;;;0;0;0;0;0;1
BIO;2021;370000861;CHRU BRETONNEAU - TOURS;370000481;1;1;0;1;1;0;1;1;0;0;1;1;1;1;1;1;1;1;1;1530128;1154095;546088;5635;825;13377;4;499;67;;23;;2;99;67;;0;6;7;3;;0;25;14;;0;3;1;17.62;;2;110.67;63.49;;0;8.21;6.3;;;0;;;0
BIO;2021;370004467;CHRU TROUSSEAU - CHAMBRAY;370000481;1;1;0;1;1;0;0;0;0;0;1;0;1;0;0;1;0;0;1;1404027;721321;225337;9701;;10223;;301;2;;5;;1;33;15;;1;8;2;;;0;21;3;;0;5;2;4;;1;45.96;13.83;;1;11.48;3.76;;;0;1;;0
BIO;2021;380000034;CH PIERRE OUDOT BOURGOIN JALLIEU;380780049;1;1;0;1;1;1;0;0;0;0;1;1;1;1;0;0;0;0;1;1492973;484231;190014;;;;;;;;2;;;21;3;;;;;4;;;8;;;;;;4.4;;0.17;26.86;3.01;;;;;;;;;;
BIO;2021;380000067;HOPITAL NORD - CHU38;380780080;1;1;1;1;1;1;1;1;0;1;1;1;1;1;1;1;1;1;1;5185996;448149;0;11505;493;25066;13;0;4119;425;48;7;10;165;68;5;;20;2;12;4;;78;53;3;;5;1;50.42;9.88;10.39;219.99;106.74;7.88;;22.24;2.8;0;0;0;1;1;0
BIO;2021;380000174;CH LUCIEN HUSSEL DE VIENNE;380781435;1;0;0;1;1;1;0;1;0;0;1;1;1;1;0;0;0;0;1;645128;44769;4043;0;0;0;0;0;0;0;0;2;1;14;1;0;0;0;0;1;2;;11;3;0;0;0;0;0.9;3.39;1;24.13;2.78;0;0;0;0;0;0;1;1;1;0
BIO;2021;380000406;HOPITAL DE VOIRON - CHU38;380780080;1;1;0;1;1;1;0;0;0;0;1;1;1;1;0;0;0;0;1;882234;43033;;9;;230;;;;;48;7;10;165;68;5;;20;2;12;4;;78;53;3;;5;1;50.42;9.88;10.39;219.99;106.74;7.88;;22.24;2.8;0;0;0;;1;0
BIO;2021;380012658;GROUPE HOSPIT. MUTUALISTE DE GRENOBLE;380012609;1;0;0;1;1;1;0;0;0;0;1;1;1;1;0;0;0;0;1;714126;245053;78732;;;;;;;;;1;2;12;6;;;;;1;6;;9;4;;;;;0.8;5.7;2;18.8;9.3;;;;;0;0;1;1;1;0
BIO;2021;380786442;CLINIQUE BELLEDONNE;380798025;1;1;0;1;1;1;1;1;0;0;1;1;1;1;0;0;1;1;1;154138;289785;513;;;;;;;;2;;;16;10;;;;;1;2;;;7;;;;;2.3;1.6;;16;14.4;;;;;1;1;1;1;1;
BIO;2021;390000040;CH LONS;390780146;1;1;0;1;1;1;0;0;0;0;1;1;1;1;0;0;0;0;1;593816;64624;25344;;;;;;;;;1;;12;3;;;;;;6;1;10;3;;;;;;4.33;0.9;19.97;4.81;;;;;;0;;;1;
BIO;2021;390000065;CH LOUIS JAILLON SAINT CLAUDE;390780161;1;1;0;1;1;1;0;0;0;0;1;1;1;1;0;0;0;0;1;119969;23796;3985;;;;;;;;;;;5;1;;;5;1;;;1;2;1;;;1;;;;0.2;5.87;1.25;;;5.87;1;;;;;;1
BIO;2021;390000222;CH LOUIS PASTEUR DOLE;390780609;1;1;0;1;1;1;1;1;0;0;1;1;1;1;0;0;0;0;1;657702;67552;32011;;;;;;;;4;;1;19;2;;;;;1;;;3;4;;;;;2.87;;1.75;19.72;5.32;;;;;0;0;1;1;1;0
BIO;2021;400000105;CENTRE HOSPITALIER DAX;400780193;0;0;0;1;1;0;0;1;0;0;1;1;1;1;0;0;0;0;1;586104;8412;1083;3312;466;8942;4;247;4622;36;2;4;0;18;8;4;0;3;1;;;0;7;3;;0;2;1;1.09;2.93;0.67;23.68;10.79;3.41;0;4.8;1.5;;;0;;;0
BIO;2021;400000139;CHI MONT DE MARSAN ET PAYS DES SOURCES;400011177;1;1;0;1;1;0;1;0;0;0;1;1;1;1;0;0;0;0;1;1116840;67012;33028;542;0;5677;0;;1355;0;4;0;0;22;3;2;0;2;1;3;0;0;7;9;1;0;3;9;4.14;0;0.43;24.87;11.56;2.03;0;3.04;1.59;0;0;1;1;1;0
BIO;2021;410000020;CH BLOIS SIMONE VEIL;410000087;1;1;0;1;1;0;0;1;0;0;1;1;1;0;0;0;0;0;1;989494;107344;0;5252;782;7964;19;167;7907;3111;2;3;0;29;9;4;0;5;5;0;0;1;3;1;0;1;0;0;2;3;0.8;26.54;8.15;4;0.2;5;5;0;0;1;1;1;0
BIO;2021;420000010;CH DE ROANNE;420780033;1;1;0;1;1;0;0;1;0;0;1;1;1;1;0;0;0;0;1;803490;230859;26862;6106;2494;5138;9;317;1051;724;3;0;1;27;11;5;;5;2;1;2;;10;4;3;;;1;3.4;1.46;0.9;31.67;12.02;3.59;0.1;4.99;2.5;0;0;0;1;1;0
BIO;2021;420000226;CH DU FOREZ SITE DE MONTBRISON;420013831;1;0;0;1;1;1;0;0;0;0;1;0;1;1;0;0;0;0;1;475882;76204;0;0;0;0;0;0;0;0;1;0;0;0;1;0;0;0;0;3;0;2;21;12;0;0;0;0;2.76;0;0.34;14.23;7.63;0;0;0;0;0;0;0;1;0;1
BIO;2021;420000234;CH DE FIRMINY;420780652;1;1;0;1;1;1;0;0;0;0;1;1;1;1;0;0;0;0;1;822430;107553;85295;;;;;;;;2;;1;13;4;;;;;1;1;;11;3;;;;;2.2;0.6;1;19.97;5.51;;;;;;;1;1;;
BIO;2021;420011413;HOPITAL PRIVE DE LA LOIRE;420011405;1;0;0;1;1;1;0;0;0;0;1;1;1;1;0;0;1;0;0;497000;180000;70000;;;20681;2;232;0;0;1;;1;19;10;;;;;;2;;;;10;;;;1;1.5;1;19;10;;;;;1;1;1;1;1;0
BIO;2021;420785354;HOPITAL NORD - CHU42;420784878;1;1;0;1;1;1;1;1;0;1;1;1;1;1;1;1;1;1;1;2976766;676133;0;12620;687;23760;42;750;474;;34;;3;108;43;9;;11;6;1;;0;54;11;2;;8;2;27.69;;2.82;148.94;47.65;7.98;;17.76;7;0;;0;0;;0
BIO;2021;430000117;CH EMILE ROUX LE PUY;430000018;1;1;0;1;1;0;1;1;0;0;1;1;1;1;0;0;0;0;1;1139653;211768;55674;0;0;0;0;0;0;0;2;0;1;22;6;0;;;;2;0;0;12;1;0;;;;2.47;0.24;1;31.69;6.96;0;;;;0;0;1;1;1;0
BIO;2021;440000016;CH DE SAINT NAZAIRE;440000057;1;1;0;1;1;0;0;1;0;0;1;1;1;1;0;0;1;1;1;1427209;436494;269077;4815;1480;6534;30;127;13917;441;1;6;1;21;12;3;;3;3;;1;2;23;3;1;1;4;5;1;6.49;2.63;40.11;13.7;3.32;0.3;6.24;4.96;0;0;;1;1;
BIO;2021;440000271;CHU DE NANTES SITE HOTEL DIEU HME;440000289;1;1;0;1;1;1;1;1;1;0;1;1;1;1;1;1;1;1;1;5814286;167565;135657;7436;232;29733;22;133;2166;;11;11;1;104;50;7;0;22;8;8;25;0;56;33;10;0;18;1;13.3;31.31;0.08;146.51;67.99;13.48;0.17;36.63;8.48;0;0;;1;1;
BIO;2021;440001113;ICO - SITE GAUDUCHEAU;490017258;1;1;0;1;1;0;0;1;0;0;0;0;0;0;0;1;0;0;;172539;8242;8242;3686;59;7842;1;225;;;;;1;3;;2;;5;1;2;3;;3;1;1;;;;1.5;1.78;0.99;5.02;0.82;2.87;;4.48;1;0;0;0;0;0;0
BIO;2021;440017598;CHU DE NANTES SITE LAENNEC;440000289;1;0;0;1;1;0;0;0;0;0;1;0;0;0;0;0;0;0;0;1707545;18735;18684;0;;0;;;;;1;;1;15;1;;0;0;0;;4;0;8;7;;0;0;0;0.25;2.64;1;21.37;3.41;;0;0;0;0;0;;1;1;
BIO;2021;450000047;CH DEZARNAULDS - GIEN;450000096;1;1;0;1;1;1;0;0;0;0;1;1;1;1;0;0;0;0;1;198309;4280;0;;;;;;;;1;;;4;;;;;;1;;;1;;;;;;0.7;;;4.7;;;;;;0;0;0;1;1;1
BIO;2021;450000062;CH AGGLOMERATION MONTARGOISE;450000104;1;0;0;1;1;1;0;0;0;0;1;1;1;0;0;1;0;0;1;586555;16228;13396;;;;;;;;;2;;7;6;;;;;;3;;14;1;;;;;;4;;18.52;6.48;;;;;;0;1;;1;0
BIO;2021;450000070;CH PITHIVIERS;450000112;1;1;0;1;1;0;0;0;0;0;0;0;0;0;0;0;0;0;1;106034;44453;;;;;;;;;;;;4;;;;;1;1;;;;;;;;2;0.9;;;3.97;;;;;1.24;;0;0;;1;0
BIO;2021;450002613;CHR ORLÉANS - HÔPITAL DE LA SOURCE;450000088;1;1;0;1;1;0;1;1;1;0;1;1;1;1;1;1;1;1;1;2939933;207341;165152;9118;940;16819;7;261;6302;851;7;7;2;62;60;6;0;10;2;3;0;0;28;20;3;0;2;1;8.2;7;2.95;84.98;72.3;7.6;0;11.67;2.8;0;0;0;1;1;1
BIO;2021;460000102;CH JEAN COULON GOURDON;460780208;1;0;0;1;1;0;0;0;0;0;0;0;0;0;0;0;0;0;0;1859541;;;;;;;;;;;;;4;;;;;;1;;;1;;;;;;0.2;;;4.58;;;;;;;;0;1;;1
BIO;2021;460000110;CH JEAN ROUGIER CAHORS;460780216;1;1;0;1;1;0;0;1;0;0;1;1;1;1;0;0;0;0;1;564108;96704;51104;;;;;;;;0;3;1;19;6;0;0;0;0;0;1;0;6;1;0;0;0;0;0;3.8;1;21.59;6.06;0;0;0;0;0;0;1;0;1;0
BIO;2021;470000423;CH AGEN NERAC - HOPITAL SAINT-ESPRIT;470016171;1;1;0;1;1;0;0;1;0;0;1;1;1;;0;0;0;0;1;1178166;75378;34941;0;0;0;0;0;;;4;;;22;12;;;;;1;;;10;13;;;;;4.9;;;26.25;12.29;;;;;0;;1;1;;0
BIO;2021;470000431;CH VILLENEUVE -POLE SANTE VILLENEUVOIS;470000324;1;1;0;1;1;0;0;0;0;0;0;0;1;1;0;0;0;0;1;471408;47640;9874;;;;;;;;2;;1;17;2;;;;;;;;2;;;;;;2;;1;17.45;2;;;;;0;;0;1;;1
BIO;2021;470000480;CENTRE HOSPITALIER DE MARMANDE - CHIC;470001660;1;1;0;1;1;1;0;0;0;0;1;1;1;0;0;0;0;0;1;331163;10000;0;;;;;;;;2;1;1;14;4;;;;;;;;5;1;;;;;2;1;1;18.05;5.32;;;;;0;0;1;1;1;0
BIO;2021;480000017;HOPITAL LOZERE SITE VALLEE DU LOT;480780097;1;1;0;1;1;1;0;0;0;0;1;1;1;1;0;0;0;0;1;475565;108605;37260;0;0;0;0;0;0;0;1;2;2;11;7;;0;0;0;;1;;;2;;;0;0;1;2.47;1.5;15.23;8.22;;0;0;0;0;0;;1;1;
BIO;2021;490000049;CHR ANGERS SITE LARREY;490000031;1;1;0;1;1;0;1;1;1;0;1;1;1;1;1;1;1;1;1;4524896;1269214;334200;5661;1112;25680;59;375;1431;44;22;21;4;119;47;7;1;17;6;8;5;0;46;22;4;0;7;5;27.5;22.25;4.76;154.68;58.35;10.13;1;21.35;8.51;;;1;;;1
BIO;2021;490000155;ICO - SITE PAUL PAPIN;490017258;1;1;0;1;1;0;0;0;0;0;0;0;0;0;1;1;0;0;;87931;6546;6546;3705;484;4841;22;94;2460;;2;2;;10;1;2;;8;2;1;2;;8;3;1;;3;;0.21;3.17;;13.81;2.4;2.82;;8.62;2;;;;;;
BIO;2021;490000635;CH DE CHOLET;490000676;1;1;0;1;1;1;0;1;0;0;1;1;1;1;0;0;0;0;1;1618112;171661;53602;;;;;;;;5;2;1;19;7;;;;;1;;;15;4;;;;;5.18;1.3;1;32.5;9.6;;;;;0;;0;1;;1
BIO;2021;490001765;CH DE SAUMUR;490528452;1;0;0;1;1;1;0;0;0;0;1;1;1;1;0;0;0;0;1;469749;18579;92;;;;;;;;;;;;;;;;;;;;;;;;;;;;;;;;;;;;;;;;
BIO;2021;500000021;CHAG - SITE AVRANCHES;500000054;1;1;0;1;1;1;0;0;0;0;1;1;1;0;0;0;0;0;1;727224;88881;;;;;;;;;;;;21;11;;;;;;6;;18;28;;;;;;4.95;;35.58;19.21;;;;;;0;1;;1;0
BIO;2021;500000187;CHPC - SITE CHERBOURG;500000013;1;1;0;1;1;1;1;1;0;0;1;1;1;1;0;0;0;0;1;1164767;119618;22253;4310;831;6303;20;232;143;24;6;;;37;7;3;;5;3;;;1;5;3;2;1;2;;5.8;;0.5;38.42;10.54;3.71;0.5;6.2;3.18;0;0;1;1;1;0
BIO;2021;500000450;CH MEMORIAL - SAINT-LO;500000112;0;1;1;1;1;1;1;1;0;0;1;0;1;0;0;0;0;0;1;;310258;;;;;;;;;1;3;1;29;8;;;;;2;;;;6;;;;;2.6;3;1;28.2;10.67;;;;;0;0;;1;1;
BIO;2021;500002357;POLYCLINIQUE DU COTENTIN;500002233;1;;;1;1;1;1;;;;1;1;1;1;;;1;1;1;9336;;;5181;;8249;;29;;;;;;;;;;;;;1;;3;2;5;;;;;0.75;;2;1.5;0.2;;;;;0;0;;1;1
BIO;2021;510000169;CENTRE HOSPITALIER DE CHALONS;510000037;1;1;0;1;1;1;0;0;0;0;1;1;0;0;0;0;0;0;1;512804;31584;21475;;;;;;;;1;;;5;;;;;;1;;1;8;7;;;;;1.95;;0.1;11.43;2.01;;;;;;;;;;
BIO;2021;510000235;CENTRE HOSPITALIER D'EPERNAY;510000060;1;1;0;1;1;1;0;0;0;0;1;1;0;0;0;0;0;0;1;;;;;;;;;;;;1;;7;1;;;;;;3;1;5;6;;;;;;1.5;0.67;10.17;4.61;;;;;;0;0;;1;0
BIO;2021;510000516;INSTITUT GODINOT;510000136;0;0;0;0;0;0;0;0;0;0;0;0;0;0;0;0;0;0;0;0;0;0;2439;58;4444;12;34;7940;1512;;;;;;2;;5;4;;;;;;3;1;3;1;;;;;;2.95;0.1;7;4.8;;;;;;
BIO;2021;510002447;HOPITAL ROBERT DEBRE CHU REIMS;510000029;1;1;0;1;1;0;1;1;1;0;1;1;1;1;1;1;1;1;0;3968308;129942;;11957;3221;21073;89;387;522;26;44;4;9;126;45;8;1;17;12;7;1;0;42;13;6;0;4;1;30.5;3.5;5.4;150.77;49.39;7.06;1.37;19.4;12.45;0;0;1;1;1;1
BIO;2021;520000027;CENTRE HOSPITALIER DE CHAUMONT;520780032;1;1;0;1;1;1;1;1;0;0;1;1;1;1;0;0;0;0;1;471958;212257;14890;;;;;;;;;;;8;2;;;;;2;;2;9;1;;;;;1.5;;1.2;15.34;1.8;;;;;0;;0;1;;1
BIO;2021;520000043;CENTRE HOSPITALIER DE LANGRES;520780057;1;1;0;1;1;1;0;0;0;0;1;0;1;1;0;0;0;0;1;223735;106189;50876;;;;;;;;1;;;9;2;;;;;1;;;1;1;;;;;1.9;;;8.99;2.3;;;;;0;;0;1;;1
BIO;2021;520000068;CH GENEVIEVE DE GAULLE ANTHONIOZ;520780073;1;1;0;1;1;1;0;0;0;0;1;1;1;1;0;0;0;0;1;380000;250000;;;;;;;;;4;2;1;21;6;;;;;;;0;5;0;;;;;3.3;2;0.33;24.73;5.58;;;;;;;1;1;1;0
BIO;2021;540001070;CH DE BRIEY - HOPITAL MAILLOT;540000767;1;0;0;1;1;1;0;0;0;0;1;0;1;0;0;0;0;0;1;360666;7768;;;;;;;;;1;;1;9;3;;;;;1;;;6;1;;;;;1.91;;1;13.96;3.8;;;;;0;;1;1;;0
BIO;2021;540001286;INSTITUT DE CANCEROLOGIE DE LORRAINE;540003019;0;0;0;0;0;0;0;0;0;0;0;0;0;0;0;1;0;0;0;931;4201;4193;2924;63;7410;8;134;1251;274;;;;4;;4;;11;1;;3;;;;2;;5;;;1.5;;3.41;;3.95;;10.87;1;;;;;;
BIO;2021;540002698;CHRU NANCY - HOPITAUX DE BRABOIS;540023264;1;1;0;1;1;0;1;1;1;0;1;1;1;1;1;1;0;0;0;4174286;723392;718688;10172;1383;29517;30;542;1315;1;45;9;9;152;74;9;1;23;2;8;2;;84;18;4;;2;1;35.01;4.84;5.03;222.11;70.3;7.57;1;21.77;1.41;0;0;1;1;1;1
BIO;2021;550000012;CH VERDUN/ST MIHIEL-HOP ST NICOLAS;550006795;1;1;0;1;1;1;1;1;0;0;1;1;1;1;0;0;0;0;1;956234;24960;;;;;;;;;1;3;1;21;4;;;;;;;;3;;;;;;1;3.2;1;23.47;4.27;;;;;0;0;1;1;1;
BIO;2021;560000127;CHBA SITE DE VANNES;560023210;1;1;0;1;1;0;1;1;0;0;1;1;1;1;0;0;0;0;1;1365680;386994;337719;11065;844;11443;25;376;3330;3;1;6;1;42;15;3;;6;2;0;0;0;10;5;1;1;3;1;1;5.7;1;48.55;16.88;2.8;0.4;7.69;2.51;0;0;;1;1;
BIO;2021;560000135;GHBS- HÔPITAL DU SCORFF;560005746;1;1;0;1;1;0;0;1;0;0;1;1;1;0;0;0;0;0;1;1499837;107323;106515;;;;;;;;0;1;1;24;7;;;;;4;4;;25;5;;;;;2.54;4.33;1;45.74;14.29;;;;;0;0;;1;1;
BIO;2021;560000143;CHCB- SITE KÉRIO;560014748;1;1;0;1;1;1;0;0;0;0;1;1;1;1;0;0;0;0;1;754952;15255;3537;;;;;;;;4;1;;19;6;;;;;;;;2;5;;;;;3.05;0.9;;19.96;9.21;;;;;;;;;;
BIO;2021;570000059;CH MARIE-MADELEINE DE FORBACH;570025254;1;1;0;1;1;1;1;0;0;0;1;1;1;1;0;0;0;0;0;507331;2569;1797;;;;;;;;2;;;14;1;;;;;;1;;4;3;;;;;2;0.1;;15.63;2.3;;;;;0;0;1;1;0;0
BIO;2021;570000117;CH SAINT-NICOLAS DE SARREBOURG;570015099;1;0;0;1;1;1;0;0;0;0;1;1;1;0;0;0;0;0;1;356659;121170;47913;;;;;;;;1;2;1;14;5;;;;;;;;3;1;;;;;3;2;1;16.6;6.31;;;;;;;1;1;1;
BIO;2021;570000349;HOPITAL BEL AIR DE THIONVILLE - CHR;570005165;1;1;0;1;1;1;1;0;0;0;0;0;0;0;0;0;0;0;1;1436037;70293;6929;1986;363;3766;8;62;1677;1;6;;;33;10;0;;;;1;;;16;2;1;;;;4.73;;;46.26;11.68;0.6;;;;0;;;1;;
BIO;2021;570000901;HOPITAL ROBERT PAX DE SARREGUEMINES;570000158;1;1;0;1;1;1;1;0;0;0;1;1;1;1;0;0;0;0;1;594807;75368;0;;;;;;;;2;1;1;14;6;;;;;;;;4;4;;;;;2;1;0.9;16.84;5.84;;;;;;;1;1;1;0
BIO;2021;570026252;HOPITAL ROBERT SCHUMAN DE VANTOUX -HPM;570023630;1;0;0;1;1;1;0;1;0;0;1;1;1;1;0;0;0;0;1;968406;153990;0;;;;;;;;4;1;1;15;4;;;;;;;;;;;;;;3.75;0.7;1;15;3.55;;;;;0;0;0;1;0;1
BIO;2021;570026682;HOPITAL DE MERCY - CHR METZ THIONVILLE;570005165;1;0;0;1;1;0;0;1;0;0;1;0;1;1;1;1;0;0;1;2229399;436391;273798;7008;1044;18211;13;301;2180;540;9;;;51;10;2;;;;3;;;16;9;1;;;;8.29;;;58.68;16.53;1.91;;;;0;;0;1;;1
BIO;2021;580972685;CH DECIZE;580780096;1;1;0;1;1;0;0;0;0;0;0;0;0;0;0;0;0;0;1;200749;7045;6280;;;;;;;;7;;;;;;;;;;;;;;;;;;1;;;;;;;;;;;;1;;
BIO;2021;580972693;HOPITAL PIERRE BEREGOVOY;580780039;1;1;0;1;1;0;0;1;0;0;1;1;1;1;0;0;0;0;1;772674;197387;120993;;;;;;;;1;4;1;32;6;;;;;;2;0;10;2;;;;;1;5.39;0.25;39.26;6.26;;;;;0;0;;1;1;
BIO;2021;590000121;CH SECLIN;590780227;1;0;0;1;1;1;0;0;0;0;1;1;0;0;0;0;0;0;1;848648;35221;31454;;;;;;;;1;1;1;14;4;;;;;;1;;5;3;;;;;1;1.9;0.59;17.07;5.63;;;;;0;0;;1;1;
BIO;2021;590000188;CLCC OSCAR LAMBRET LILLE;590780334;0;0;0;0;0;0;0;0;0;0;0;0;0;0;1;1;0;0;0;1106;1299;1299;4249;1;11026;0;407;1003;0;1;;2;12;;4;2;17;8;2;;;1;;2;;1;;2.31;;2;11.98;;5.25;1.6;14.38;6.79;0;0;0;0;0;0
BIO;2021;590000337;CH DUNKERQUE;590781415;1;0;0;1;1;1;1;1;0;0;1;1;1;0;0;0;0;0;1;1077628;96268;57552;;;;;;;;1;6;2;30;10;;;;;1;0;;8;2;;;;;1.8;6;1.17;33.34;6.19;;;;;0;0;0;1;1;0
BIO;2021;590000428;CH CAMBRAI;590781605;1;0;0;1;1;1;1;1;0;0;1;1;1;0;0;0;0;0;1;926036;40040;8358;;;;;;;;;4;1;20;3;;;;;1;1;1;5;1;;;;;0.08;4.8;1.17;21.15;4.34;;;;;0;0;1;0;1;0
BIO;2021;590000535;CH SAMBRE AVESNOIS MAUBEUGE;590781803;1;1;0;1;1;1;0;0;0;0;1;1;1;0;0;0;0;0;1;;;;0;;0;;;;;1;;1;12;5;;;;;7;;1;14;;;;;;2.8;;1.05;22.24;4.67;;;;;0;;1;1;;0
BIO;2021;590000618;CH VALENCIENNES;590782215;1;1;0;1;1;1;1;1;1;1;1;1;1;1;1;0;0;0;1;2219569;701882;612260;9948;1506;15749;18;92;8320;389;9;13;2;69;42;12;;14;6;2;2;0;31;13;2;;1;0;8.14;10.48;2;91.08;45.6;6.08;;14.07;6.55;;;;;;
BIO;2021;590000758;CH ARMENTIERES;590782637;1;1;0;1;1;1;1;1;1;0;1;1;1;1;0;0;0;0;0;586952;264612;257796;;;;;;;;1;1;1;21;4;;;;;;5;1;9;;;;;;1;2.74;1.1;28.14;3.47;;;;;0;0;0;1;1;0
BIO;2021;590000774;CH HAZEBROUCK;590782652;1;0;0;1;1;1;0;0;0;0;1;0;1;0;0;0;0;0;;200052;813;590;;;;;;;;;1;;6;;;;;;;;;;;;;;;;1;;6;;;;;;;0;0;;1;0
BIO;2021;590001004;CH DOUAI DECHY;590783239;1;0;0;1;1;1;1;1;0;0;1;1;1;1;0;0;0;0;1;1339162;75224;50939;;;;;;;;4;;1;19;6;;;;;4;;;14;3;;;;;5.39;;1;29.96;8.33;;;;;0;;;1;;
BIO;2021;590780284;GPT HOPITAUX INSTITUT CATHOLIQUE LILLE;590051801;1;1;0;0;1;1;1;1;1;1;1;1;1;1;0;0;0;0;1;2515990;102935;85602;;;;;;;;8;;1;31;8;;;;;;;;12;2;;;;;7.99;;1.01;38.91;9.84;;;;;;;;;;
BIO;2021;590796975;HOP SALENGRO - HOPITAL B CHR LILLE;590780193;1;1;0;1;1;0;1;1;1;0;1;1;1;1;1;1;1;1;1;10825841;3156023;887819;15728;2634;40435;55;1103;9223;62;69;59;;305;212;19;;30;17;10;14;;123;73;6;;8;11;52.71;56.33;;394.18;264.24;15.86;;30.94;24.02;1;1;1;1;1;1
BIO;2021;590797353;HOPITAL SAINT VINCENT - SAINT ANTOINE;590051801;1;1;0;1;1;1;1;1;1;1;1;1;1;1;0;0;0;0;1;748470;;;2396;468;8644;16;;15759;397;1;;1;7;3;3;1;4;1;1;;;;5;5;;3;;1.82;;1.03;6.76;4.53;4.84;0.25;6.63;0.83;;;;;;
BIO;2021;590801106;HOPITAL VICTOR PROVO;590782421;1;0;0;1;1;1;1;1;0;0;1;1;1;1;0;0;0;;1;2083617;169673;86414;2379;24;5401;;82;0;;5;;1;29;6;2;;3;;2;;;11;;;;1;;6.4;;1.36;36.94;6;2;;4.25;;0;;;1;;
BIO;2021;590804696;CENTRE HOPITALIER DE TOURCOING;590781902;1;0;0;1;1;1;1;1;0;0;1;1;1;1;0;0;0;0;1;1098662;94609;79371;;;;;;;;;5;1;20;10;;;;;;1;;9;3;;;;;;5.5;0.84;27.59;11;;;;;;0;1;;1;0
BIO;2021;590813507;POLYCLINIQUE DU VAL DE SAMBRE;590000485;1;1;0;1;1;1;1;0;0;0;1;1;1;1;0;0;0;0;1;121832;90789;;;;;;;;;1;;;6;3;;;;;;;;;;;;;;1;;;6;;;;;;;;;1;;1
BIO;2021;600000012;CTRE HOSPIT ISARIEN - EPSM DE L'OISE;600100028;1;0;0;1;1;0;0;0;0;0;0;1;0;0;0;0;0;0;0;19596;60867;60867;;;;;;;;;;;;;;;;;;;;;;;;;;1.5;;0.14;2.44;0.9;;;;;0;0;0;1;1;0
BIO;2021;600000053;CH GHPSO SENLIS;600101984;1;0;0;1;1;1;0;0;0;0;1;0;0;0;0;0;0;0;1;254252;75537;57430;;;;;;;;;2;;4;2;;;;;;1;1;10;6;;;;;;2.63;0.5;9.06;4.06;;;;;;0;1;;0;1
BIO;2021;600000194;CH BEAUVAIS;600100713;1;1;0;1;1;1;0;0;0;0;1;1;1;1;0;0;0;0;1;1854137;505651;443062;8699;1019;5281;34;114;1932;639;7;0;0;46;7;3;0;2;0;1;0;0;10;2;0;1;3;1;6.4;0;0.07;52.55;8.86;3;0.25;4.45;0.94;0;0;1;1;1;0
BIO;2021;600000467;CH GHPSO CREIL;600101984;1;;0;1;1;0;1;1;0;0;1;1;1;1;0;0;0;0;1;743047;82184;64931;1178;43;5638;;10;7723;43;;1;1;26;6;1;;2;1;;3;;18;12;2;;2;1;;3.34;1;35.01;12.91;2.25;;3.23;1.14;0;0;1;;1;0
BIO;2021;600113476;CH CHICN COMPIÈGNE;600100721;1;1;0;1;1;1;1;1;0;0;1;1;1;1;0;0;0;0;1;234083;;;;;;;;;;4;0;1;35;20;0;0;0;0;2;0;0;13;3;0;0;0;0;5;0;0.48;41.23;19.91;0;0;0;0;;;;;;
BIO;2021;610000051;CHICAM - SITE ALENCON;610780082;1;1;0;1;1;0;0;0;0;0;1;1;1;1;0;0;0;0;1;915433;299196;136317;;;;;;;;2;4;1;17;7;;;;;3;3;;8;4;;;;;3.98;6.1;1;24.16;9.76;;;;;0;0;1;1;1;0
BIO;2021;610000119;CH -JACQUES MONOD- - FLERS;610780165;1;1;0;1;1;1;0;0;0;0;1;1;1;1;0;0;1;1;1;562330;217351;142026;;;;;;;;3;0;0;15;6;0;0;0;0;1;0;0;7;0;0;0;0;0;3.81;0;0;19.99;5.7;0;0;0;0;0;0;1;1;1;0
BIO;2021;620000034;CH ARRAS;620100057;1;1;0;1;1;1;1;1;0;0;1;1;1;1;0;0;0;0;1;1489757;242211;84031;;;;;;;;;6;;39;11;;;;;;3;;7;;;;;;;7.5;;43.96;10.54;;;;;;0;1;;1;0
BIO;2021;620000224;CH BETHUNE;620100651;1;1;0;1;1;1;1;1;0;0;1;1;1;1;0;0;0;0;0;1545692;172520;109760;;;;;;;;;5;1;27;9;;;;;;4;1;9;2;;;;;;6.38;1.2;31.58;9.69;;;;;;0;1;;1;0
BIO;2021;620000257;CH LENS;620100685;1;1;0;1;1;1;1;1;0;0;1;1;1;1;1;0;0;0;1;2222866;289229;249400;5370;139;6712;6;25;;;2;4;1;27;10;1;;5;2;;5;1;17;3;;1;1;;2;7.28;1.8;39.22;9.99;1.73;0.66;6.01;2;0;0;1;1;1;0
BIO;2021;620000323;CH CALAIS;620101337;1;1;0;1;1;1;0;0;0;0;1;1;1;1;0;0;0;1;1;807085;42211;19626;;;;;;;;;4;;20;4;;;;;;2;;6;4;;;;;;4.65;;24.37;6.51;;;;;;;;;;
BIO;2021;620000349;CH REGION DE ST OMER;620101360;1;1;0;1;1;1;0;0;0;0;1;1;1;1;0;0;0;0;1;909450;8173;4414;;;;;;;;;2;1;18;4;;;;;;2;1;9;0;;;;;;3.04;0.95;23.03;4;;;;;;0;1;;1;0
BIO;2021;620000653;CH BOULOGNE-SUR-MER;620103440;1;1;0;1;1;1;0;1;0;0;1;1;1;1;0;0;0;0;1;1720128;53221;3872;;;;;;;;5;;1;26;10;;;;;2;;;8;3;;;;;5.8;;1;31.73;11.16;;;;;;;;;;
BIO;2021;620003202;CH ARRONDISSEMENT DE MONTREUIL;620103432;1;1;0;1;0;0;0;0;1;;1;1;1;;;;;;1;696575;171218;93295;0;0;0;;;;;3;;;12;3;;;;;;;1;7;;;;;;3.21;;0.8;16.68;3;;;;;;;;1;;
BIO;2021;630000016;CH DU MONT DORE;630180032;1;0;0;1;1;0;0;0;0;0;0;0;0;0;0;0;0;0;0;950;0;0;0;0;0;0;0;0;0;0;;;;;;;;;1;;;2;;;;;;0.4;;;0.8;;;;;;0;0;0;0;0;0
BIO;2021;630000404;HOPITAL GABRIEL MONTPIED - CHU63;630780989;1;1;0;1;1;0;1;1;1;0;1;1;1;1;1;1;1;1;1;4365698;795105;786159;11381;1669;21415;49;532;3546;14;47;2;2;143;90;6;1;16;6;13;1;1;53;29;3;;6;1;38.98;1.38;4.18;188.7;108.69;7.47;0.62;20.34;6.14;;;0;1;;
BIO;2021;630000479;CENTRE LUTTE CONTRE LE CANCER J.PERRIN;630781110;0;0;0;0;0;0;0;0;0;0;0;0;0;0;1;1;0;0;0;2858;2920;13;7423;28;10571;7;360;731;;2;;2;9;8;5;3;14;5;2;;2;4;1;1;0;2;0;3;;3.4;11.7;7.3;5.5;3;14.3;4.9;0;0;0;0;0;0
BIO;2021;640000162;CH DE LA COTE BASQUE - BAYONNE;640780417;1;1;1;0;1;1;0;1;1;0;1;1;1;1;1;0;0;0;1;1865124;123519;122949;;8;;2;;;;5;1;;46;11;;;;;4;;1;6;2;;;;;6.76;1.44;0.8;45.23;11.66;;;;;0;0;0;1;1;0
BIO;2021;640000410;CENTRE HOSPITALIER OLORON;640780821;1;1;0;1;1;1;0;0;0;0;1;1;1;0;0;0;0;0;1;157263;5516;0;;;;;;;;;2;;4;;;;;;2;;;;;;;;;0.9;1;;4.16;0.08;;;;;0;0;0;1;1;0
BIO;2021;640000600;CENTRE HOSPITALIER DE PAU;640781290;1;1;0;1;1;0;0;1;0;0;1;1;1;1;0;0;0;0;1;1734557;91158;67620;3176;2;8522;1;94;3573;0;6;;1;40;17;3;;4;5;3;1;;12;3;;;;;8.43;0.17;1.63;48.65;16.08;3;0.21;4.07;2.47;;;;;;
BIO;2021;650000417;CH BIGORRE SITE GESPE TARBES;650783160;1;1;0;1;1;1;1;1;0;0;1;1;1;1;0;0;0;0;0;967285;29607;917;6335;2017;6549;16;79;7950;2275;1;6;1;28;6;3;1;4;2;1;;0;3;1;;0;0;0;1.3;5.8;0.83;28.65;6.71;3;0.2;4;2.13;0;0;1;1;1;0
BIO;2021;660000084;CH PERPIGNAN;660780180;1;1;0;1;1;0;1;1;0;0;1;1;1;1;0;0;0;0;1;2946937;24349;6465;8811;2055;13732;71;664;66;24;4;1;;29;8;5;;7;2;4;;;20;5;1;;;2;6.17;1;0.25;44.57;9.57;4.2;;7;2.5;;;;;;
BIO;2021;660000092;CHS LEON JEAN GREGORY;660780198;1;1;0;0;0;0;0;0;0;0;0;0;1;0;0;0;0;0;0;66493;655;655;;;;;;;;;1;;3;;;;;;1;1;1;1;1;;;;;0.17;1.17;0.2;3.8;0.2;;;;;0;0;0;0;0;0
BIO;2021;670000025;HOPITAL CIVIL / NOUVEL HOPITAL CIVIL;670780055;1;1;1;1;1;0;1;1;1;0;1;1;1;1;0;0;0;0;1;3428526;146371;146371;3272;;1249;;26;4694;;13;21;3;116;19;;;;1;2;7;3;119;22;7;;7;2;8.57;14.04;4.13;177.65;30.45;1.56;;2.76;2.44;0;0;1;1;1;1
BIO;2021;670000157;CENTRE HOSPITALIER DE HAGUENAU;670780337;1;0;0;1;1;1;0;0;0;0;1;1;1;1;0;0;0;0;1;896101;108698;86219;;;;;;;;0;3;1;26;9;;;;;1;0;0;6;4;;;;;0.21;3;0.75;31.42;10.57;;;;;0;0;1;1;1;0
BIO;2021;670000165;CH SAINTE-CATHERINE DE SAVERNE;670780345;1;;;;;;;;;;1;1;1;1;0;0;0;0;1;570160;189814;3841;;;;;;;;;;;6;;;;;;4;;1;16;9;0;;;0;3.1;;0.75;17.39;5.27;0;;;0;;;;;;
BIO;2021;670000272;CH INTERCOMMUNAL DE LA LAUTER;670780543;1;0;0;1;1;1;0;0;0;0;1;1;1;1;0;0;0;0;1;184256;6518;0;;;;;;;;;;1;8;1;;;;;2;;;2;;;;;;1.7;;0.69;8.8;0.89;;;;;0;;1;1;;0
BIO;2021;670000397;CENTRE HOSPITALIER DE SELESTAT;670017755;1;1;;1;1;1;;;;;1;1;1;1;;;;;1;578477;12867;5532;;;;;;;;;3;;;;;;;;;;;;;;;;;;3;;;;;;;;;0;;;1;
BIO;2021;670783273;HOPITAL DE HAUTEPIERRE;670780055;1;1;0;1;1;0;0;0;0;0;0;0;0;0;1;1;0;0;1;2144289;11227;11227;20546;4017;33103;73;1293;7082;763;6;12;;38;28;14;1;20;5;3;1;2;68;31;2;;13;4;7.35;9.9;1.59;77.14;50.64;9.78;1;29.28;7.25;0;0;1;1;1;0
BIO;2021;680000494;CLINIQUE DIACONAT ROOSEVELT;680000643;1;0;0;1;1;1;0;0;0;0;1;0;1;0;0;0;1;1;1;1057570;507396;;;;;;;;;3;3;4;29;30;;;;;;;;;;;;;;3;3;4;30.67;21.88;;;;;1;1;1;1;1;0
BIO;2021;680000684;HOPITAL LOUIS PASTEUR;680000973;1;1;0;1;1;0;0;1;1;0;1;1;1;1;0;0;0;0;1;2661142;177287;105214;9281;1833;15323;12;140;5676;649;1;11;4;54;18;;;12;3;1;2;;29;10;;;1;;1.8;12.72;4.83;76.24;23.29;;0.51;11.29;3;0;0;1;1;1;0
BIO;2021;680004546;HOPITAL EMILE MULLER;680020336;1;1;0;1;1;0;1;1;1;0;1;1;1;1;1;1;1;1;1;2258614;220989;154498;15630;7007;13981;27;259;240;128;4;7;4;75;38;3;;15;7;;5;2;1;10;1;1;;2;4;10.6;2.87;74.03;43.28;3.2;0.42;12.8;5.99;0;0;1;1;1;
BIO;2021;690000575;CH NORD OUEST - VILLEFRANCHE;690782222;1;0;0;1;1;1;0;1;0;0;1;1;1;1;0;0;0;0;1;802555;98020;93045;;;;;;;;3;1;1;28;7;;;;;3;1;;10;3;;;;;4.28;2;1;32.9;9.04;;;;;0;0;1;1;1;0
BIO;2021;690000880;CENTRE LEON BERARD;690783220;0;0;0;0;0;0;0;0;0;0;0;0;0;0;1;1;0;0;0;;;;8998;646;17807;27;224;9267;;;;;;;13;2;23;13;;;;;;13;0;6;4;;;;;;17.75;2.52;24.54;12.81;0;0;0;0;0;0
BIO;2021;690007539;HOPITAL FEMME MERE ENFANT - HCL;690781810;1;0;0;1;1;0;0;0;0;1;0;0;0;1;1;0;1;1;1;5311036;1138950;1138950;13003;750;41655;78;1043;3080;13;35;;6;152;75;3;1;29;8;14;;;40;11;12;;8;5;37.14;;6.19;179.7;75.1;9.32;1;36.11;11.99;0;;1;1;;0
BIO;2021;690783154;HOPITAL EDOUARD HERRIOT - HCL;690781810;1;0;0;0;0;;0;0;1;0;0;0;0;1;0;0;0;0;1;202799;12699;12699;;;;;;;;3;;;15;4;;;;;1;;;1;2;;;;;3.6;;0.5;14.28;9.54;;;;;0;0;1;1;1;0
BIO;2021;690784137;HOPITAL LYON SUD - HCL;690781810;1;1;0;1;1;0;1;1;1;0;1;0;0;0;1;1;0;0;1;3710403;362230;362230;9933;521;45813;620;395;11782;207;24;;;101;24;5;;23;4;7;;;43;5;13;;10;;25.75;;;135.45;28.73;9.38;;31.14;3.49;0;;1;1;;0
BIO;2021;690784152;HOPITAL CROIX-ROUSSE - HCL;690781810;1;1;0;1;1;0;0;0;0;1;1;1;1;1;0;0;0;0;1;3341282;258130;258130;;;2;;153;;;19;;2;137;53;;;;;27;;;37;8;1;;;;34.76;;3.96;174.7;59.1;0.86;0.1;;;0;;1;1;;0
BIO;2021;690805361;CH ST JOSEPH ST LUC;690805353;1;0;0;1;1;1;0;1;0;0;1;1;1;1;0;0;0;0;1;1337457;333062;316812;;;;;;;;;1;;10;3;;;;;;5;;21;9;;;;;;3.12;;24.48;8.11;;;;;0;0;1;0;1;0
BIO;2021;690807367;POLYCLINIQUE DU BEAUJOLAIS;690003447;1;;;1;1;1;;;;;1;;1;1;;;;;1;111489;;;;;;;;;;1;;;3;4;;;;;;1;;;;;;;;1;0.5;;3;4;;;;;;;;1;1;1
BIO;2021;700000011;GH HAUTE SAONE SITE GRAY;700004591;;;;;;;;;;;;;;;;;;;;;;;;;;;;;;1;;;3;1;;;3;;2;;;;;;;;1;1.2;;;3;1;;;3;1;;;;;;
BIO;2021;700000029;GH HAUTE SAONE SITE VESOUL;700004591;1;1;0;1;1;1;1;1;0;0;1;1;1;1;0;0;0;0;1;;;;;;;;;;;3;;1;9;7;0;;;;0;;;17;3;0;;;;2.8;;0.79;22.11;7.12;0;;;;;;;;;
BIO;2021;710978263;CH WILLIAM MOREY CHALON SUR SAONE;710780958;1;0;0;1;1;0;0;1;1;0;1;1;1;1;0;0;0;0;1;1066809;67625;42271;;;;;;;;3;2;;24;8;;;;;3;1;;11;3;;;;;2.6;2.9;;33.94;9.41;;;;;0;;;1;;
BIO;2021;710978289;CH LES CHANAUX MACON;710780263;1;1;0;1;1;1;0;0;0;0;1;1;1;1;0;0;0;0;1;798504;216913;31956;;;;;;;;4;;1;17;1;;;;;2;;0;10;2;;;;;5.63;;0.9;23.84;2.5;;;;;0;0;0;1;0;0
BIO;2021;710978313;CENTRE HOSPITALIER JEAN BOUVERI;710976705;1;1;0;1;1;1;0;0;0;0;1;0;1;1;0;0;0;0;1;446375;79698;38578;0;0;0;0;0;0;0;1;0;;6;3;0;0;0;0;2;0;2;11;3;0;0;0;0;2.4;0;1;13.17;4.79;0;0;0;0;1;1;1;0;0;0
BIO;2021;720000033;CENTRE HOSPITALIER DU MANS;720000025;1;1;0;1;1;0;1;1;0;0;1;1;1;1;0;1;0;0;1;2139430;485964;358109;10221;;11062;;256;191;;5;6;1;28;15;0;;3;3;4;1;2;47;7;6;;5;3;7.99;6.8;0.92;49.83;20.02;5.34;0.46;7.1;6.69;0;0;1;1;1;0
BIO;2021;720016179;POLE SANTE SARTHE ET LOIR;720016724;1;1;0;1;1;1;0;0;0;0;1;1;1;1;0;0;0;0;1;269904;24558;6667;;;;;;;;1;;;;;;;10;4;2;;;;;;1;4;1;2.3;;;;;;0.5;12.9;4.5;;;;;;
BIO;2021;730000031;CHMS CHAMBERY NH;730000015;1;1;0;1;1;0;0;1;1;0;1;1;1;1;1;1;0;0;1;1397991;188245;39813;14817;898;18258;9;322;4046;358;;7;2;37;15;7;;8;3;;5;;27;14;2;1;1;5;;10.18;1.83;60.14;21.99;7.92;0.37;8.97;6.07;;;;;;
BIO;2021;730000098;CHMS AIX GRAND PORT;730000015;1;0;0;1;1;0;0;0;0;0;0;1;0;0;0;0;0;0;1;195482;14832;0;;;;;;;;;1;;4;1;;;;;;;;7;1;;;;;;1.31;;8.11;1.9;;;;;;;;;;
BIO;2021;740000237;CH ANNECY-GENEVOIS SITE ANNECY;740781133;1;1;0;1;1;0;0;1;0;0;1;1;1;1;0;1;1;0;1;1180882;122638;21444;;;;;;;;0;;;;;;;;;;;;;;;;;;;;;;;;;;;0;0;1;1;1;0
BIO;2021;740000302;CH ANNECY-GENEVOIS SITE ST JULIEN EN G;740781133;1;0;0;1;1;0;0;0;0;0;0;0;0;0;0;0;0;0;1;178029;9551;0;;;;;;;;;;;;;;;;;;;;;;;;;;;;;;;;;;;;;;;;
BIO;2021;740781224;HOPITAUX DU MONT BLANC SITE SALLANCHES;740001839;1;1;0;1;1;1;0;0;0;0;1;0;1;1;0;0;0;0;1;658002;74979;26707;;;;;;;;;;1;14;1;;;;;3;;;4;3;;;;;2.6;;1;16.36;3.16;;;;;0;;;1;;
BIO;2021;750000481;CHNO DES QUINZE VINGTS PARIS;750110025;1;0;0;1;1;0;1;0;0;0;1;1;1;1;0;0;0;0;1;101969;12382;3696;519;;2011;;28;2;;2;1;;6;5;0;0;0;0;1;;1;5;3;1;1;4;2;2.48;1.3;0.9;10.17;7.14;0.38;0.1;1.49;0.7;;;;;;
BIO;2021;750000499;CH SAINTE ANNE;750062036;1;1;0;1;1;1;0;0;0;0;1;1;1;0;0;0;0;0;1;740827;32397;20265;50;;1950;;;2418;;4;1;1;22;4;;1;4;4;0;1;0;0;1;;0;0;0;4;1.5;1;22;5;;1;4;4;0;0;1;1;1;0
BIO;2021;750000523;GH PARIS SITE SAINT JOSEPH;750150120;1;1;0;1;1;1;1;1;0;0;1;1;1;1;1;1;0;0;1;2693259;912377;782266;3472;0;21783;0;210;5840;0;15;1;3;31;27;5;0;8;4;7;4;1;8;3;5;0;0;1;17.4;4.1;3.8;36.65;28.68;7.67;0;8;4.8;;;;;;
BIO;2021;750000549;HOPITAL FONDATION A DE ROTHSCHILD;750150229;1;1;0;1;1;1;0;0;0;0;1;1;1;0;0;0;0;0;0;157506;0;;0;;0;;;;;1;;;;;;;;;;;;;;;;;;1;;;;;;;;;;;;;;
BIO;2021;750100042;HU SAINT LOUIS SITE LARIBOISIERE APHP;750712184;1;1;1;1;1;1;1;1;0;1;1;1;1;0;0;0;0;0;1;2410932;655059;119839;6248;1571;8652;31;276;2650;520;0;11;7;67;27;4;1;10;6;9;12;0;11;4;3;0;3;2;11;16;7;78;31;6.5;2;12.8;8.8;;;;;;
BIO;2021;750100075;HU SAINT LOUIS SITE SAINT LOUIS APHP;750712184;1;1;1;1;1;1;1;1;1;1;1;1;1;1;1;1;0;0;1;3236824;1294002;551122;14958;326;18298;6;480;801;0;0;24;1;76;74;6;1;19;11;19;19;0;5;7;2;0;3;0;23;68;1;1;81;5;2;20.7;11.7;1;1;1;0;0;0
BIO;2021;750100091;HU EST PARISIEN SITE ST ANTOINE APHP;750712184;1;;;1;1;1;;;;;1;1;1;1;;;;;1;3115260;212112;75106;1192;6;13751;2;158;8801;;;;8;174;48;7;;9;5;;;;;;3;2;3;1;82;;8;174;48;7.2;1.05;10.9;5.8;1;;1;;;
BIO;2021;750100109;HU EST PARISIEN SITE TROUSSEAU APHP;750712184;1;;;;;;1;;;;;;;1;1;;;;;1143620;35451;32495;1328;356;3495;3;102;1252;655;31;;2;73;29;4;;4;4;;;;;;2;2;;1;31;;2;72.9;28.3;3.2;0.45;4;3.8;1;;1;;;
BIO;2021;750100125;HU PITIE SALPETRIERE APHP;750712184;1;1;;1;1;;;1;;;1;1;1;1;1;1;;;0;6539497;82403;;9850;8;26915;1;6436;563;;133;;17;257;145;8;1;15;6;;;;;;9;1;6;;133;;17;257.4;145;10.3;1.25;20.4;6;1;;1;;;
BIO;2021;750100166;HU PARIS CENTRE SITE COCHIN APHP;750712184;1;1;0;1;1;1;1;1;0;1;1;1;1;1;1;1;1;1;1;3934313;265795;265795;15098;1950;22912;684;450;3286;643;19;51;11;188;90;16;1;21;9;21;37;0;53;23;10;0;4;2;20.7;56.44;8.75;220.72;91.84;21.9;1;24.49;10.71;1;1;1;0;0;0
BIO;2021;750100208;HU NECKER ENFANTS MALADES APHP;750712184;1;1;1;1;1;1;1;1;1;1;1;1;1;1;1;1;1;0;0;3172737;86685;86685;840;0;12537;0;42;3271;0;34;25;7;131;46;10;1;11;3;16;20;2;34;9;3;0;2;1;27.36;27.46;7.83;164;54.11;10.9;1;11.71;3.86;0;0;1;1;1;1
BIO;2021;750100232;HU PARIS NORD SITE BICHAT APHP;750712184;1;1;0;1;1;1;1;1;0;1;1;1;1;1;1;1;1;1;1;3974015;1160264;372627;4751;665;17852;30;309;7453;592;0;28;12;163;75;6;1;16;8;24;17;0;22;;14;1;4;0;11;45;12;184;75;6.32;1.25;19.5;8;1;1;1;0;0;0
BIO;2021;750100273;HU EST PARISIEN SITE TENON APHP;750712184;1;;;1;;;;;;;;;1;1;;;1;1;;2047406;7118;5383;6627;;15509;;290;936;;43;;5;71;27;7;1;13;6;;;;;;3;1;;2;43;;4.5;70.93;26.5;8.4;1.25;14.4;7.4;;;;;;
BIO;2021;750150104;INSTITUT MUTUALISTE MONTSOURIS;750720476;1;1;0;1;1;1;0;0;0;0;1;1;1;1;0;0;0;1;1;782871;572950;487790;2306;0;13633;3;500;3;;4;4;4;39;4;4;1;4;2;;;;4;3;4;;1;;4.91;4.91;4;40.57;5.5;5.86;1;4.88;2.1;;;0;1;1;
BIO;2021;750160012;CLCC INSTITUT CURIE;750813321;0;0;0;0;0;1;0;0;1;0;0;0;0;0;;1;1;0;0;20468;2844;0;11030;;12088;;265;1211;;18;3;5;46;39;10;2;17;6;1;;;2;1;2;;5;;21;3;4.29;48;36.99;11;2;23;6;0;0;0;0;0;0
BIO;2021;750803447;HU PARIS OUEST SITE G POMPIDOU APHP;750712184;1;1;0;1;1;1;0;1;0;0;1;1;1;1;1;1;0;0;0;2728305;79530;79530;5242;579;20375;281;529;151;0;16;27;5;83;36;11;1;9;5;6;8;2;16;6;6;0;7;1;11.9;21.1;5.45;95.4;40.2;12.8;1;15.12;5.86;1;1;1;1;1;1
BIO;2021;750803454;HU ROBERT DEBRE APHP;750712184;1;1;1;1;1;1;1;1;1;1;1;1;1;1;1;1;;;1;1283284;;;1868;1595;5062;6;35;854;;0;32;8;111;53;3;;6;;11;8;0;13;3;1;1;1;1;11;39.8;8;124;56;3.6;0.5;7;0.5;;;;;;
BIO;2021;760000018;CH DIEPPE;760780023;1;0;0;1;1;0;0;0;0;0;1;1;1;0;0;0;0;0;1;163484;2289;227;;;;;;;;;3;1;16;7;;;;;2;1;;6;5;;;;;1.2;3.8;1;21.82;10.51;;;;;0;0;1;1;1;0
BIO;2021;760000141;HOPITAL SAINT JULIEN CHU ROUEN;760780239;1;0;0;1;1;0;0;0;0;0;0;0;0;0;0;0;0;0;0;228561;117411;117411;;;;;;;;2;;;;;;;;;;;;;;;;;;0.1;;;;;;;;;0;;;0;;
BIO;2021;760000158;HOPITAL CHARLES NICOLLE CHU ROUEN;760780239;1;1;0;1;1;0;1;1;1;1;1;1;1;1;1;1;1;1;1;6059873;241467;241467;10853;1085;22309;393;428;13481;129;22;33;8;132;85;10;;18;12;4;13;;54;15;6;;4;1;18.95;33.55;6.37;172.32;78.21;11.6;;21.28;11.34;0;;;1;1;
BIO;2021;760000166;CRLCC HENRI BECQUEREL ROUEN;760780247;1;1;0;1;1;0;0;1;0;0;1;1;1;0;0;1;0;0;1;736018;11471;;3651;311;6395;1;785;2299;0;2;3;1;19;3;4;0;6;2;0;4;1;8;5;1;2;4;2;2;4.8;1.6;24.4;6.07;4.1;1.2;7.9;3.35;0;0;0;0;0;0
BIO;2021;760000463;CH LES FEUGRAIS CHI ELBEUF;760024042;1;1;0;1;1;1;0;1;1;0;1;1;1;1;0;0;0;0;1;1190655;100211;48673;;;;;;;;;4;;24;7;;;;;;2;;8;3;;;;;;5.5;;27.68;7.27;;;;;;0;;;1;
BIO;2021;760805770;HOPITAL JACQUES MONOD CH LE HAVRE;760780726;1;1;0;1;1;0;1;1;1;0;1;1;1;1;0;0;1;1;1;1840255;207706;111239;6873;2015;8457;75;234;1368;582;12;;3;46;15;1;;5;5;4;;0;24;10;4;;1;2;14.72;;3;61.79;17.55;2.79;;4.67;4.9;;;;;;
BIO;2021;770000131;CH DE COULOMMIERS;770021145;1;1;0;1;1;1;0;0;0;0;1;1;0;1;0;0;0;0;1;453188;32299;15465;;;;;;;;1;;;17;7;;;;;3;1;;;1;;;;;2.01;0.8;;18.33;8.4;;;;;0;0;;1;1;
BIO;2021;770000149;CH SUD SEINE ET MARNE FONTAINEBLEAU;770021152;1;1;0;1;1;1;0;0;0;0;1;1;1;1;0;0;0;0;1;92102;15261;;;;;;;;;;;1;20;4;;;;;;;;7;2;;;;;;;0.5;24.49;5.31;;;;;;;;;;
BIO;2021;770000156;CH DE MELUN SITE SANTEPOLE;770110054;1;1;0;1;1;0;1;1;0;0;1;1;1;1;0;1;0;0;1;1532145;86995;38087;;;;;;;;5;;;29;7;;;;;1;;;4;4;;;;;5.42;;;33;11;;;;;0;0;1;1;;0
BIO;2021;770000164;CH SUD SEINE ET MARNE SITE MONTEREAU;770021152;1;1;0;1;1;1;0;0;0;0;1;1;1;0;0;0;0;0;1;57948;8781;1955;;;;;;;;4;;;15;4;;;;;;;;;;;;;;3.8;;;14.88;4.77;;;;;;;;;;
BIO;2021;770000172;CH DE PROVINS LEON BINET;770110070;1;1;0;1;1;1;0;0;0;0;1;1;1;1;0;0;0;0;1;421680;222843;7455;;;;;;;;2;;;12;5;;;;;1;;;2;;;;;;3;;;13.72;4.92;;;;;;;;;;
BIO;2021;770000214;CH SUD SEINE ET MARNE SITE DE NEMOURS;770021152;1;1;0;1;1;1;0;0;0;0;1;1;1;1;0;0;0;0;;40649;2439;;;;;;;;;;;;6;2;;;;;;;;;;;;;;;;0.22;6.55;2.36;;;;;;;;;;
BIO;2021;770000446;CH DE MEAUX SITE SAINT FARON;770021145;1;1;0;1;1;0;0;0;0;0;1;1;0;1;1;1;0;0;1;1221625;12131;1234;;;;;;;;2;2;1;21;11;;;;;5;;;1;;;;;;2.55;2.67;0.75;21.8;8.93;;;;;0;0;;1;1;
BIO;2021;770019032;GHEF MARNE LA VALLEE SITE JOSSIGNY;770021145;1;1;0;1;1;1;1;1;0;0;1;1;1;1;1;1;0;0;1;1105448;281875;279156;14500;1585;37250;;330;2360;;3;2;1;46;11;5;;7;1;8;2;;5;1;2;;1;1;7.64;2.8;1.25;49.78;11.36;4.86;;8.8;2.3;0;0;1;1;1;0
BIO;2021;780000287;CH FRANCOIS QUESNAY MANTES;780110011;1;1;0;1;1;1;0;1;0;0;1;1;1;1;0;0;0;0;1;1639071;137650;10362;4230;1388;6379;53;146;1555;1235;4;3;3;29;7;1;0;3;4;;;;2;;;;;;3.5;2.95;1.63;27.52;5.15;1.7;;3;2.49;;;;;;
BIO;2021;780000295;CHI DE MEULAN LES MUREAUX;780002697;1;1;0;1;1;1;0;0;0;0;1;1;1;1;0;0;0;0;1;451312;39357;0;1338;;1925;;14;0;0;3;;1;14;3;;;2;1;;;;;;;;;;3;;0.8;13.65;3;;0.2;2;1;;;;;;
BIO;2021;780000311;CHI POISSY ST GERMAIN SITE DE POISSY;780001236;1;0;0;1;1;0;0;1;0;0;1;1;1;1;1;1;1;1;;1810646;318688;232104;5698;702;7300;5;114;899;15;10;;2;54;16;5;2;17;5;4;;1;16;13;3;0;3;1;11.7;;2.2;66.83;24.59;6.92;0.6;22.7;13.43;0;;;1;;
BIO;2021;780000329;CH DE RAMBOUILLET;780110052;1;1;0;1;1;1;1;0;0;0;1;1;1;1;0;0;0;0;1;699720;206920;119229;;;;;;;;0;1;1;17;6;;;;;0;4;0;6;3;;;;;0;3.86;1;21.28;7.09;;;;;0;0;1;0;1;0
BIO;2021;780800256;CH DE VERSAILLES SITE ANDRE MIGNOT;780110078;1;1;0;1;1;0;1;1;1;0;1;1;1;1;1;1;0;0;1;1683967;132600;110713;3279;1375;9995;86;85;5183;4;6;9;1;52;20;3;;6;2;4;10;2;23;2;2;1;1;2;7.09;13.4;2.02;68.28;21.12;4.3;0.65;6.43;3.61;;;;;;
BIO;2021;790000087;CENTRE HOSPITALIER DE NIORT;790000012;1;1;0;1;1;1;0;1;0;0;1;1;1;1;0;0;0;0;1;1247266;81656;18339;7793;671;10849;10;329;1297;57;1;6;1;36;11;1;;6;2;0;0;;5;3;4;1;1;1;0.97;4.84;1.34;42.91;14.71;2.17;0.17;6.71;2.6;0;0;1;1;1;0
BIO;2021;790019848;SITE HOSPITALIER FAYE L'ABBESSE;790006654;1;1;0;1;1;1;0;0;0;0;1;1;1;1;0;0;0;0;1;357978;20019;11034;;;;;;;;2;1;1;10;3;;;;;1;;;7;1;;;;;2.5;1;1;15.4;3.2;;;;;;;1;1;1;
BIO;2021;800000143;CH ABBEVILLE;800000028;1;0;0;1;1;1;0;0;0;0;1;1;1;0;0;0;0;0;1;;;;;;;;;;;;2;1;23;2;;;;;;2;;1;3;;;;;;3.81;1;22.3;3.65;;;;;;0;0;;1;0
BIO;2021;800000192;CHU AMIENS NORD;800000044;;;;;;;;;;;;;;;;;;;;;;;12072;1325;24423;38;530;2173;265;;;;;;3;1;11;6;;;;;;4;;7;5;;;;;;4.36;1;14.87;7.57;;;;;;
BIO;2021;800000226;CH DOULLENS;800000069;1;1;0;0;1;1;0;0;0;0;1;0;1;0;0;0;0;0;1;288633;53916;0;;;;;;;;;;;5;;;;;;3;;1;2;;;;;;1.22;;0.09;6.55;;;;;;;;;;;
BIO;2021;800000390;CH CHIMR MONTDIDIER;800000085;1;0;0;1;1;1;0;0;0;0;1;0;1;1;0;0;0;0;1;192351;132368;94017;0;;0;;;;;;;1;6;5;;;;;;;0;1;1;;;;;;;1;6.8;4.95;;;;;;;;;;
BIO;2021;800000432;CH PÉRONNE;800000093;1;1;0;1;1;1;0;0;0;0;1;1;1;0;0;0;0;0;0;145815;5635;12;;;;;;;;1;;;6;1;;;;;1;;;0;1;;;;;1.6;;;6;1.6;;;;;0;0;0;1;0;1
BIO;2021;800006124;CHU AMIENS SUD;800000044;1;1;1;1;1;1;1;1;1;1;1;1;1;1;1;1;1;1;1;4797749;176667;126302;;;;;;;;13;25;3;114;62;;;;;7;6;3;42;65;;;;;13.8;25.13;3.48;144.56;70.74;;;;;1;1;1;1;1;1
BIO;2021;810000505;CH ALBI;810000331;1;1;0;1;1;0;0;0;0;0;1;1;1;1;0;0;0;0;1;542624;132975;58768;;;;;;;;1;3;1;17;6;;;;;;;1;5;;;;;;1;3;0.1;21.11;5.3;;;;;0;0;;1;1;
BIO;2021;810000521;CHIC CASTRES MAZAMET SITE AUTAN;810000380;1;1;0;1;1;0;0;1;0;0;1;1;1;1;0;0;0;0;1;644478;73356;21684;4572;4;661;0;0;;0;1;3;1;15;5;;;;;1;0;;6;6;;;;;1.5;3;0.9;19.54;7.95;;;;;;;1;;;0
BIO;2021;820000032;CH MONTAUBAN;820000016;1;0;0;1;1;0;0;0;0;0;1;1;1;1;0;0;0;0;1;679121;89582;47306;688;0;2662;0;4;638;0;;4;1;11;9;;;;2;;;;11;0;1;;2;0;;4;0.1;20;7.28;0.6;;1.11;0.98;;0;1;;1;0
BIO;2021;830000279;CH JEAN MARCEL DE BRIGNOLES;830100517;1;1;0;1;1;1;0;0;0;0;1;1;1;1;0;0;0;0;;542381;149701;;;;;;;;;;1;1;10;1;;;;;3;1;0;9;3;;;;;0.65;1.3;0.5;15.61;1.78;;;;;0;0;1;1;1;
BIO;2021;830000287;CH LA DRACENIE DE DRAGUIGNAN;830100525;1;1;0;1;1;1;0;0;0;0;1;1;1;1;0;0;0;0;1;714099;19391;526;0;;0;;;;;1;3;1;18;3;;;;;;3;1;1;3;;;;;1;3.55;1.6;18.3;4.05;;;;;0;0;;1;1;
BIO;2021;830000303;HOPITAL LEON BERARD;830100541;1;0;0;1;1;0;0;0;0;0;1;0;0;0;0;0;0;0;0;125108;14681;14681;;;;;;;;;1;1;3;1;;;;;;1;0;4;1;;;;;;1.48;1.05;4.88;1.45;;;;;0;0;0;0;0;0
BIO;2021;830000311;CHI DE FREJUS SAINT RAPHAEL;830100566;1;0;0;0;1;1;0;0;0;0;1;1;1;1;0;0;0;0;1;709524;7752;131;;;;;;;;2;1;1;23;7;;;;;1;;;3;2;;;;1;3.02;1.75;0.51;22.4;7.72;;;;0.3;0;0;;1;1;
BIO;2021;830000345;CHITS CH SAINTE MUSSE;830100616;1;1;0;1;1;0;1;1;0;1;1;1;1;1;1;1;1;0;0;2416624;787222;512584;5645;2754;15358;18;296;10820;;;;1;43;7;;;8;2;;;3;35;11;;2;4;8;;;2.8;64.35;12.69;;0.55;9.87;4.62;;;0;;;0
BIO;2021;830100574;HIA SAINTE ANNE;750821092;1;1;0;1;1;1;0;0;0;0;1;1;1;1;0;0;0;0;1;1715614;91779;2344;;;;;;;;5;4;2;40;2;;;;;;;;6;1;;;;;3.5;4;2;44.2;3.8;;;;;0;0;1;1;1;0
BIO;2021;840000483;CH LOUIS GIORGI D'ORANGE;840000087;1;0;0;1;1;1;0;0;0;0;1;1;1;0;0;0;0;0;1;451466;2096;1230;;;;;;;;2;;1;13;3;;;;;1;;1;2;2;;;;;2.6;;1.11;12.63;3.87;;;;;0;;0;1;;1
BIO;2021;840001861;CH D'AVIGNON HENRI DUFFAUT;840006597;;;;;;;;;;;;;;;;;;;;;;;4271;574;13174;22;484;4663;160;;;;;;5;1;7;8;;;;;;2;;1;1;;;;;;5.36;1;7.6;8.68;;;;;;
BIO;2021;850000142;CHD SITE LA ROCHE SUR YON;850000019;1;1;0;1;1;0;0;1;0;0;1;1;1;0;0;0;0;0;1;1355139;70792;42929;12156;645;15924;16;298;6474;2197;;;1;30;9;5;;9;5;1;2;;22;19;4;;4;7;0.02;1;1;44.24;21.83;6.51;;10.29;6.68;;;;;;
BIO;2021;850000175;CH LVO - SITE DE CHALLANS;850009010;1;1;0;1;1;1;0;0;0;0;1;0;0;1;0;0;0;0;1;538158;27303;;;;;;;;;2;;;9;1;;;;;2;;1;6;3;;;;;2.01;;0.5;15.66;3.26;;;;;;;;;;
BIO;2021;850000209;CHD-SITE DE LUCON;850000019;1;1;0;1;1;0;0;0;0;0;0;0;0;0;0;0;0;0;0;119177;0;0;;;;;;;;0;0;;7;;;;;;7;1;;4;;;;;;0.22;0.06;;9.12;;;;;;;;;;;
BIO;2021;850009630;CH FONTENAY SITE POLE SANTE SUD VENDEE;850000035;1;1;0;1;1;1;0;0;0;0;1;1;1;0;0;0;0;0;1;263141;63135;;;;;;;;;1;1;1;7;1;0;0;0;0;0;0;0;3;0;0;0;0;0;0.8;0.8;0.6;10.11;0.7;0;0;0;0;0;0;1;1;1;0
BIO;2021;860000223;CHU LA MILETRIE;860014208;1;1;0;1;1;1;1;1;0;1;1;1;1;1;1;1;1;1;;4531390;487304;196118;12456;863;27181;7;575;6827;71;5;15;6;124;61;2;0;12;8;17;20;0;31;15;9;0;3;3;13.53;24.46;5.34;145.74;49.43;5.68;0;13.18;8.41;0;0;1;1;1;
BIO;2021;860010321;POLYCLINIQUE DE POITIERS;860010313;1;0;0;1;1;1;1;1;0;0;1;1;1;1;0;0;1;0;1;119449;256801;85288;59;;18882;;169;;;1;1;1;9;10;1;1;7;4;;;;4;1;3;;3;1;1;1;1;10;9.74;;1;;;;;1;1;1;
BIO;2021;870000064;C H U DUPUYTREN LIMOGES;870000015;1;1;1;1;1;1;1;1;1;0;1;1;1;1;1;1;0;0;1;3634337;176966;136726;12390;1350;47107;0;810;2028;13;14;28;4;106;45;10;1;18;5;1;0;;38;6;4;;4;2;9.19;19.41;3.33;137.58;49.87;7.91;0.7;21.93;8.84;;;1;;;1
BIO;2021;870014859;HOPITAL DE LA MERE ET DE L'ENFANT;870000015;0;0;0;0;0;0;0;0;0;0;0;0;0;0;1;0;1;1;0;6813;216;39;;;;;;;;6;1;;9;3;0;;;;0;0;;;1;0;;;;4.48;0.5;0.3;7.08;4.41;0;;;;0;0;0;1;0;1
BIO;2021;880000021;CHI E.DURKHEIM - PLATEAU DE LA JUSTICE;880007059;;0;0;1;1;1;1;1;0;0;1;0;1;1;0;0;0;0;1;818041;32607;31564;;;;;;;;;5;;20;7;;;;;;;;3;2;;;;;;5;;22.57;8.61;;;;;0;0;1;1;1;0
BIO;2021;880000047;CENTRE HOSPITALIER DE SAINT-DIE;880780077;1;1;0;1;1;1;0;0;0;0;1;1;1;1;0;0;0;0;1;585720;334372;24686;;;;;;;;3;;1;13;3;;;;;;;;;1;;;;;3;;0.4;12.96;3.67;;;;;0;;;1;;
BIO;2021;880000054;CHI L'OUEST VOSGIEN SITE NEUFCHATEAU;880007299;1;0;0;1;1;1;0;0;0;0;1;1;1;1;0;0;0;0;1;489150;146602;20112;;;;;;;;1;1;;16;4;;;;;1;2;;;;;;;;1.84;2.73;0.1;16.55;3.67;;;;;0;0;1;1;0;0
BIO;2021;880000062;CENTRE HOSPITALIER DE REMIREMONT;880780093;1;0;0;1;1;1;1;1;0;0;1;0;1;1;0;0;0;0;1;444979;14258;14245;;;;;;;;1;1;;1;4;;;;;;;;15;0;;;;;1;1;0;12.54;3.75;;;;;0;0;1;1;1;0
BIO;2021;890975527;CH AUXERRE;890000037;1;0;0;1;1;0;0;0;0;0;1;0;1;0;0;0;0;0;0;;;;;;;;;;;;5;1;25;7;;;;;;;;4;;;;;;;5;1;28.48;7;;;;;;0;;;1;
BIO;2021;890975543;CH JOIGNY;890000417;;;;;;;;;;;;;;;;;;;0;29404;0;;;;;;;;;;;;;;;;;;;;;;;;;;;;;;;;;;;;;;;;;
BIO;2021;890975550;CH SENS;890970569;1;1;0;1;1;0;0;0;0;0;1;1;1;1;0;0;0;0;1;799219;18687;;;;;;;;;3;;;19;4;;;;;;;;2;1;;;;;3;;0.75;20.8;5.41;;;;;0;0;1;1;1;
BIO;2021;900003039;HNFC SITE TREVENANS;900000365;1;1;0;1;1;0;1;1;0;0;1;1;1;0;0;0;0;0;1;1891758;293622;68693;14400;2015;19421;265;117;9793;2369;1;8;2;42;13;3;1;6;2;1;1;0;19;2;1;0;9;4;1.9;8.07;1.44;56.97;15.27;4.95;1;12.24;4.91;0;0;;1;1;
BIO;2021;910000272;CH D ARPAJON;910110014;1;0;0;1;1;1;0;0;0;0;1;1;1;1;0;0;0;0;1;;;;;;;;;;;1;0;0;14;4;0;0;0;0;2;0;1;0;2;0;0;0;0;2.55;0;0.06;12.76;4.2;0;0;0;0;0;0;0;1;0;0
BIO;2021;910000280;CH DOURDAN ETAMPES SITE DOURDAN;910019447;1;1;1;1;1;1;1;1;1;0;1;1;0;1;1;1;1;1;1;270971;162203;4703;;;;;;;;3;;2;14;8;;;;;;;;1;2;;;;;2.5;;0.46;14.3;7.57;;;;;;;;;;
BIO;2021;910000298;CH DES DEUX VALLEES SITE LONGJUMEAU;910110055;0;0;0;0;0;0;0;0;0;0;0;0;0;0;0;0;0;0;1;0;0;0;409;219;818;2;2;586;183;;;;;;;;;;;;;;;;;;;;;;;;;;;;;;;;;
BIO;2021;910000306;CH D ORSAY;910110055;1;0;0;1;1;1;0;1;0;0;1;1;1;1;0;0;0;0;1;1940119;58490;6;;;;;;;;5;6;1;41;16;1;;5;1;2;1;;3;4;0;;;1;6.25;6.6;1.08;42.91;15.16;1.72;;4.33;2.11;0;0;1;1;1;0
BIO;2021;910001973;CH DOURDAN ETAMPES SITE ETAMPES;910019447;1;1;1;1;1;1;1;1;1;0;1;1;0;1;1;1;1;1;1;495254;146433;23199;;;;;;;;3;;1;14;7;;;;;;;;2;2;;;;;2.09;;0.46;14.47;7.7;;;;;;;;;;
BIO;2021;910009919;CTRE REEDUCATION FONCTIONNELLE EVRY;910009869;1;0;0;1;1;1;0;0;0;0;1;0;0;0;0;0;0;0;;30315;;;;;;;;;;;1;;4;4;;;;;;1;;;;;;;;;1.2;;4;4;;;;;;;;1;1;1
BIO;2021;910020254;CH SUD FRANCILIEN SITE JEAN JAURES;910002773;1;1;0;1;1;1;1;1;0;0;1;1;1;1;1;0;1;1;1;3369909;203247;15933;5352;753;12847;40;226;8989;3595;11;1;2;39;19;4;1;5;1;;;0;12;2;1;0;1;0;10.38;1;2;49.06;15.85;4.21;0.92;4.95;1;0;0;1;1;1;0
BIO;2021;910300144;CMCO D EVRY;910000447;1;1;0;1;1;1;0;0;0;0;1;1;1;0;0;0;0;0;1;172380;152490;;;;;;;;;;2;;8;5;;;;;1;1;;1;2;;;;;0.5;2.4;;7.5;6;;;;;0;0;1;0;1;0
BIO;2021;910300219;HOPITAL PRIVE JACQUES CARTIER;910003888;1;1;0;1;1;1;0;1;0;0;1;1;1;0;0;0;0;0;1;1094207;546697;343813;0;;0;;;;;0;1;1;1;;;;;;0;2;0;16;;;;;;0;2.5;1;16.8;;;;;;0;0;1;0;1;0
BIO;2021;910805357;CLINIQUE DE L ESSONNE;910001643;1;0;0;1;1;0;0;0;0;0;1;0;0;0;0;0;0;0;1;30315;;;;;;;;;;;1;;4;4;;;;;;;;;;;;;;;1.2;;4;4;;;;;0;0;;1;1;1
BIO;2021;920000460;CLCC RENE HUGUENIN INSTITUT CURIE;750813321;0;0;0;0;0;0;0;0;0;0;0;0;0;0;0;0;0;0;0;;;;6951;;4466;;978;2014;;;;0;0;0;7;1;13;1;;;;;;;;1;0;;;;;;7.34;1;12.2;1;;;;;;
BIO;2021;920000577;CH DE NANTERRE;920110020;1;1;0;1;1;1;0;0;0;0;0;1;0;1;0;0;0;0;1;368591;21449;68;;;;;;;;1;1;1;15;5;;;;;0;0;0;0;0;;;;;0.95;0.95;1;11.7;5.22;;;;;0;0;1;1;1;
BIO;2021;920000585;CH RIVES DE SEINE SITE NEUILLY S/SEINE;920026374;1;0;0;1;1;1;0;0;0;0;1;1;1;1;0;0;0;0;;656647;;;;;;;;;;1;;;12;3;;;;;;;;4;;;;;;0.74;;0.46;14.28;3.78;;;;;;;;;;
BIO;2021;920000619;CH DES QUATRE VILLES SITE ST CLOUD;920009909;1;1;0;1;1;1;0;0;0;0;1;1;1;1;0;0;1;1;1;553471;175128;140293;;;;;;;;4;1;0;15;8;;;;;2;;1;1;2;;;;;5.1;1;1.17;16.03;9.86;;;;;0;0;1;1;1;0
BIO;2021;920000635;HOPITAL SUISSE DE PARIS;920150026;1;0;0;1;1;0;0;0;0;1;1;1;1;1;0;0;0;0;1;54096;91929;0;;;;;;;;0;2;;6;2;;;;;0;;;1;1;;;;;0;2;;4.25;2.92;;;;;0;0;0;0;0;0
BIO;2021;920000650;HOPITAL FOCH;920150059;1;1;0;1;1;1;1;1;0;0;1;1;1;1;1;0;0;1;1;2534702;751645;254946;3960;0;22084;3;561;1009;;4;2;0;56;1;4;0;10;5;3;3;1;5;0;3;0;0;0;7.19;4.63;0.51;57;3.48;5.81;0;10.29;5.25;;;;;;
BIO;2021;920000684;HOPITAL MARIE LANNELONGUE;750150120;1;1;0;1;1;0;0;0;0;0;1;1;1;1;0;0;0;0;0;835637;283;23;589;;6241;;502;16;;3;;1;28;5;3;;4;;2;;;2;;;;;1;5.7;;1;29.43;5.41;3.08;;4;2.8;0;0;1;0;1;0
BIO;2021;920100013;HU OUEST SITE AMBROISE PARE APHP;750712184;1;1;0;1;1;1;0;1;0;0;1;1;1;1;1;1;0;0;0;1762314;272081;272081;3887;0;8591;0;120;1830;;7;8;4;63;18;0;0;4;2;12;5;;7;2;5;1;2;2;11.3;10.3;4;69.85;19.66;2.25;0.5;5.2;0.3;0;0;1;1;1;0
BIO;2021;920100021;HU PARIS SUD SITE ANTOINE BECLERE APHP;750712184;1;1;0;1;1;0;0;0;0;0;1;0;1;0;1;0;1;1;0;1097775;17935;17935;2961;358;7366;16;4;872;129;6;5;2;38;18;1;0;2;;7;12;1;11;2;3;1;1;;9;11;2.5;46.07;19.77;1.8;0.4;2.8;;1;1;1;1;1;1
BIO;2021;920100039;HU PARIS NORD SITE BEAUJON APHP;750712184;1;1;;1;1;1;1;1;1;1;1;1;1;1;;;;;1;1117497;204638;28676;2132;33;9667;436;422;3182;0;0;9;5;48;;4;1;10;8;3;8;0;5;;1;1;1;0;3;17;5;54;;5.77;1.25;10.8;8;1;1;1;1;1;0
BIO;2021;920100047;HU PARIS NORD SITE LOUIS MOURIER APHP;750712184;1;1;0;1;1;1;1;1;0;1;1;1;1;1;0;1;0;0;;1067031;333979;60020;;;0;;;;;0;7;5;44;17;;;;;5;11;0;2;1;;;;;5;18;5;46;18;;;;;1;1;1;0;0;0
BIO;2021;920100054;HU PARIS SITE RAYMOND POINCARE APHP;750712184;1;1;0;1;1;1;0;0;0;0;1;0;1;1;0;0;0;0;0;684021;13922;13922;;;1;;;;;3;5;2;32;12;;;2;12;3;6;;;;;;;3;3.8;5.9;2;32;12;;;2;13.68;1;1;0;1;1;0
BIO;2021;920120011;HIA PERCY;750821092;1;1;0;1;1;0;0;0;1;0;1;1;1;1;0;0;0;0;1;1125473;45065;37898;;;;;;;;5;2;2;44;2;;;;;1;0;;;;;;;;5.3;2;2;44;2;;;;;0;0;1;1;1;1
BIO;2021;920300787;HOPITAL AMERICAIN;920000981;1;;;1;1;1;;1;;;1;;;;;;;1;1;664968;;;;;;;;;;;4;1;17;7;;;;;;1;;1;;;;;;;4.8;1;16.83;7;;;;;;0;1;;1;0
BIO;2021;930000286;GHI LE RAINCY MONTFERMEIL;930021480;1;1;0;1;1;1;1;1;0;0;1;1;1;1;0;0;0;0;1;1289788;47396;32756;3215;920;5510;;165;6218;1004;2;;1;21;12;;1;6;4;6;;;15;1;3;;;;6.36;;1;32.09;12.64;2.94;1;4.96;4.13;;;;;;
BIO;2021;930000302;CHI ANDRE GREGOIRE;930110036;1;1;0;1;1;1;0;0;0;0;1;1;1;1;0;0;0;0;1;854058;19989;10443;;;;;;;;1;6;1;29;9;;;;;;;;7;7;;;;1;1;6;1;32.3;10.23;;;;0.5;0;0;1;1;1;0
BIO;2021;930000328;CH GENERAL DELAFONTAINE;930110051;1;1;0;1;1;1;1;1;1;0;1;1;1;1;0;0;0;0;0;1699309;207133;100685;0;0;0;;0;;;4;9;1;46;17;;;;;;;;5;1;;;;;4;9;1;50;17.8;;;;;0;0;1;1;1;0
BIO;2021;930000336;CHI ROBERT BALLANGER;930110069;1;0;0;1;1;1;1;1;1;0;1;1;1;1;1;0;0;1;;1581735;44503;4235;3875;641;5809;87;90;36;;8;;;37;4;3;;4;2;2;;1;6;1;1;1;1;;8.54;;0.8;38.76;5.34;2.91;0.1;3.89;1.98;;;;;;
BIO;2021;930100037;HU PARIS SITE AVICENNE APHP;750712184;1;1;0;1;1;0;1;1;0;0;1;1;1;1;1;1;0;0;0;2256293;366500;16952;4511;998;13001;103;264;6781;;48;;5;72;38;6;1;12;8;5;;;11;2;2;;3;1;28.5;;5;78.33;39.03;5.51;0.7;13.87;7.67;0;;1;1;;0
BIO;2021;930100045;HU PARIS SITE JEAN VERDIER APHP;750712184;1;1;0;1;1;1;0;0;0;0;0;1;0;0;1;0;1;1;;856223;200371;7133;0;0;0;0;;0;0;23;;2;28;15;;;;;1;;;6;4;;;;;14.11;;1.34;35.29;15.33;;;;;0;;1;1;;0
BIO;2021;940000573;CHI DE CRETEIL;940110018;1;1;0;1;1;1;1;1;1;0;1;1;1;1;0;0;0;0;0;1368238;294801;291287;4554;2600;21403;337;306;9406;;8;6;2;62;22;5;0;8;2;2;0;1;5;1;1;0;3;2;9.4;6;2.5;66;22.8;6.4;0;10.66;4.4;1;1;1;0;0;0
BIO;2021;940000599;CHI LUCIE ET RAYMOND AUBRAC;940110042;1;1;0;1;1;1;0;0;0;0;1;1;1;1;0;0;0;0;1;1657889;70233;1020;;;;;;;;1;4;2;40;13;0;0;0;0;0;1;0;0;0;0;0;0;0;1;4.6;2;40;13;0;0;0;0;0;0;1;1;1;
BIO;2021;940000649;HOPITAL SAINT CAMILLE;940150014;1;1;0;1;1;1;1;1;0;0;1;1;1;1;0;0;0;0;1;1278243;110388;93781;;;;;;;;2;1;1;27;9;;;;;1;;;1;;;;;;2.8;1;1;26.47;8.15;;;;;;;;;;
BIO;2021;940000664;INSTITUT GUSTAVE ROUSSY;940160013;1;1;0;1;1;1;0;0;0;0;1;1;1;1;1;1;0;0;0;1795878;6729;;18163;672;10819;1;483;2098;;8;14;5;60;22;18;3;21;18;;1;;2;2;3;;2;3;6.86;13.81;4;59.68;19.88;19.44;2;21.2;15.06;;;;;;
BIO;2021;940100027;HU HENRI MONDOR SITE HENRI MONDOR APHP;750712184;1;1;0;1;1;1;0;1;1;0;1;1;1;1;1;1;0;0;0;4967327;919576;629573;9344;;17213;;171;3195;;11;32;9;143;43;5;2;19;23;17;22;;21;1;28;;7;4;26.8;51.68;9;162.4;43.6;25.38;2;25.6;23;1;1;1;1;1;1
BIO;2021;940100035;HU PITIE SALPETRIERE- CHARLE FOIX APHP;750712184;;;;;;;;;;;;;;;;;;;;5453;;;;;;;;;;1;;;;;;;;;;;;;;;;;;1;;;;;;;;;;;;;;
BIO;2021;940100043;HU PARIS SUD SITE KREMLIN BICETRE APHP;750712184;1;1;0;1;1;0;1;1;0;0;1;1;1;0;1;0;0;0;0;3485649;20858;20858;16634;1886;21264;117;537;1293;98;4;21;5;103;40;8;1;20;8;11;19;0;14;9;5;0;1;2;8.8;27.25;5;113.03;48.04;9.5;1;20.86;9.6;1;1;1;1;1;0
BIO;2021;940100068;HU PARIS SUD SITE PAUL BROUSSE APHP;750712184;1;1;0;1;1;0;0;0;0;0;0;0;1;1;0;1;0;0;0;1448863;23730;23730;136;;3864;;86;215;;3;10;2;39;18;;;;;5;7;;14;1;;;;;5.17;13.21;2;46.98;18.91;;;;;1;1;1;1;1;0
BIO;2021;940120017;HIA BEGIN;750821092;1;0;0;1;1;1;0;1;0;0;1;1;1;1;1;1;0;0;1;697388;37782;27278;1999;789;4591;1;69;4806;22;2;3;;37;2;4;;8;2;2;1;1;3;;2;;1;0;3.11;2.44;0.6;38.6;2.67;4.44;;7.9;2;0;0;0;1;1;0
BIO;2021;950000307;CH VICTOR DUPOUY;950110015;1;1;0;1;1;1;0;1;0;0;1;1;1;1;1;0;1;0;1;1918510;204316;57462;3712;;8866;;218;81;;3;6;2;36;16;2;;5;3;2;;2;9;1;1;1;1;1;4.95;5.84;3;42.23;13.75;3.38;0.1;4.9;3.29;1;1;1;;;
BIO;2021;950000315;GH CARNELLE PORTES OISE SITE BEAUMONT;950001370;1;0;0;1;1;1;0;0;0;0;0;0;0;0;0;0;0;0;1;372142;4689;0;;;;;;;;1;;;5;4;;;;;;;;3;;;;;;1;;;6.62;3.69;;;;;;;;;;
BIO;2021;950000323;GHEM SIMONE VEIL SITE EAUBONNE;950013870;1;1;0;1;1;1;0;0;0;0;1;1;1;1;0;0;0;0;1;1290114;78127;68847;4188;525;8149;15;36;40;0;4;3;1;42;16;2;0;0;0;1;0;1;4;1;2;0;5;2;4;3;1.26;44.31;16.59;3.2;0.08;4.18;2.7;0;0;0;1;1;0
BIO;2021;950000331;CH GENERAL DE GONESSE;950110049;1;1;0;1;1;1;1;1;0;0;1;1;1;1;0;0;1;0;1;1774387;91043;17936;;;;;;;;9;;;40;8;;;;;2;1;;6;2;;;;;9.7;0.13;;43.45;10.23;;;;;;;;;;
BIO;2021;950000364;CH RENE DUBOS;950110080;1;1;0;1;1;0;0;0;0;0;1;1;1;1;0;0;0;0;1;1560945;212104;189487;5250;246;10585;53;197;1337;70;13;;1;15;7;4;;10;2;1;;;7;;1;;2;;13.8;;1;20.55;5.97;4.2;;10.71;2;0;;;;;
BIO;2021;970100392;CENTRE HOSPITALIER DE LA BASSE -TERRE;970100178;1;1;0;1;1;1;1;0;0;0;1;1;1;0;0;0;0;0;1;385026;114534;33127;;;;;;;;3;;;20;6;;;;;3;;;1;;;;;;2.95;0.67;;19.42;5.17;;;;;0;0;1;1;1;0
BIO;2021;970100426;C.H. STE MARIE;970100202;1;1;0;1;1;1;0;0;0;0;1;1;1;0;0;0;0;0;1;591796;2011728;160621;;;;;;;;1;;1;6;2;;;;;;;;;;;;;;1;;0.34;6;2;;;;;;;;;;
BIO;2021;970100442;C.H.U. DE POINTE-A-PITRE/ABYMES;970100228;1;1;0;1;1;0;1;1;1;0;1;1;1;1;0;1;0;0;;;;;3356;896;4751;30;59;90;;8;8;2;70;30;3;1;8;7;;;;1;;;;;;8;8;2;70;30;2.8;1;7.8;7;0;0;;1;1;1
BIO;2021;970100483;C.H. MAURICE SELBONNE;970100285;1;0;0;1;1;0;0;0;0;0;1;1;1;0;0;0;0;0;1;345137;828508;;;;;;;;;;1;;3;1;;;;;;;;;1;;;;;;1;;3;1.5;;;;;;0;0;;0;0
BIO;2021;970211215;CHU DE MARTINIQUE SITE P.ZOBDA QUITMAN;970211207;1;1;0;1;1;0;0;0;1;0;1;1;1;1;0;1;0;0;1;2910618;301340;54984;8403;2054;8558;22;185;781;777;2;15;5;82;;4;1;10;9;1;1;;2;;;;;;2.5;15.81;5;83.13;;4.16;1;11.61;9.82;0;0;1;1;1;0
BIO;2021;970211223;CHU DE MARTINIQUE SITE DE TRINITE;970211207;1;0;0;1;1;0;0;0;0;0;0;0;0;0;0;0;0;0;1;244940;19016;62;;;;;;;;;1;1;12;3;;;;;;;;;;;;;;;1.99;1;12.41;3;;;;;0;0;1;1;1;
BIO;2021;970211231;CHU DE MARTINIQUE SITE MANGOT VULCIN;970211207;1;0;0;1;1;1;1;1;0;0;0;0;0;0;0;0;0;0;;239239;100884;29121;;;;;;;;;1;1;7;5;;;;;;1;;1;2;;;;;;1.85;1;7.69;6.66;;;;;0;0;0;0;0;0
BIO;2021;970300026;CENTRE HOSPITALIER DE CAYENNE;970302022;1;1;0;1;1;1;1;1;0;0;1;1;1;1;0;0;0;0;1;399582;23653;2778;3660;1797;8895;906;34;207;14;6;3;0;39;19;3;0;3;4;1;0;0;1;0;0;0;1;0;6.3;2.25;0;39.71;18.11;3;0;3.7;4;0;0;0;1;1;1
BIO;2021;970300083;CENTRE HOSPITALIER -FRANCK-JOLY-;970302121;1;1;0;1;1;1;0;0;0;0;1;1;1;1;0;0;0;0;1;127374;52020;552;;;;;;;;50;0;1;27;1;0;0;0;0;0;0;0;1;0;0;0;1;0;4.62;0;1;28.78;1.91;0;0;0;0;;;1;1;;
BIO;2021;970400024;CHU SITE FELIX GUYON (SAINT DENIS);970408589;1;1;0;1;1;0;1;1;1;1;1;1;1;1;1;1;0;0;1;1816699;48279;16680;2904;543;9362;29;156;8734;546;8;13;4;88;31;3;;7;3;;;1;2;8;;;;;8;13;4.5;89;34.7;3.06;;6.92;3.24;0;0;0;1;1;1
BIO;2021;970400057;CHU SITE SUD (SAINT PIERRE);970408589;1;1;0;1;1;1;1;1;1;1;1;1;1;1;0;1;1;1;1;1520209;106430;954;4717;986;14757;113;105;;;9;9;4;73;17;4;1;8;8;;;1;11;7;0;;;;1;1;4.5;80.9;21.3;3.8;1;7.93;7.98;0;0;0;1;1;1
BIO;2021;970400065;CH OUEST REUNION;970421038;1;1;0;1;1;1;0;0;0;0;1;1;1;1;0;0;0;0;1;883669;23753;0;0;0;0;0;0;0;0;5;;1;22;3;;;;;;;;2;1;;;;;5.21;;1.11;21.48;3.8;;;;;0;;1;1;;0
BIO;2021;980500011;CHM;980500003;1;1;0;1;1;1;1;0;0;1;1;1;1;1;0;0;0;0;1;1817095;63583;63583;;;;;;;;1;3;2;37;17;;;;;;2;;2;;;;;;1;4.69;2;40.35;15.8;;;;;0;0;1;0;0;0
