BOR;AN;FI;RS;FI_EJ;ANTGEO;NB_ANT;FI1;FI2;FI3;POP;EMSP;EQDOU;TELESUR;TELECONS;INDOM;ASTR;CONVPER;CONV;AUTMED;AUTOBS;AUTSSR;AUTCAN;PLATOT;SEJ_HAD;SEJ_PER;SEJ_PAL;SEJ_CAN;JOU_HAD;JOU_PER;JOU_PAL;JOU_CAN;FIL_HAD;FIL_PER;FIL_PAL;FIL_CAN;P80_HAD;P80_PAL;P80_CAN;PMS_HAD;PMS_PER;PMS_PAL;PMS_CAN
HAD;2021;010000024;CH DE FLEYRIAT;010780054;0;;;;;234972;1;1;0;1;1;1;;;1;0;0;0;45;538;0;133;239;12445;0;3484;2997;311;0;119;78;87;43;17;15;0;5;0
HAD;2021;010005379;HAD DE L'HOPITAL PRIVE D'AMBERIEU;010010718;1;2;010005379;010005429;;140200;0;0;0;0;1;1;;;1;0;0;0;60;396;0;189;24;14318;0;6909;610;316;0;160;16;153;102;2;82;0;57;0
HAD;2021;020000089;CH GUISE;020000022;0;;;;;112858;0;0;0;0;1;0;1;0;1;0;0;0;30;248;0;121;0;10962;0;5398;0;161;0;95;0;49;34;0;7;0;6;0
HAD;2021;020004297;HAD AMSAM SOISSONS;020005179;1;2;020004297;020004297;;300488;1;0;0;0;1;1;1;0;1;0;0;0;70;412;0;137;7;9680;0;3772;160;237;0;101;4;47;28;0;10;0;7;0
HAD;2021;020010898;HAD CRF CHAUNY;750721334;0;;;;;54000;1;0;0;0;1;0;1;0;1;1;1;1;25;148;0;63;2;6635;0;1423;173;103;0;43;2;24;17;0;5;0;1;0
HAD;2021;020014767;HAD TEMPS DE VIE SAINT-QUENTIN;590805065;0;;;;;300000;0;0;0;0;1;0;1;0;1;0;0;0;40;368;0;179;8;15416;0;7222;446;256;0;129;7;101;62;0;22;0;15;0
HAD;2021;030000061;CH DE MOULINS;030780092;0;;;;;100000;1;1;0;0;1;1;;;1;0;0;0;10;211;0;53;1;3209;0;879;4;159;0;48;1;52;25;0;45;0;15;0
HAD;2021;030000079;CH DE MONTLUCON;030780100;0;;;;;127571;1;1;0;0;1;1;;;1;0;0;0;30;234;1;85;15;7567;20;2043;433;167;1;78;12;63;45;1;32;0;21;0
HAD;2021;030000087;CH JACQUES LACARIN VICHY;030780118;1;2;630000446;630000412;;;1;0;0;0;1;1;;;1;0;0;1;50;631;0;201;44;18795;0;6651;1436;421;0;163;36;132;58;1;68;0;23;0
HAD;2021;030781116;HOPITAL PRIVE SAINT-FRANCOIS;030000426;0;;;;;64463;0;0;0;0;1;1;;;1;0;0;0;20;117;0;18;1;4473;0;424;3;90;0;16;1;62;10;0;56;0;8;0
HAD;2021;050000348;CHI DES ALPES DU SUD SITE DE GAP;050002948;1;3;050000348;;;;1;;0;1;1;1;;;1;0;0;0;30;392;0;188;28;11090;0;5253;1175;271;0;145;21;115;70;6;27;0;18;0
HAD;2021;060000478;CENTRE HOSPITALIER DE GRASSE;060780897;0;;;;;133855;1;1;0;;1;1;;;1;0;0;1;15;155;0;34;0;5253;0;577;0;121;0;34;0;63;21;0;55;0;17;0
HAD;2021;060000544;CH DE CANNES SIMONE VEIL;060780988;0;;;;;185200;1;0;0;0;1;0;1;0;1;0;0;1;25;194;0;40;12;5788;0;536;256;139;0;31;7;67;15;0;2;0;0;0
HAD;2021;060006558;HAD ARNAULT TZANCK;060798865;0;;;;;;1;0;0;0;1;0;1;0;1;0;0;0;30;212;0;93;7;9265;0;4362;201;166;0;74;7;73;50;2;15;0;10;0
HAD;2021;060785243;HAD NICE & REGION;060001484;1;3;060785243;060785243;060785243;;0;0;0;0;1;0;1;0;1;0;0;0;300;1878;0;594;24;88700;0;20904;723;1417;0;500;15;777;318;2;436;0;141;0
HAD;2021;070000609;CH D'AUBENAS;070005566;0;;;;;85000;1;1;0;0;1;1;0;0;1;0;0;0;24;448;0;184;42;11720;0;4359;698;328;0;158;19;125;73;3;56;0;34;0
HAD;2021;080011257;GCS ES HAD DES ARDENNES SITE RETHEL;080011224;0;;;;;63000;1;0;0;0;1;1;;;1;0;0;1;18;227;0;94;8;5551;0;2530;35;164;0;72;7;66;34;0;27;0;14;0
HAD;2021;080011265;GCS ES HAD ARDENNES SITE CHARLEVILLE;080011224;0;;;;;200000;1;1;0;0;1;1;;;1;0;0;0;50;285;0;116;1;12922;0;4842;10;167;0;70;1;36;17;0;7;0;3;0
HAD;2021;090000175;CHIVAL SITE ST JEAN DE VERGES;090781774;1;1;090000175;;;130000;0;0;0;0;1;0;1;0;1;0;0;0;45;469;0;85;252;6822;0;2197;1452;214;0;76;40;71;28;8;0;0;0;0
HAD;2021;100007699;HAD GHAM;100006279;0;;;;;;1;0;0;0;1;1;;;1;0;0;0;40;273;0;95;7;7018;0;1610;167;197;0;81;3;82;41;0;39;0;19;0
HAD;2021;100010578;GCS PATCS - HAD - SSR - TROYES;100010347;0;;;;;;0;0;0;0;1;1;;;1;0;0;0;50;457;0;158;3;14791;0;5490;15;297;0;112;1;79;40;0;31;0;15;0
HAD;2021;110000247;CH LEZIGNAN CORBIERES;110780772;0;;;;;39315;1;1;0;0;1;0;0;0;1;0;0;0;10;90;0;26;0;3940;0;999;0;66;0;24;0;19;8;0;4;0;0;0
HAD;2021;110005048;HAD HOPITAL PRIVE DU GRAND NARBONNE;110000114;0;;;;;123720;1;0;0;1;1;1;;;1;0;0;1;50;447;0;205;12;18059;0;8477;307;315;0;155;7;101;63;1;18;0;6;0
HAD;2021;110005394;HAD KORIAN PAYS DES QUATRE VENTS;750056335;0;;;;;190000;1;1;0;0;1;1;;;1;0;0;0;90;550;0;172;14;20604;0;8134;1333;451;0;147;11;203;57;0;177;0;20;1
HAD;2021;120783618;HAD UDSMA RODEZ;120784616;0;;;;;280000;1;1;0;0;1;1;;;1;1;0;0;64;592;76;73;27;17045;1637;1320;94;455;71;71;4;151;41;0;83;0;17;1
HAD;2021;130000409;CHI SITE D'AIX EN PROVENCE;130041916;0;;;;;;0;0;0;0;1;1;;;1;0;0;0;30;355;1;135;25;10699;24;3019;303;268;1;120;15;127;83;0;75;0;48;0
HAD;2021;130000565;CENTRE HOSPITALIER GENERAL D'AUBAGNE;130781446;1;1;130781446;;;179398;1;0;0;0;0;0;0;0;1;1;0;1;20;317;57;18;10;4625;1115;213;60;222;48;18;2;106;12;0;87;0;8;0
HAD;2021;130001647;INSTITUT PAOLI CALMETTES;130784127;0;;;;;;1;1;0;0;1;1;;;1;0;0;0;20;612;0;225;152;10843;0;5160;3433;221;0;119;64;63;34;10;0;0;0;0
HAD;2021;130002215;CENTRE HOSPITALIER GENERAL LA CIOTAT;130785512;0;;;;;55000;1;0;;0;1;0;1;0;1;0;0;0;20;253;0;31;1;4284;0;638;5;201;0;24;1;77;15;0;30;0;9;0
HAD;2021;130021488;HAD BOUCHES DU RHONE EST;130021439;0;;;;;334000;1;0;0;0;1;0;1;0;1;0;0;0;40;469;0;55;2;15492;0;772;19;354;0;50;2;205;26;0;185;0;10;0
HAD;2021;130021819;HAD CLARA SCHUMANN;130021769;0;;;;;710000;1;0;0;0;1;1;0;0;1;0;0;0;69;962;0;283;19;25382;0;7144;548;703;0;241;12;347;152;1;243;0;97;0
HAD;2021;130022619;SANTE ET SOLIDARITE BOUCHES DU RHONE;130045339;0;;;;;106833;0;0;0;0;1;0;0;0;1;0;0;0;75;273;0;57;1;15430;0;3133;46;216;0;41;1;133;18;1;125;0;4;0
HAD;2021;130782071;CLINIQUE DE L'ETANG DE L'OLIVIER;130002454;0;;;;;200000;1;1;0;0;1;1;;;1;0;0;0;25;678;0;15;2;8942;0;120;73;472;0;15;2;167;12;0;140;0;9;0
HAD;2021;130783236;APHM HOPITAL DE LA CONCEPTION;130786049;0;;;;;1500000;0;0;0;0;;;;;1;0;0;0;80;2155;195;45;51;22338;3742;1083;465;1294;171;37;16;274;12;6;53;0;6;0
HAD;2021;130785652;HOPITAL SAINT JOSEPH;130014228;0;;;;;584729;1;1;0;0;1;1;0;0;1;0;0;0;60;1013;0;56;102;19498;0;3495;408;627;0;43;14;225;29;7;109;0;13;0
HAD;2021;130802143;HAD SOINS ASSISTANCE;130804396;0;;;;;866644;1;1;0;0;1;1;;;1;0;0;0;100;667;0;322;20;23838;0;8787;512;507;0;261;17;257;155;0;146;0;91;0
HAD;2021;130809015;CENTRE GERONTOLOGIQUE DEPARTEMENTAL;130001928;0;;;;;;0;0;0;0;1;1;;;1;0;0;0;45;361;0;71;0;13841;0;1469;0;291;0;65;0;217;52;0;281;0;60;0
HAD;2021;140000027;CENTRE HOSPITALIER DE LISIEUX;140000035;0;;;;;92358;1;1;0;0;1;1;;;1;0;0;1;30;380;0;141;12;6641;0;1807;132;272;0;132;6;144;84;1;88;0;61;0
HAD;2021;140000076;CENTRE HOSPITALIER AUNAY-BAYEUX;140000092;0;;;;;55500;1;0;0;0;1;1;;;1;0;0;0;12;96;0;56;1;2871;0;1458;19;78;0;50;1;40;30;0;21;0;17;0
HAD;2021;140000209;CHU COTE DE NACRE - CAEN;140000100;0;;;;;;0;0;0;0;1;1;;;0;1;0;0;5;116;0;2;0;1305;0;22;0;104;0;1;0;0;0;0;0;0;0;0
HAD;2021;140000233;CENTRE HOSPITALIER DE FALAISE;140000118;0;;;;;67000;1;1;0;1;1;1;;;1;0;0;0;18;244;0;133;9;4443;0;1803;189;187;0;108;4;84;55;0;36;0;29;0
HAD;2021;140000373;CENTRE HOSPITALIER DE VIRE;140000159;1;4;500021274;500021282;610007312;;1;1;0;0;1;0;1;0;1;0;0;1;20;175;0;45;6;4998;0;757;380;154;0;44;4;66;22;0;25;0;9;0
HAD;2021;140002619;HAD SANTE CROIX ROUGE - CAEN;750721334;0;;;;;300000;0;0;0;0;;;;;1;0;0;0;80;510;0;282;17;21258;0;10115;127;429;0;259;7;188;125;0;111;0;65;0
HAD;2021;140016155;HAD DE BAYEUX;140000092;0;;;;;90000;0;0;0;1;;;;;1;0;0;0;40;300;0;112;14;10166;0;3117;389;252;0;107;10;93;58;1;27;0;19;0
HAD;2021;140026709;POLYCLINIQUE DE DEAUVILLE-CRICQUEBOEUF;140000415;0;;;;;69638;1;1;0;0;1;1;;;1;0;0;0;30;540;0;265;3;10442;0;2985;383;344;0;197;3;191;136;0;97;0;79;0
HAD;2021;150000040;CH HENRI MONDOR;150780096;1;3;150000040;;;144765;1;1;1;0;1;0;1;1;1;0;0;1;15;658;0;62;417;5548;0;1351;1103;232;0;50;82;50;9;23;17;0;4;3
HAD;2021;160002036;HAD MUTUALISTE;160009908;0;;;;;350240;1;0;0;0;1;1;;;1;0;0;0;120;958;0;497;54;40172;0;18126;1836;690;0;378;31;213;127;3;53;0;16;0
HAD;2021;170000087;HOPITAL SAINT-LOUIS - LA ROCHELLE;170024194;1;3;170000087;170000111;;365000;1;0;0;0;1;0;1;0;1;1;1;1;90;974;0;434;162;30120;0;16155;1136;579;0;345;23;174;122;4;32;0;15;0
HAD;2021;170000103;CTRE HOSP. DE SAINTONGE - SAINTES;170780175;1;3;170000095;170000038;170000129;54238;1;0;0;1;0;0;1;0;1;0;0;1;90;1269;0;257;422;29931;0;6787;2374;698;0;239;71;304;127;16;183;0;52;0
HAD;2021;180000010;CH BOURGES - JACQUES COEUR;180000028;0;;;;;177750;1;1;0;0;1;0;1;0;1;0;0;1;30;505;0;92;183;9229;0;2979;615;228;0;76;25;62;24;4;22;0;2;1
HAD;2021;180008278;KORIAN PAYS DES TROIS PROVINCES;750056335;0;;;;;180000;1;1;0;0;1;1;;;1;0;0;0;43;598;0;295;19;20323;0;10976;770;471;0;234;14;258;127;1;172;0;63;0
HAD;2021;190000026;CENTRE HOSPITALIER COEUR DE CORREZE;190000059;0;;;;;240583;1;0;0;0;1;0;1;0;1;0;0;0;80;661;0;282;14;27747;0;3762;105;516;0;268;14;230;170;0;128;0;104;0
HAD;2021;190010629;HAD RELAIS SANTE ONCORESE;190010579;0;;;;;240000;1;0;0;0;0;0;1;0;1;0;0;1;60;1113;0;71;804;14056;0;1843;2256;287;0;70;106;87;36;18;25;0;8;2
HAD;2021;210003059;SERVICE D'HOSPITALISATION A DOMICILE;210987400;0;;;;;385000;1;0;0;0;1;1;;;1;0;0;0;65;670;0;223;13;21191;0;9663;316;420;0;174;7;155;77;0;84;0;18;1
HAD;2021;210780789;CLINIQUE MUTUALISTE BENIGNE JOLY;210003208;0;;;;;367011;1;0;0;0;1;1;;;1;0;0;1;40;564;0;147;122;12797;0;3107;2745;374;0;126;51;165;59;6;99;0;11;0
HAD;2021;210987657;HOSPICES CIVILS DE BEAUNE;210012175;0;;;;;110000;1;0;0;0;1;1;;;1;0;0;0;35;555;0;133;160;8914;0;2366;1702;278;0;121;33;103;72;5;55;0;40;0
HAD;2021;210987731;CLCC GEORGES-FRANCOIS LECLERC;210780417;0;;;;;250000;1;1;0;0;1;1;;;0;0;0;1;16;395;0;96;195;4336;0;1659;1356;99;0;64;47;19;11;7;1;0;0;0
HAD;2021;220000368;CENTRE HOSPITALIER LANNION;220000103;1;1;220000541;;;;1;1;0;0;1;0;1;0;1;0;1;0;25;303;0;142;18;9207;0;3144;821;214;0;88;10;84;42;2;31;0;20;1
HAD;2021;220000541;CENTRE HOSPITALIER PAIMPOL;220000152;0;;;;;;;;;;;;;;0;0;0;0;10;142;0;89;6;3667;0;1466;69;106;0;72;6;43;34;1;7;0;3;0
HAD;2021;220019616;HAD DU PAYS BRIOCHIN;220019608;0;;;;;235052;0;0;0;0;1;0;1;0;1;0;0;0;90;845;22;398;5;27988;382;14418;140;698;15;338;5;303;164;1;111;0;7;0
HAD;2021;220020341;HAD DU PAYS DE GUINGAMP - AUB;350000626;0;;;;;75441;0;0;0;0;1;0;1;0;1;0;0;0;25;481;2;163;15;12008;43;4438;443;373;2;141;9;196;84;3;144;0;30;0
HAD;2021;230782617;CRRF ANDRE LALANDE;920028560;1;4;230782617;;;117340;0;1;0;0;1;0;1;0;1;0;0;0;35;488;1;103;145;12837;17;3277;1360;247;1;89;33;74;35;10;12;0;4;2
HAD;2021;240000489;CENTRE HOSPITALIER DE PERIGUEUX;240000117;1;2;240000489;;;182000;1;1;0;0;1;1;;;1;0;0;1;49;1000;0;267;290;20698;0;5706;1781;592;0;254;64;309;166;18;168;0;84;0
HAD;2021;240000687;CENTRE HOSPITALIER SARLAT;240000448;0;;;;;80000;1;0;0;0;1;0;0;0;1;0;0;0;30;272;0;141;5;9361;0;5428;101;165;0;108;2;71;52;1;35;0;20;0
HAD;2021;240011668;HAD DE LA CLINIQUE PASTEUR;240000612;0;;;;;;0;0;0;0;1;1;1;0;1;0;0;0;30;405;0;189;13;12979;0;4535;384;336;0;171;9;167;90;0;68;0;7;0
HAD;2021;250012069;HOSPITALIA MUTUALITE HAD PONTARLIER;250017803;0;;;;;;0;0;0;0;;;;;1;0;0;0;20;292;0;116;1;8416;0;3880;24;180;0;85;1;37;30;0;13;0;12;0
HAD;2021;250016037;HOSPITALIA MUTUALITE HAD ETUPES;250017803;0;;;;;17197;0;0;0;0;0;0;0;0;1;0;0;0;40;465;0;263;1;21904;0;12384;38;354;0;197;1;100;68;0;9;0;2;0
HAD;2021;250016045;HOSPITALIA MUTUALITE HAD;250017803;0;;;;;525000;0;0;0;0;1;;0;0;1;0;0;0;100;645;0;247;0;27383;0;13104;0;501;0;201;0;162;97;0;62;0;15;0
HAD;2021;260000138;CH PORTES PROVENCE MONTELIMAR;260000047;0;;;;;225000;1;1;0;0;1;0;1;0;1;0;0;0;30;333;0;26;38;8627;0;364;1282;242;0;25;19;63;10;5;7;0;3;1
HAD;2021;260000146;CH DE CREST;260000054;1;3;260000054;;;500000;1;0;0;0;1;1;;;1;0;0;0;150;1881;331;442;331;44181;3789;11827;4196;1227;316;397;104;372;198;25;138;0;59;0
HAD;2021;270000441;CH VERNEUIL-SUR-AVRE;270000110;0;;;;;55000;1;1;0;0;1;0;1;0;1;0;0;0;25;218;0;86;20;6343;0;2008;763;176;0;79;14;85;47;1;44;0;25;2
HAD;2021;270016058;HAD EURE SEINE;750047367;0;;;;;270000;1;0;0;0;1;1;0;;1;0;0;0;35;337;2;188;5;13027;20;6014;120;269;1;156;5;80;52;1;27;0;5;0
HAD;2021;270029416;HAD CH DE LA RISLE PONT AUDEMER;270000102;0;;;;;122000;0;1;0;0;;;;;1;0;0;0;30;335;0;136;3;7804;0;2789;7;266;0;111;2;85;49;0;20;0;10;0
HAD;2021;280001678;ASSAD HAD D'EURE ET LOIR;370001638;1;1;;;;433233;1;1;0;0;1;1;;;1;1;1;1;70;1037;186;142;241;16833;2594;3880;1070;583;166;119;46;98;46;10;23;0;8;0
HAD;2021;290000785;ETABLISSEMENT DE SOINS HOTEL DIEU;220020739;0;;;;;330000;0;0;0;;1;1;0;0;1;0;1;1;90;1199;0;437;314;23746;0;9745;883;735;0;387;50;295;210;12;129;0;99;0
HAD;2021;290032838;HAD DES PAYS DE MORLAIX;350000626;0;;;;;154407;0;0;0;0;1;0;1;0;1;0;0;0;60;913;0;321;20;26281;0;9183;47;654;0;287;3;352;162;0;296;0;116;0
HAD;2021;290036375;HAD DU PONANT SITE CLINIQUE GD LARGE;290000447;0;;;;;;0;0;0;0;1;1;;;1;0;0;1;120;1614;0;669;85;36684;0;12292;833;1235;0;633;22;619;460;2;529;0;397;1
HAD;2021;2A0001988;HAD AJACCIO ET GRAND AJACCIO;2A0001848;0;;;;;90000;1;1;1;1;1;0;1;0;1;0;0;1;40;316;0;72;7;9263;0;2323;361;178;0;56;7;65;29;1;35;0;10;1
HAD;2021;2A0002614;CENTRE HOSPITALIER DE SARTENE;2A0002606;0;;;;;60000;;;;;;1;;;1;0;0;0;25;143;0;78;1;4650;0;3409;101;76;0;52;1;27;24;0;3;0;1;0
HAD;2021;2B0000038;CH CORTE;2B0004246;0;;;;;;0;0;0;0;1;1;;;1;0;0;0;20;100;0;32;15;7843;0;1780;1200;81;0;29;10;38;11;2;0;0;0;0
HAD;2021;2B0001739;HAD DE CORSE;2B0001689;0;;;;;142977;1;0;0;0;1;1;;;1;0;0;0;50;262;0;2;17;10062;0;52;1231;197;0;2;15;72;2;3;14;0;0;0
HAD;2021;2B0003289;HAD CENTRE RAOUL FRANCOIS MAYMARD;2B0003198;0;;;;;85000;1;0;0;0;1;1;1;1;1;0;0;0;140;1121;0;250;684;43038;0;11971;15343;425;0;160;171;127;48;24;58;0;3;0
HAD;2021;300000031;CH LOUIS PASTEUR;300780053;1;3;300000031;300000056;300000064;178000;1;0;0;0;1;1;;;1;0;0;0;13;248;0;48;139;6970;0;1346;2373;111;0;40;33;33;16;7;3;0;0;2
HAD;2021;300000056;CH PONT ST ESPRIT;300780079;1;1;300000031;;;;;;;;;;;;1;0;0;0;5;135;0;38;9;2992;0;305;141;113;0;36;7;68;24;0;47;0;15;0
HAD;2021;300000064;CH UZES;300780087;0;;;;;93000;1;1;0;0;1;1;;;1;0;1;1;8;101;0;21;29;1722;0;655;282;62;0;17;5;26;7;1;9;0;4;0
HAD;2021;300012309;ADENE HAD NIMES;340027937;0;;;;;407994;1;1;0;0;1;1;;;1;0;0;0;50;340;0;104;15;9061;0;2250;308;264;0;94;9;124;60;1;56;0;26;1
HAD;2021;300013745;ADENE HAD ALES;340027937;0;;;;;214616;1;1;0;0;1;1;;;1;0;0;0;50;384;0;134;29;11921;0;3867;293;294;0;114;7;121;52;0;88;0;34;1
HAD;2021;300013778;HAD 3G SANTE NIMES;300013760;0;0;;;;400000;0;0;0;0;1;1;;;1;0;0;0;119;1248;0;820;32;43492;0;26789;655;1045;0;722;18;585;426;6;343;0;216;6
HAD;2021;310005459;HAD SANTE RELAIS DOMICILE;310021886;1;2;310005459;310005459;;990000;0;0;0;0;1;1;;;1;1;0;1;170;2588;252;553;921;52326;5703;16883;3913;1327;213;453;170;335;179;41;175;2;80;1
HAD;2021;310016977;HOPITAUX MERE & ENFANTS SITE VIGUIER;310781406;0;;;;;;1;1;0;0;0;1;;;0;1;0;0;10;331;188;3;0;3424;1339;117;0;298;172;2;0;0;0;0;0;0;0;0
HAD;2021;310780259;CL PASTEUR;310000096;1;2;310780259;310780259;;1047191;0;0;0;0;1;1;0;0;1;0;0;0;130;2044;0;503;592;44516;0;15022;4539;1214;0;417;148;445;169;6;287;0;43;0
HAD;2021;320004328;HAD GERS CL PASTEUR;310000096;0;;;;;191283;0;0;0;0;1;1;0;0;1;0;0;0;30;467;0;170;46;16537;0;5802;725;337;0;139;20;122;52;1;64;0;17;0
HAD;2021;330000332;HOPITAL SUBURBAIN DU BOUSCAT;330780545;1;2;330000332;;;373000;1;0;1;1;1;0;1;0;1;1;0;1;225;1908;7;417;338;43041;139;12207;2521;1057;7;348;66;499;172;12;395;0;76;0
HAD;2021;330000340;MSP BORDEAUX BAGATELLE;330780552;1;1;330000340;;;806722;1;1;0;1;1;1;;;1;1;0;1;230;4633;279;691;2049;74374;6051;22170;6445;1811;222;503;249;529;222;51;335;0;107;0
HAD;2021;330000589;CH SUD GIRONDE - SITE LANGON;330027509;0;;;;;128000;1;1;0;0;1;1;0;0;1;0;0;0;40;740;117;123;88;13919;2335;3939;748;509;85;105;19;219;51;3;218;0;25;1
HAD;2021;330025958;HAD DES VIGNES ET DES RIVIERES;330025859;1;2;330025958;330025958;;330743;1;1;0;0;1;1;0;0;1;0;0;1;120;1478;0;461;214;32225;0;15258;1446;886;0;361;38;464;183;12;417;0;122;2
HAD;2021;340000223;HOPITAL ST CLAIR HBT SETE;340011295;0;;;;;136253;1;0;0;0;1;1;1;0;1;0;0;0;30;262;0;90;32;11690;0;4564;1541;200;0;77;14;98;46;2;56;0;18;0
HAD;2021;340016476;HAD BEZIERS HAD;340016468;0;;;;;200000;0;0;0;1;1;1;;;1;0;0;1;140;1285;0;420;32;47535;0;17195;1443;1023;0;349;19;612;198;2;477;0;95;0
HAD;2021;340017839;ADENE HAD MONTPELLIER;340027937;0;;;;;515791;1;1;1;0;1;1;;;1;0;0;0;50;380;0;193;8;15075;0;4662;87;325;0;189;2;179;116;0;156;0;94;0
HAD;2021;340017847;HAD HOME SANTE 34;340018175;0;0;;;;500000;0;0;0;0;1;1;1;0;1;0;0;0;30;524;0;140;12;13510;0;3586;370;489;0;136;6;259;92;1;275;0;29;0
HAD;2021;340021211;HAD CH BEZIERS;340780055;1;1;340016476;;;;1;0;0;1;1;1;;;1;0;0;0;20;280;0;57;31;10038;0;1354;669;203;0;53;8;74;21;3;3;0;1;0
HAD;2021;340780154;POLYCL PASTEUR;340000116;0;;;;;150000;1;0;0;0;1;1;;;1;0;0;0;100;554;0;289;11;18170;0;8126;408;427;0;221;11;217;119;1;164;0;69;0
HAD;2021;340782036;HOPITAL ST ELOI CHU MONTPELLIER;340780477;1;2;340782036;340796663;;532000;1;0;1;1;1;1;;;1;1;0;1;104;1355;158;228;249;31882;2306;4991;7580;927;135;200;118;237;92;11;146;0;42;1
HAD;2021;350007084;CHRU RENNES SITE HOPITAL SUD;350005179;0;;;;;;0;0;0;0;1;0;1;0;0;0;0;0;6;25;11;0;0;191;49;0;0;22;9;0;0;0;0;0;0;0;0;0
HAD;2021;350042628;HAD 35;350042578;1;1;350042628;;;850000;0;0;1;1;1;1;0;0;1;1;1;1;200;3444;147;931;69;62159;1830;21054;963;1700;88;843;42;694;510;3;473;0;386;0
HAD;2021;350044772;HAD SAINT MALO DINAN;350000626;0;;;;;263728;;;;;1;0;1;0;1;0;0;0;90;977;3;311;33;34821;39;10373;637;700;3;244;13;324;107;3;146;0;12;0
HAD;2021;360000137;CH CHATEAUROUX;360000053;1;4;360000137;360000103;360000160;217312;1;0;0;0;;;;;1;0;0;0;35;297;0;89;1;9243;0;2736;27;215;0;74;1;60;29;1;18;0;6;0
HAD;2021;370009938;HAD VAL DE LOIRE;440052041;0;;;;;426000;1;1;0;0;1;1;;;1;1;1;1;150;1534;1;722;114;44592;6;20085;1036;1032;1;597;30;480;364;7;317;0;241;4
HAD;2021;370103673;ASSAD HAD D'INDRE ET LOIRE;370001638;1;3;;;;605511;1;1;0;0;1;1;0;0;1;0;0;0;104;1016;0;280;140;23958;0;7456;699;591;0;232;30;188;101;8;81;0;32;0
HAD;2021;380000067;HOPITAL NORD - CHU38;380780080;0;;;;;572169;1;1;0;0;1;1;0;0;1;0;0;0;82;2712;276;76;1707;18995;3899;2123;2411;731;210;65;225;83;21;34;11;0;5;1
HAD;2021;380000174;CH LUCIEN HUSSEL DE VIENNE;380781435;0;;;;;190640;1;1;0;0;1;1;;;1;0;0;0;35;360;0;146;88;12522;0;4710;2607;244;0;131;38;74;51;6;13;0;11;0
HAD;2021;380000406;HOPITAL DE VOIRON - CHU38;380780080;0;;;;;200000;;;;;;;;;1;0;0;0;30;217;0;46;0;4674;0;1557;0;104;0;39;0;37;17;0;17;0;5;0
HAD;2021;390004349;HAD 39;390004299;0;;;;;;0;0;0;0;;;;;1;0;0;0;60;570;0;390;19;26714;0;19461;455;412;0;307;7;163;148;1;100;0;92;1
HAD;2021;400008199;HAD MARSAN ADOUR;400008108;0;;;;;150000;1;0;0;0;1;0;1;0;1;0;0;0;50;530;0;235;1;15548;0;7128;5;356;0;187;1;115;70;0;65;0;42;0
HAD;2021;400780888;SANTE SERVICE DAX -HAD-;400000535;0;;;;;230000;0;0;0;0;1;1;0;0;1;0;0;0;200;1067;0;409;9;73139;0;19943;120;756;0;315;4;323;152;0;47;0;24;0
HAD;2021;410005003;HAD LOIR ET CHER;440052041;1;1;410005003;;;337000;1;1;0;0;1;1;;;1;1;0;1;240;1740;0;589;75;49583;0;20776;871;1142;0;443;18;563;231;2;293;0;54;1
HAD;2021;420000010;CH DE ROANNE;420780033;0;;420000010;;;;1;0;0;0;1;0;1;0;1;0;1;1;50;411;0;289;59;13059;0;10877;780;273;0;210;15;76;65;4;21;0;17;0
HAD;2021;420002479;ADENE HOSPITALISATION A DOMICILE;340027937;0;;;;;3139311;1;0;0;0;1;1;;;1;1;1;1;190;1307;176;251;158;44639;3626;7590;6758;832;151;214;103;115;57;12;47;1;12;1
HAD;2021;420010258;GCS SANTE A DOM SAINT-PRIEST-EN-JAREZ;420010209;0;;;;;510194;0;0;0;0;1;1;;;1;0;0;0;100;727;0;339;104;33079;0;14012;5648;555;0;292;65;237;163;13;80;0;48;0
HAD;2021;430000117;CH EMILE ROUX LE PUY;430000018;1;2;430000117;430000117;;226835;1;0;0;0;1;1;;;1;0;0;0;64;499;0;187;43;14578;0;4633;2369;380;0;162;39;121;67;2;55;0;22;0
HAD;2021;440000271;CHU DE NANTES SITE HOTEL DIEU HME;440000289;0;;;;;;0;0;0;0;;0;0;0;1;0;0;0;12;957;56;9;524;6339;346;19;3950;168;51;1;50;0;0;0;0;0;0;0
HAD;2021;440012128;HAD NANTES ET REGION;440003960;1;3;440012128;;;1025720;0;0;0;0;1;1;;;1;0;1;0;250;3620;23;1324;330;81506;502;32929;3004;2643;20;1159;98;836;578;9;432;0;294;0
HAD;2021;440017440;HOPITAL A DOMICILE CH ST NAZAIRE;440000057;0;;;;;;1;0;0;0;1;1;1;0;1;0;0;0;80;2219;3;410;823;26265;63;6295;1545;1183;3;380;102;462;209;24;317;0;145;2
HAD;2021;450018528;ASSAD HAD DU LOIRET;370001638;0;2;;;;678105;1;1;0;0;1;1;0;0;1;1;1;1;90;1078;525;125;48;19150;6377;3013;259;825;476;109;12;89;53;0;38;0;15;0
HAD;2021;450018536;HAD ORLEANS MONTARGIS;440052041;1;2;450018536;;;660000;1;0;0;0;;;;;1;0;0;0;200;2416;193;755;369;71630;1645;20741;3353;1546;183;649;89;674;405;19;439;0;221;2
HAD;2021;460000110;CH JEAN ROUGIER CAHORS;460780216;0;;;;;56000;1;1;0;0;1;1;;;0;1;0;0;30;213;0;63;3;6418;0;1179;95;155;0;52;3;65;26;0;31;0;14;0
HAD;2021;460007404;HAD 46;460007396;1;4;460007404;460007404;460007404;120000;1;1;0;0;1;1;;;1;0;0;1;70;553;0;205;16;19442;0;8748;558;459;0;171;8;283;95;0;213;0;42;0
HAD;2021;470009358;HOSPITALISATION A DOMICILE 47;470009309;1;3;470009358;470009358;470009358;331970;1;0;0;0;1;1;;;1;0;0;0;110;1122;9;524;11;35274;57;17016;79;831;9;395;7;314;170;1;173;0;71;0
HAD;2021;480001825;HAD LOZERE;750047367;0;;;;;77000;;;;;1;1;;;1;0;0;0;29;259;0;151;6;10797;0;4528;350;175;0;119;6;68;54;0;29;0;26;0
HAD;2021;490000312;HAD SAINT SAUVEUR;490012176;0;;;;;480038;1;1;0;0;1;0;0;0;1;1;1;1;140;2737;21;540;379;35255;152;12794;1413;1478;20;462;58;388;236;10;186;0;112;0
HAD;2021;490016334;HAD MAUGES BOCAGE CHOLETAIS;490016326;1;1;490016334;;;270948;1;1;0;1;1;0;0;0;1;1;1;1;75;1324;0;554;179;18473;0;6287;2053;964;0;504;71;480;352;6;370;0;292;1
HAD;2021;490016870;HAD OUEST ANJOU SAUMUROIS;440052041;0;;;;;108000;1;0;0;0;1;0;0;0;1;0;0;1;40;511;0;240;41;12632;0;4523;956;398;0;204;21;196;122;10;123;0;64;0
HAD;2021;500000021;CHAG - SITE AVRANCHES;500000054;0;;;;;;1;0;0;0;1;0;1;0;1;0;0;0;30;385;0;120;31;7799;0;2728;162;243;0;112;4;97;54;3;41;0;29;0
HAD;2021;500000187;CHPC - SITE CHERBOURG;500000013;0;;;;;196400;1;1;0;1;1;0;1;0;1;0;0;0;48;821;0;162;126;10697;0;4939;215;331;0;129;18;94;54;2;30;0;12;0
HAD;2021;500000450;CH MEMORIAL - SAINT-LO;500000112;1;2;500000112;500000112;;;1;1;0;0;1;1;;;1;0;0;0;45;559;0;263;5;14443;0;5682;100;409;0;213;5;145;93;1;69;0;38;0
HAD;2021;500021274;HAD DU CH DE VIRE SITE DE MORTAIN;140000159;0;0;;;;;0;0;0;0;1;1;;;1;0;0;0;10;87;0;32;1;2759;0;1497;52;61;0;26;1;26;10;0;13;0;5;0
HAD;2021;500021282;HAD DU CH DE VIRE SITE DE VILLEDIEU;140000159;0;;;;;;0;0;0;0;1;1;;;1;0;0;0;10;67;0;27;1;2782;0;1229;19;53;0;24;1;25;14;0;3;0;1;0
HAD;2021;510000250;CENTRE HOSPITALIER VITRY LE FRANCOIS;510000078;1;1;510000250;;;118000;1;1;0;0;1;1;;;1;0;0;0;30;284;0;45;4;7807;0;463;42;194;0;43;2;52;14;0;16;0;8;0
HAD;2021;510002298;HAD DE REIMS CROIX ROUGE FRANCAISE;750721334;0;;;;;271034;1;1;0;0;1;1;0;0;1;0;0;0;87;760;0;192;1;23287;0;7016;52;456;0;159;1;146;73;0;21;0;8;0
HAD;2021;510017098;HAD EPERNAY;510000060;0;;;;;;0;0;0;0;1;1;;;1;0;0;0;30;300;0;76;0;6480;0;1850;0;177;0;65;0;54;25;0;17;0;4;0
HAD;2021;510020548;HAD CHALONS-EN-CHAMPAGNE;750047367;0;;;;;110000;1;0;0;0;1;1;;;1;0;0;0;33;365;0;201;9;12133;0;5866;111;267;0;164;5;125;93;0;64;0;43;0
HAD;2021;520003823;HAD CHAUMONT LANGRES;750047367;0;;;;;110000;1;0;0;0;1;1;;;1;0;0;0;39;457;0;282;30;14487;0;7710;656;266;0;159;13;105;67;2;26;0;13;0
HAD;2021;530000017;CH HAUT ANJOU SITE CHATEAU GONTIER;530000025;0;;;;;;;;;;;;;;0;0;0;0;20;158;0;51;0;5206;0;1196;0;128;0;44;0;43;24;0;16;0;8;0
HAD;2021;530000173;CH DU NORD MAYENNE;530000074;0;;;;;;;;;;;;;;0;0;0;0;11;156;0;54;13;3903;0;636;123;118;0;51;8;42;27;0;37;0;29;0
HAD;2021;530000264;CENTRE HOSPITALIER DE LAVAL;530000371;1;2;530000173;530000017;;150000;1;0;0;0;1;1;;;1;0;1;1;35;462;0;221;47;10062;0;3777;421;350;0;202;9;159;128;2;111;0;101;0
HAD;2021;540000155;CENTRE HOSPITALIER DE LUNEVILLE;540000080;0;;;;;120000;1;0;0;0;1;0;1;0;1;0;0;0;50;359;29;172;34;15144;640;6152;1028;241;21;137;14;91;62;3;32;0;16;0
HAD;2021;540001096;CH DE MT ST MARTIN (GROUPE SOS SANTE);570010181;0;;;;;120000;1;0;0;0;1;1;0;0;1;0;0;0;15;181;1;81;0;3988;28;1425;0;147;1;66;0;47;35;0;34;0;24;0
HAD;2021;540010568;HAD HADAN AGGLOMERATION NANCEIENNE;540010519;0;0;;;;413000;1;0;0;0;1;1;;;1;1;1;1;219;3043;301;878;714;80054;5693;26461;5413;1863;241;682;125;703;328;35;254;0;153;0
HAD;2021;540020146;CENTRE DE REEDUCATION FLORENTIN;540006707;0;;;;;500000;0;0;0;0;1;1;;;1;0;1;1;70;590;0;115;7;15864;0;1589;78;519;0;104;6;295;63;2;103;0;41;0
HAD;2021;540025046;HAD HADAN SITE JOEUF;540010519;0;0;;;;190292;1;0;0;0;1;1;;;1;1;1;1;31;455;81;208;1;11282;1578;4661;22;317;64;162;1;123;97;0;63;0;54;0
HAD;2021;550000012;CH VERDUN/ST MIHIEL-HOP ST NICOLAS;550006795;0;;;;;100000;1;1;0;0;1;1;;;1;1;1;1;30;429;30;121;64;8477;459;3248;567;265;26;104;14;84;37;6;35;0;18;1
HAD;2021;550000434;CENTRE HOSPITALIER DE BAR-LE-DUC;550003354;1;1;550000434;;;75000;1;1;1;1;1;1;0;0;1;0;0;1;120;562;0;251;70;26078;0;10032;411;394;0;215;9;176;118;2;72;0;61;0
HAD;2021;560000192;CENTRE HOSPITALIER DE PLOERMEL;560000044;1;1;350044038;;;126248;1;0;0;0;1;1;;;1;0;1;1;40;465;0;224;26;8807;0;4051;373;369;0;195;21;204;125;3;149;0;94;1
HAD;2021;560008799;H‘PITAL PRIV… OC…ANE;560013989;1;1;560008799;;;350000;1;1;0;0;1;0;0;0;1;1;1;1;120;1394;97;644;32;37955;2061;17197;1136;1060;84;565;19;429;283;4;195;0;115;2
HAD;2021;560018509;HAD DE L'AVEN A ETEL;560018459;1;2;560018509;;;296138;1;1;0;0;1;1;;;1;0;0;0;180;1610;186;805;53;58709;1179;30897;2288;1268;182;716;44;495;395;5;202;1;161;0
HAD;2021;560022188;HAD CENTRE BRETAGNE;350000626;0;;;;;131965;0;0;0;0;1;0;1;0;1;0;0;0;60;573;5;237;28;17091;115;8657;704;350;4;176;12;132;71;1;27;0;3;2
HAD;2021;570000091;HOPITAL FILIERIS DE FREYMING-MERLEBACH;750050759;0;;;;;255000;1;0;0;0;1;1;1;0;1;1;1;1;60;465;23;182;8;19519;483;6608;282;356;17;163;6;110;72;0;37;0;23;0
HAD;2021;570000117;CH SAINT-NICOLAS DE SARREBOURG;570015099;0;;;;;;1;0;0;0;1;1;;;1;0;0;0;52;466;0;162;51;15163;0;3943;1604;337;0;151;27;148;78;1;86;0;43;0
HAD;2021;570000281;HOPITAL D'HAYANGE - CHR;570005165;0;;;;;217925;1;0;0;0;1;1;;;1;0;0;0;32;346;136;88;12;6796;2692;1511;239;271;107;82;9;60;43;0;42;0;33;0
HAD;2021;570000901;HOPITAL ROBERT PAX DE SARREGUEMINES;570000158;0;;;;;100236;0;0;0;0;1;1;;;1;0;0;0;35;214;4;94;0;7720;81;4153;0;164;4;80;0;41;28;0;17;0;7;0
HAD;2021;570026252;HOPITAL ROBERT SCHUMAN DE VANTOUX -HPM;570023630;0;;;;;350000;1;0;0;0;1;1;;;1;1;0;1;72;908;176;231;99;20346;4079;3652;1139;681;144;204;35;204;121;6;110;0;74;0
HAD;2021;580001899;HOSP. A DOMICILE NIVERNAIS MORVAN;750721334;1;1;580001899;;;105873;1;1;0;0;1;1;0;0;1;0;0;0;30;278;0;111;7;10754;0;3279;176;167;0;74;5;49;24;1;15;0;1;0
HAD;2021;590025128;HAD DU HAINAUT;620001834;0;;;;;;0;0;0;0;1;1;;;1;0;0;0;100;903;0;515;5;19300;0;9151;300;783;0;473;2;304;245;2;172;0;144;2
HAD;2021;590025458;HAD DU CH D'HAZEBROUCK;590782652;0;;;;;209322;0;0;0;0;1;1;;;1;0;0;0;30;893;0;266;257;16378;0;6522;775;525;0;241;42;198;134;2;102;0;72;0
HAD;2021;590032108;HOPITAL A DOMICILE DU DOUAISIS MUTUALI;590024469;0;;;;;245683;0;0;0;0;1;1;;;1;0;0;0;60;589;0;338;10;15633;0;8753;102;487;0;292;7;169;130;1;59;0;44;1
HAD;2021;590032199;HOPITAL A DOMICILE DU CAMBRESIS;590024469;0;;;;;161655;0;0;0;0;;;;;1;0;0;0;50;485;0;221;4;13091;0;4399;54;387;0;189;4;149;99;0;62;0;45;0
HAD;2021;590035838;HAD SAMBRE AVESNOIS;590000485;0;;;;;24000;1;0;0;0;1;1;;;1;0;0;0;45;450;0;200;6;13060;0;4403;139;356;0;178;5;107;72;2;24;0;16;0
HAD;2021;590043469;HOPITAL A DOMICILE DE FLANDRE MARITIME;590024469;0;;;;;375768;0;0;0;0;;;;;1;0;0;0;85;714;0;270;0;29825;0;9212;0;540;0;250;0;245;153;0;129;0;68;0
HAD;2021;590045407;HAD CHRU LILLE;590780193;0;;;;;126;1;0;0;0;1;0;1;0;1;0;0;0;65;2560;462;107;907;24326;9106;2525;2541;1011;385;97;136;89;34;28;14;0;1;0
HAD;2021;590046124;SANTELYS HAD ROUBAIX ET ENVIRONS;590799995;0;;;;;1200000;0;0;0;0;1;1;;;1;0;0;0;100;553;3;267;2;22294;6;7904;42;418;3;216;1;152;113;0;51;0;33;0
HAD;2021;590048476;HAD SYNERGIE R……DUC-R…ADAPTATION;590051801;0;;;;;;0;0;0;0;1;0;0;0;1;0;0;0;60;1261;0;607;116;22605;0;8651;656;985;0;553;27;497;365;8;327;0;245;0
HAD;2021;590812509;SANTELYS HAD LILLE METROPOLE;590799995;0;;;;;1200000;0;0;0;0;1;1;;;1;0;0;0;150;1134;0;609;0;43963;0;19818;0;876;0;510;0;338;246;0;155;0;112;0
HAD;2021;600000194;CH BEAUVAIS;600100713;0;;;;;235000;1;1;0;1;1;0;1;0;1;0;1;1;35;456;0;193;65;11867;0;4792;766;352;0;169;14;119;94;1;43;0;34;0
HAD;2021;600003008;SERVICE HOSPITALISATION A DOMICILE;600113278;1;1;600003008;;;391107;1;0;0;;1;1;0;0;1;0;0;1;110;696;30;256;37;29426;685;10155;1406;503;28;206;23;141;80;4;33;0;20;0
HAD;2021;600010102;HAD CHICN COMPI»GNE;600100721;0;;;;;180000;1;1;0;0;1;1;;;1;0;0;0;33;277;0;91;3;8369;0;2775;70;191;0;70;2;56;24;0;21;0;0;0
HAD;2021;610004269;SERVICE D'HOSPITALISATION ¿ DOMICILE;610787038;0;0;;;;60082;1;0;0;0;1;0;1;0;1;0;0;0;25;161;0;85;2;7438;0;3148;54;115;0;59;2;50;24;0;9;0;3;0
HAD;2021;610005837;HOSPITALISATION A DOMICILE - ALENCON;610787285;1;1;610007155;;;55908;1;0;0;0;1;0;1;1;1;0;0;0;20;194;0;103;17;3749;0;1759;389;152;0;90;11;72;48;2;23;0;16;0
HAD;2021;610006256;HAD ORNE-EST;610006769;1;1;610006777;;;51100;1;1;0;0;1;0;1;0;1;0;0;0;20;143;0;77;4;4567;0;2143;84;111;0;61;3;40;26;1;2;0;2;0
HAD;2021;610006777;HAD ORNE EST - SITE DE L'AIGLE;610006769;1;1;610006256;;;26300;1;1;0;0;1;0;1;0;1;0;0;0;10;91;0;41;11;2603;0;1249;158;62;0;27;4;15;7;0;4;0;0;0
HAD;2021;610007155;HAD - LA FERTE MACE (ANTENNE ALENCON);610787285;0;;;;;33027;1;0;0;0;1;0;1;0;1;0;0;0;10;76;0;27;9;2142;0;700;180;61;0;24;5;27;12;0;9;0;3;0
HAD;2021;610007312;HAD DU CH DE VIRE - SITE DE FLERS;140000159;0;;;;;;0;0;0;0;1;1;;;1;0;0;0;15;176;0;98;5;3830;0;1829;38;150;0;91;3;56;47;0;35;0;29;1
HAD;2021;620003889;SANTELYS HAD DU B…THUNOIS;590799995;0;;;;;320000;1;0;0;0;1;1;;;1;0;0;0;130;1038;0;497;10;43454;0;19236;107;753;0;399;3;251;173;0;83;0;37;1
HAD;2021;620010348;HAD CALAIS - SAINT OMER;590024469;1;1;620010348;;;287777;0;;0;0;1;1;;;1;0;0;0;85;974;0;361;0;27237;0;9140;0;616;0;282;0;235;137;0;76;0;50;0
HAD;2021;620010389;SANTELYS HAD ARTOIS ET TERNOIS;590799995;0;;;;;280000;0;0;0;0;1;1;;;1;0;0;0;150;1250;67;671;3;51385;1701;23271;137;952;59;539;3;392;287;1;167;1;111;1
HAD;2021;620013649;HAD DU LITTORAL BOULOGNE MONTREUIL;620013599;1;3;620013649;;;280000;1;0;0;0;1;1;;;1;0;0;0;120;1049;0;595;56;35170;0;16170;463;732;0;442;11;284;218;5;96;0;64;0
HAD;2021;620105981;HOPITAL A DOMICILE REGION DE LENS;620000968;0;;;;;400000;0;0;0;0;;;;;1;0;0;0;200;1961;17;863;166;64022;417;24253;594;1270;15;694;24;427;307;3;97;0;70;0
HAD;2021;630008118;HAD KORIAN CLERMONT-FERRAND;630011153;0;;;;;650000;1;0;0;0;1;1;;;1;0;0;0;75;547;0;172;31;23467;0;9064;1182;420;0;129;24;213;68;6;155;0;31;1
HAD;2021;630010296;HAD 63 - SERVICE HAD;630001188;0;;;;;647500;0;0;0;0;1;0;1;0;1;0;0;1;400;1968;18;262;474;30133;247;5129;2210;1207;16;245;81;489;127;12;371;0;37;0
HAD;2021;630010528;HAD AURASANTE;630000990;0;;;;;500000;0;0;0;0;1;1;;;1;1;1;1;400;730;0;208;45;20545;0;6779;1474;523;0;174;34;211;76;2;104;0;3;0
HAD;2021;640000162;CH DE LA COTE BASQUE - BAYONNE;640780417;0;;;;;293000;1;1;0;0;1;0;0;0;1;1;0;0;6;185;184;0;0;2573;2569;0;0;137;136;0;0;0;0;0;0;0;0;0
HAD;2021;640000402;CENTRE HOSPITALIER D'ORTHEZ;640780813;1;2;640780813;;;103000;1;0;1;0;1;1;;;1;0;0;0;50;318;0;124;42;12477;0;3588;1484;241;0;110;23;110;62;3;31;0;16;0
HAD;2021;640000600;CENTRE HOSPITALIER DE PAU;640781290;0;;;;;170994;1;0;0;0;1;0;1;0;1;0;0;0;63;810;1;211;273;13872;7;4019;695;410;1;181;39;153;86;7;15;0;8;0
HAD;2021;640013298;HAD BEARN ET SOULE;640011508;1;2;640013298;640013298;;122000;1;0;0;0;1;1;;;1;0;0;0;50;458;0;195;4;13400;0;3946;73;336;0;182;3;162;111;1;50;0;34;1
HAD;2021;640789699;SANTE SERVICE BAYONNE-HAD;640003570;0;;;;;310000;1;0;0;0;1;1;1;1;1;0;0;;100;1009;0;377;185;42727;0;16801;620;632;0;302;23;273;154;10;106;0;56;0
HAD;2021;650004799;GCS RESAPY;650003148;1;2;650004799;;;229191;0;0;0;1;1;1;;;1;;;;64;801;0;320;134;19081;0;6948;706;584;0;292;27;241;144;6;140;0;63;0
HAD;2021;660000084;CH PERPIGNAN;660780180;1;1;660000167;;;;;;;;;;;;1;0;0;0;60;819;65;157;206;13753;1441;3390;1030;515;60;140;29;169;46;13;109;0;9;0
HAD;2021;660006172;HAD MEDIHAD;660790379;0;;;;;240000;1;0;0;0;1;0;1;1;1;0;0;0;45;526;0;189;3;17339;0;7576;18;413;0;159;3;148;70;0;27;0;8;0
HAD;2021;670005479;HAD AURAL BERGSON;670000652;0;;;;;550000;1;1;0;0;1;;1;0;1;0;0;0;100;1071;1;304;19;28762;17;9004;264;814;1;224;13;218;62;1;69;0;13;0
HAD;2021;670008838;HAD NORD ALSACE- FONDATION ST FRAN«OIS;670000785;0;;;;;350000;1;0;0;0;1;1;0;0;1;0;0;0;75;900;0;114;15;24644;0;3228;201;550;0;87;5;124;22;0;29;0;0;0
HAD;2021;670780113;CMCO;670780055;0;;;;;500510;1;1;0;0;1;1;;;0;1;0;0;12;316;309;0;0;3872;3822;0;0;258;252;0;0;0;0;0;0;0;0;0
HAD;2021;670798636;CLINIQUE SAINT-LUC;670014604;0;;;;;33813;1;0;0;0;1;0;0;0;1;0;0;0;25;413;0;115;0;7259;0;2962;0;258;0;96;0;99;53;0;54;0;23;0
HAD;2021;680007648;HAD CENTRE ALSACE;680007598;0;;;;;400000;1;1;0;0;1;1;;;1;0;0;0;100;1207;1;348;0;32362;21;8360;0;887;1;259;0;267;105;0;75;0;30;0
HAD;2021;680017829;HAD SUD ALSACE;680017811;0;;;;;490400;0;0;0;0;1;1;1;0;1;0;0;1;120;1224;182;494;31;34196;4095;12732;207;933;151;397;9;249;143;2;73;0;31;0
HAD;2021;690000880;CENTRE LEON BERARD;690783220;0;;;;;1952721;1;1;0;1;1;1;;;1;0;0;1;216;7998;0;1053;5949;78761;0;36331;21941;1886;0;731;924;189;115;70;0;0;0;0
HAD;2021;690788930;HAD SOINS ET SANTE LYON;690001623;1;2;690007588;380008979;;2000000;1;0;0;0;1;1;;;1;0;0;0;370;4233;0;950;883;115161;0;27969;8351;2327;0;869;190;995;501;39;283;0;65;2
HAD;2021;700000698;HOSPITALIA MUTUALITE HAD VESOUL;250017803;0;;;;;260000;0;0;0;0;;;;;1;0;0;0;30;312;0;156;5;10992;0;5235;263;237;0;126;5;64;50;0;13;0;4;0
HAD;2021;710015231;HAD NORD SAONE ET LOIRE;710015223;1;1;710011198;;;359602;1;0;1;1;1;1;;;1;1;0;1;120;1189;66;413;113;39770;865;13778;3411;816;63;311;58;262;137;6;110;0;40;0
HAD;2021;710978289;CH LES CHANAUX MACON;710780263;1;2;710978289;;;215000;1;0;0;0;1;1;0;0;1;0;0;0;40;746;0;99;134;17001;0;2728;2088;496;0;82;60;162;29;6;126;0;10;0
HAD;2021;720000124;CENTRE HOSPITALIER CHATEAU DU LOIR;720000066;1;1;720000066;;;;1;;;1;1;0;1;0;1;0;1;1;30;453;0;151;20;8914;0;4473;385;332;0;128;9;193;55;3;133;0;2;1
HAD;2021;720016856;HAD DE LA SARTHE;720008390;0;1;720016856;;;450000;0;0;0;0;1;1;;;1;0;0;0;60;999;1;485;104;17842;49;10837;719;623;1;425;29;314;248;6;193;0;152;0
HAD;2021;730000031;CHMS CHAMBERY NH;730000015;0;;;;;;1;1;0;0;1;1;0;0;1;0;0;0;30;1203;0;154;626;17125;0;3943;2240;466;0;131;101;105;42;7;29;0;1;0
HAD;2021;730000049;CH DE MOUTIERS;730002839;0;;;;;130808;1;0;0;0;1;0;1;0;1;0;1;1;23;260;0;88;93;6817;0;2554;682;143;0;68;25;41;29;3;11;0;6;0
HAD;2021;730000080;CH DE SAINT JEAN DE MAURIENNE;730780103;0;;;;;42000;1;;;;1;1;;;1;1;1;0;15;279;0;49;158;4864;0;1044;1088;111;0;40;29;37;20;5;9;0;5;1
HAD;2021;740000237;CH ANNECY-GENEVOIS SITE ANNECY;740781133;0;;;;;471923;1;0;1;0;1;1;0;0;1;0;0;0;35;512;0;158;166;11670;0;2799;2071;334;0;152;55;141;84;14;55;0;28;0
HAD;2021;740000328;HOPITAUX DU LEMAN;740790381;0;;;;;144000;1;1;0;0;1;1;;;1;0;0;0;30;834;0;84;530;7852;0;1719;1834;300;0;76;73;85;37;11;23;0;14;0
HAD;2021;740010475;HAD HAUTE-SAVOIE SUD;440052041;1;1;740010475;;;350000;1;0;0;0;1;1;;;1;0;0;0;80;639;0;312;16;24454;0;7549;513;509;0;282;10;294;201;0;149;0;107;1
HAD;2021;740781141;CH ALPES LEMAN;740790258;0;;;;;285000;1;1;0;1;1;1;;;1;0;0;1;20;457;0;112;182;5514;0;1769;632;239;0;102;36;75;48;6;21;0;12;0
HAD;2021;740781224;HOPITAUX DU MONT BLANC SITE SALLANCHES;740001839;0;;;;;110000;0;0;0;0;1;1;;;1;1;0;0;12;216;50;62;10;4639;878;1350;151;169;43;58;5;40;31;1;9;0;7;0
HAD;2021;750042459;HAD CROIX SAINT SIMON;750712341;1;4;750042459;750042459;750042459;12324300;0;0;0;0;1;1;;;1;1;0;0;400;5251;1773;691;590;119919;12399;23047;18309;3824;1722;577;246;501;228;36;150;0;31;1
HAD;2021;750806226;HOSPITALISATION A DOMICILE APHP PARIS;750712184;1;23;750806226;;;12324300;1;1;1;1;1;1;0;0;1;1;1;1;900;17546;2517;1900;6691;291847;30526;62696;41567;7717;2089;1468;1144;1488;695;221;398;0;117;7
HAD;2021;760000364;CHI DU PAYS DES HAUTES FALAISES FECAMP;760780734;0;;;;;180000;1;0;0;0;1;1;;;1;0;0;0;30;366;0;197;6;7909;0;3598;33;302;0;158;6;115;67;4;41;0;21;0
HAD;2021;760000463;CH LES FEUGRAIS CHI ELBEUF;760024042;0;;;;;220000;1;1;0;0;1;1;;;1;0;0;0;30;351;0;150;24;7596;0;4074;25;236;0;125;4;71;45;1;36;0;19;0
HAD;2021;760020529;HAD DU CEDRE;760000257;0;;;;;219677;0;0;0;0;1;0;1;1;1;0;0;0;31;470;0;241;4;11559;0;5376;33;376;0;212;3;132;92;0;49;0;32;0
HAD;2021;760021329;HOPITAL PRIVE DE L'ESTUAIRE;760000448;0;;;;;270000;1;0;0;0;1;0;1;0;1;0;0;0;40;453;4;240;1;10276;29;3746;29;375;4;211;1;168;145;0;151;0;143;0
HAD;2021;760035709;HAD CAUX MARITIME;440052041;0;0;;;;155000;1;1;0;0;1;1;;;1;0;0;0;60;458;0;223;7;17035;0;8834;155;345;0;184;3;136;85;1;63;0;25;1
HAD;2021;760783035;HOPITAL-HAD DE BOIS-GUILLAUME;750721334;0;;;;;;;;0;0;;;;;1;0;0;0;70;677;0;255;4;20689;0;6899;176;526;0;222;4;203;124;0;85;0;57;0
HAD;2021;770000164;CH SUD SEINE ET MARNE SITE MONTEREAU;770021152;1;2;770000164;770000214;;250000;1;1;;;1;0;1;0;1;;0;0;80;341;0;239;5;19115;0;13311;160;236;0;156;2;114;83;0;47;0;30;0
HAD;2021;770016475;HAD CENTRE 77 COULOMMIERS;770014207;1;2;770016475;770016475;;200000;1;1;0;0;1;1;;;1;0;0;1;80;392;2;59;17;11595;66;1429;843;262;1;52;15;94;21;1;49;0;4;1
HAD;2021;770021186;GCS HAD REGION DE MELUN - ACTIVITE;770021160;0;;;;;350000;1;0;0;0;1;1;;;1;0;0;0;90;883;0;148;24;26881;0;4753;485;745;0;134;16;192;65;2;73;0;22;0
HAD;2021;770021251;HAD NORD SEINE ET MARNE;440052041;1;1;770021251;;;500000;0;0;0;0;1;1;;;1;0;0;0;100;423;0;113;15;21567;0;3908;732;350;0;102;10;178;57;1;146;0;33;0
HAD;2021;770700011;CENTRE DE READAPTATION DE COUBERT;930027347;1;3;;;;1500000;0;0;0;0;1;0;0;0;0;0;1;0;90;388;0;1;1;22271;0;16;11;284;0;1;1;90;0;0;9;0;0;0
HAD;2021;780004529;HAD KORIAN YVELINES SUD;310021233;0;;;;;1000000;1;1;0;0;1;1;;;1;0;0;0;150;923;0;373;43;36599;0;13429;1619;753;0;325;29;462;196;7;276;0;83;0
HAD;2021;780023545;HAD LEOPOLD BELLAN;750720609;0;;;;;178700;1;1;0;0;1;;;;1;0;0;1;35;228;0;59;48;9896;0;2634;2137;154;0;44;26;56;24;6;10;0;3;2
HAD;2021;790000087;CENTRE HOSPITALIER DE NIORT;790000012;0;;;;;156272;1;0;0;0;1;0;1;0;1;0;0;0;50;546;0;246;157;18358;0;9854;1756;270;0;158;30;85;62;4;31;0;26;0
HAD;2021;790000111;CH HAUT VAL SEVRE & MELLOIS - ST MAIX.;790019491;0;;;;;;1;1;0;0;1;1;;;1;0;0;0;30;365;0;176;13;15356;0;5653;202;291;0;143;11;143;66;2;78;0;32;0
HAD;2021;790017289;HAD NORD 79;790017271;0;;;;;152000;1;0;0;0;1;1;1;0;1;0;0;0;45;285;1;151;19;10821;12;6251;436;195;1;104;11;56;33;1;13;0;5;0
HAD;2021;800000226;CH DOULLENS;800000069;0;;;;;;1;1;0;0;1;1;;;1;0;0;0;30;325;0;116;23;11690;0;3693;370;220;0;101;7;93;55;0;20;0;11;0
HAD;2021;800000523;HAD ASS BOVES;800000853;0;;;;;300000;1;0;0;0;1;1;;;1;0;0;0;274;1520;0;633;32;99988;0;34399;3337;892;0;412;18;356;205;4;66;0;24;0
HAD;2021;800015448;HAD CH P…RONNE;800000093;0;;;;;85000;1;1;0;0;1;1;0;0;1;0;0;0;10;250;0;89;2;6347;0;2202;39;193;0;74;2;103;45;1;58;0;18;0
HAD;2021;800015489;HAD CH ALBERT;800000036;0;;;;;;1;1;0;0;1;0;1;0;1;0;0;1;10;143;0;61;2;5296;0;2061;40;106;0;46;2;51;27;0;21;0;7;0
HAD;2021;800015539;HAD CH ABBEVILLE;800000028;0;;;;;135000;1;1;0;0;1;0;1;1;1;0;0;0;30;283;0;96;2;9838;0;2158;10;217;0;83;1;67;34;0;6;0;3;0
HAD;2021;800015588;HAD CH HAM;800000077;0;;;;;30000;1;1;0;0;1;1;;;1;0;0;0;10;118;0;55;0;3647;0;1397;0;74;0;36;0;28;15;0;12;0;7;0
HAD;2021;800016768;HAD PAUCHET MONTDIDIER;800003071;0;;;;;;1;1;0;0;1;1;;;1;0;0;0;15;193;0;110;4;6538;0;2622;220;137;0;82;3;50;35;0;5;0;3;0
HAD;2021;800016776;HAD CHIMR MONTDIDIER;800000085;0;;;;;;1;1;0;0;1;1;;;1;0;0;0;15;190;0;80;11;7443;0;1969;255;118;0;52;5;52;26;2;23;0;11;1
HAD;2021;810000505;CH ALBI;810000331;0;;;;;174676;0;0;0;0;1;0;1;0;1;0;0;0;48;462;0;145;96;14575;0;4583;973;293;0;122;16;123;51;6;74;0;24;0
HAD;2021;810007989;HAD KORIAN PAYS D'OVALIE;750056335;0;;;;;215000;0;0;0;0;1;1;0;0;1;0;0;0;51;498;0;176;16;16152;0;4812;552;402;0;152;13;168;60;0;109;0;23;0
HAD;2021;820000032;CH MONTAUBAN;820000016;0;;;;;175608;1;0;0;0;1;0;1;0;1;0;0;1;30;458;0;110;211;5631;0;2052;408;211;0;83;28;71;27;8;30;0;9;0
HAD;2021;820000883;CHI CASTELSARRASIN MOISSAC SITE MOISSA;820004950;0;;;;;78399;1;1;0;0;1;1;;;1;0;0;0;25;202;0;96;37;4928;0;2924;136;144;0;85;9;65;45;3;8;0;6;0
HAD;2021;830012498;HOSPITALISATION A DOMICILE ST ANTOINE;830014049;0;;;;;200000;1;1;0;1;1;0;1;0;1;0;0;0;100;494;0;246;6;19526;0;9156;355;379;0;197;5;152;84;1;46;0;5;0
HAD;2021;830019600;HAD CAP DOMICILE;830000063;1;2;830019600;;;310000;0;0;0;0;1;0;1;0;1;0;0;0;90;910;5;516;9;34526;50;21128;166;644;1;373;5;299;161;0;115;0;12;0
HAD;2021;830100392;POLYCLINIQUE NOTRE DAME;830000154;0;;;;;120000;1;0;0;1;1;1;0;0;1;0;0;0;60;466;0;252;6;20875;0;12017;258;334;0;191;6;138;96;0;33;0;10;0
HAD;2021;830207114;HAD SANTE ET SOLIDARITE DU VAR;830001855;1;3;830207114;;;700000;0;0;0;0;1;0;1;0;1;0;0;0;380;2661;0;498;32;121556;0;19494;1000;2081;0;405;28;1103;228;5;629;0;22;1
HAD;2021;840011340;HADAR;840003164;0;;;;;68000;1;1;0;0;1;0;1;0;1;0;0;0;150;1143;0;392;108;41736;0;15313;945;741;0;262;23;387;106;10;290;0;26;1
HAD;2021;850006008;HAD DE VENDEE;850005968;0;0;;;;666000;1;0;0;1;1;0;1;0;1;0;1;1;250;2551;0;1078;100;84150;0;43672;654;1747;0;856;24;560;381;3;212;0;94;0
HAD;2021;860000223;CHU LA MILETRIE;860014208;1;1;860000025;;;437368;1;0;1;0;1;1;1;1;1;0;0;1;107;2551;0;436;1577;22698;0;7402;3710;993;0;365;227;359;216;36;223;0;147;1
HAD;2021;860008929;H.A.D. DE POITIERS;860008879;0;;;;;259068;0;0;0;0;;1;;;1;1;1;0;100;599;39;159;7;25184;774;6207;176;381;37;117;4;154;77;0;33;0;14;0
HAD;2021;870003514;HOPITAL JEAN REBEYROL LIMOGES;870000015;1;1;870000270;;;401724;1;1;0;0;1;0;1;0;1;0;1;1;74;1099;0;159;488;23899;0;4690;1563;477;0;149;71;140;71;14;18;0;5;0
HAD;2021;870004231;H A D SANTE SERVICE LIMOUSIN LIMOGES;870004074;1;3;870004231;870004231;870004231;372000;1;1;0;0;1;1;;;1;0;0;0;60;708;0;106;292;20676;0;4383;971;293;0;94;44;96;47;6;14;0;3;0
HAD;2021;880000039;CH DE GERARDMER CLAUDIUS REGAUD;880780069;1;1;880000047;;;168729;;;;;;;;;1;0;0;0;18;321;65;148;6;10625;1235;5283;51;233;54;106;3;39;26;0;0;0;0;0
HAD;2021;880006606;HAD KORIAN PAYS DES IMAGES;750056335;0;;;;;;1;0;0;0;1;1;0;0;1;0;0;0;40;398;0;189;15;11362;0;5616;297;270;0;145;10;96;66;2;74;0;33;1
HAD;2021;880006721;HAD KORIAN PAYS DE LA PLAINE;750056335;0;;;;;75000;0;0;0;0;1;1;;;1;0;0;0;50;511;0;213;6;16010;0;6732;485;350;0;158;4;180;84;1;138;0;55;1
HAD;2021;890009178;HAD SUD YONNE ET BOURGOGNE NIVERNAISE;750047367;0;;;;;235000;1;0;0;0;1;1;0;0;1;0;0;0;46;496;0;232;15;17130;0;6280;444;325;0;185;13;124;79;2;42;0;22;0
HAD;2021;890975543;CH JOIGNY;890000417;1;2;890975543;890975550;;;1;1;0;0;1;1;;;1;0;1;1;50;554;0;258;52;9796;0;2829;1121;394;0;241;36;194;160;3;141;0;128;0
HAD;2021;910025410;HAD KORIAN ESSONNE;310021233;0;;;;;;0;0;0;0;1;1;;;1;0;0;0;60;276;0;111;8;10798;0;4141;325;214;0;94;6;100;56;2;52;0;23;0
HAD;2021;920300043;HOPITAL PRIVE D ANTONY;920001526;0;;;;;;0;0;0;0;1;1;0;0;0;1;0;0;6;60;60;0;0;407;407;0;0;57;57;0;0;0;0;0;0;0;0;0
HAD;2021;920813623;HAD SANTE SERVICE;920029097;0;;;;;12324300;0;0;0;0;1;1;0;0;1;0;0;0;2000;38113;4538;2979;19195;676757;51113;122735;110133;16546;4114;2170;3122;2479;753;431;487;0;99;7
HAD;2021;930000286;GHI LE RAINCY MONTFERMEIL;930021480;0;;;;;195700;1;1;0;0;1;0;0;0;1;0;0;0;20;327;2;96;79;6227;24;2136;680;196;1;77;35;78;45;4;29;0;14;0
HAD;2021;930000328;CH GENERAL DELAFONTAINE;930110051;0;;;;;;;0;0;0;0;1;1;0;0;0;1;0;20;77;0;0;0;3957;0;0;0;69;0;0;0;14;0;0;0;0;0;0
HAD;2021;950000323;GHEM SIMONE VEIL SITE EAUBONNE;950013870;0;;;;;586509;1;1;0;0;1;1;;;1;0;1;0;40;610;0;268;0;9226;0;2383;0;490;0;257;0;346;218;0;312;0;206;0
HAD;2021;970100020;CENTRE MEDICO SOCIAL;970100152;0;;;;;75976;0;0;0;1;1;1;;;1;0;0;0;62;345;0;201;9;30462;0;16231;298;258;0;152;6;135;92;1;12;0;9;0
HAD;2021;970100418;CENTRE HOSPITALIER L-D. BEAUPERTHUY;970100194;1;2;970100418;;;61000;0;0;0;0;1;1;0;0;1;0;0;0;50;139;0;62;1;13819;0;4036;99;123;0;58;1;67;33;0;0;0;0;0
HAD;2021;970102596;CLINIQUE DE CHOISY;970100491;1;2;970111563;970115002;;124700;0;0;0;0;1;1;0;0;1;0;0;0;101;468;0;272;5;33910;0;19489;37;371;0;241;4;164;123;1;22;0;17;0
HAD;2021;970103099;CLINIQUE LES NOUVELLES EAUX MARINES;970100525;0;;;;;71493;0;0;0;0;1;1;;;1;0;1;1;60;266;0;99;10;12862;0;2979;193;197;0;86;9;101;50;1;9;0;4;0
HAD;2021;970111217;H.A.D. DE MARIE-GALANTE;970111209;0;;;;;;0;0;0;0;1;1;;;1;0;0;0;20;88;0;59;1;6078;0;4118;145;60;0;38;1;30;21;0;1;0;0;0
HAD;2021;970111365;HAD NORD BASSE TERRE;970111969;0;;;;;92846;0;0;0;0;;;;;1;0;0;0;70;358;0;176;32;22688;0;7174;1575;276;0;155;22;124;80;6;7;0;5;0
HAD;2021;970111563;HAD ILES DU NORD;970100491;0;;;;;34065;0;0;0;0;;;;;1;0;0;0;80;346;6;74;8;26982;88;4652;459;238;6;55;5;50;16;0;0;0;0;0
HAD;2021;970112033;C.H.G. JACQUES SALIN;970100210;0;;;;;;0;0;0;0;1;1;;;1;0;0;0;20;128;0;39;6;11781;0;1859;575;99;0;34;5;63;22;2;9;0;1;1
HAD;2021;970112884;C H U DE POINTE A PITRE- SSR;970100228;0;;;;;141382;1;1;0;0;1;1;;;1;0;0;0;35;47;0;4;1;4068;0;315;71;42;0;4;1;17;2;1;0;0;0;0
HAD;2021;970115002;CLINIQUE DE CHOISY HAD ST BARTHELEMY;970100491;0;;;;;1160;0;0;0;0;1;0;0;0;1;0;0;0;28;113;0;46;3;9092;0;2943;92;74;0;26;3;31;14;1;6;0;3;0
HAD;2021;970212833;CLINIQUE DE LA TOUR HOSP. A DOMICILE;970212825;0;;;;;364508;0;0;0;0;1;1;;;1;0;0;0;190;1136;0;340;67;69246;0;14661;2037;856;0;295;42;319;151;6;38;0;21;0
HAD;2021;970303608;HAD GUYANE ANTENNE DE KOUROU;970303590;0;;;;;31200;0;0;0;0;1;1;;;1;1;0;0;50;309;123;22;2;12905;3494;1638;17;256;107;19;1;32;8;0;0;0;0;0
HAD;2021;970303640;HAD GUYANE ANTENNE DE CAYENNE;970303590;0;;;;;140000;0;0;0;0;1;1;1;0;1;1;0;0;100;680;165;116;1;33015;4207;6615;61;556;148;99;1;87;33;0;11;0;0;0
HAD;2021;970303657;HAD GUYANE - ANTENNE DE SAINT-LAURENT;970303590;0;;;;;76734;0;0;0;0;1;1;;;1;1;0;0;80;410;132;35;1;21200;2818;2734;94;333;112;30;1;28;8;0;0;0;0;0
HAD;2021;970304614;H.A.D DE LA CLINIQUE ST PAUL;970304739;0;;;;;294000;0;0;0;0;1;1;0;0;1;0;0;0;65;177;0;22;10;15945;0;1606;825;144;0;21;9;62;6;0;0;0;0;0
HAD;2021;970403119;HAD SUD (ST PIERRE) ASDR;970463600;1;4;970404851;970406625;970410783;860000;0;0;0;0;1;1;;;1;0;0;0;50;420;0;255;9;15549;0;8937;368;342;0;227;6;116;97;1;0;0;0;0
HAD;2021;970404711;ARAR HAD NORD;970400396;1;4;970407318;970405395;970407656;181901;1;0;1;1;1;1;;;1;0;0;0;30;325;0;133;8;14172;0;5379;532;193;0;91;5;60;47;0;24;0;17;0
HAD;2021;970404851;HAD EST (ST-ANDRE) ASDR;970463600;1;4;970406625;970403119;970410783;860000;0;0;0;0;1;1;0;0;1;0;0;0;50;345;0;246;0;18501;0;13645;0;210;0;152;0;74;65;0;1;0;1;0
HAD;2021;970405395;ARAR HAD SUD;970400396;1;4;970407318;970407656;970404711;298934;1;0;1;1;1;1;;;1;0;0;0;56;536;1;176;8;19848;37;5801;173;343;1;149;5;87;60;0;17;0;10;0
HAD;2021;970406625;HAD OUEST (LA POSSESSION) ASDR;970463600;1;4;970404851;970410783;970403119;860000;0;0;0;0;1;1;;;1;0;0;0;50;383;0;203;12;15695;0;7426;332;257;0;162;4;95;69;0;18;0;12;0
HAD;2021;970407318;ARAR HAD OUEST;970400396;1;4;970404711;970407656;970405395;228969;1;0;1;1;1;1;;;1;0;0;0;44;485;0;190;6;20290;0;6534;115;345;0;145;2;99;60;0;3;0;1;0
HAD;2021;970407656;ARAR HAD EST;970400396;1;4;970404711;970407318;970405395;151092;1;0;1;1;1;1;;;1;0;0;0;30;230;0;102;5;10450;0;3789;74;141;0;67;2;27;22;0;5;0;3;0
HAD;2021;970410783;HAD NORD (STE CLOTILDE) ASDR;970463600;1;4;970404851;970406625;970403119;860000;0;0;0;0;1;1;;;1;0;0;0;60;341;0;237;0;18369;0;13299;0;227;0;165;0;95;85;0;3;0;3;0
HAD;2021;980500011;CHM;980500003;0;;;;;300000;1;0;0;0;1;0;1;0;1;1;0;0;62;311;72;36;18;16461;1444;1866;1604;221;63;32;11;5;0;0;0;0;0;0
