BOR;AN;FI;RS;FI_EJ;EMGER;EVALIH;EVALEH;FILACT;ETP;UGER;LIT_GER;PLA_GER;SEJHC_GER;SEJHP_GER;JOU_GER;EFFPL_PM;EFFPL_GER;EFFPA_PM;EFFPA_GER;ETP_PM;ETP_GER;GAR_PM;GAR_GER;AST_PM;AST_GER;EFFPL_INF;EFFPL_AID;EFFPL_ERG;EFFPL_PMT;EFFPL_APNM;EFFPA_INF;EFFPA_AID;EFFPA_ERG;EFFPA_PMT;EFFPA_APNM;ETP_INF;ETP_AID;ETP_ERG;ETP_PMT;ETP_APNM
MCOGER;2021;010000024;CH DE FLEYRIAT;010780054;1;228;68;624;;1;22;0;836;0;7547;1;;4;4;1.87;1.77;0;0;0;0;9;11;;;4;7;2;2;;2;14.91;12.45;0.5;;6.25
MCOGER;2021;010000065;CH DE TREVOUX - MONTPENSIER;010780096;0;;;;;1;24;;;;;2;;1;1;2.9;0.9;0;0;1;1;4;9;;;2;16;17;1;;7;10.54;10.94;0.2;;4.88
MCOGER;2021;010000099;CH DE MEXIMIEUX;010780120;0;;;;;1;9;;198;0;3541;;;4;1;0.42;0.09;0;0;0;0;7;24;;;40;6;10;;;4;3.05;7.1;;;6.46
MCOGER;2021;010000115;CHI AIN VAL DE SAONE - PONT VEYLE;010009132;0;;;;;1;12;;92;0;2234;0;0;2;0;0.36;;0;;;;1;4;0;0;3;3;4;1;0;11;2.23;6.19;0.08;0;6.43
MCOGER;2021;010000131;CHI AIN VAL DE SAONE - THOISSEY;010009132;0;;;;;1;8;0;129;0;2103;;;2;1;0.42;0.4;;;;;1;2;;;1;4;1;1;;7;2.72;2.29;0.05;;2.3
MCOGER;2021;010000214;CH PUBLIC HAUTEVILLE - UNITE ALBARINE;010007987;0;;;;;1;10;0;76;;1224;1;1;3;1;0.85;0.25;0;0;1;;;;;;;22;27;;;15;5;11.9;;;6.13
MCOGER;2021;010005239;CH DU HAUT BUGEY - GEOVREISSET;010008407;0;;;;;1;15;0;374;0;2865;0;0;0;0;0.09;0;0;;1;;7;10;0;0;0;1;1;0;0;1;6.1;8.19;0;0;0.5
MCOGER;2021;010780203;HOPITAL PRIVE D'AMBERIEU;010010718;0;;;;;1;26;;565;0;6372;2;2;2;2;1.73;1.73;0;0;0;0;6;9;;;;5;4;;;;11.55;16.57;;;
MCOGER;2021;020000097;CH LA FÈRE;020000048;0;;;;;1;30;;535;0;8235;6;2;;;4.22;1.39;0;;1;;16;18;0;0;7;0;2;0;0;1;14.86;19.36;0;0;5.6
MCOGER;2021;020000105;CH LE NOUVION-EN-THIÉRACHE;020000055;0;;;;;1;14;0;247;0;3070;1;;;;0.8;;;;1;;10;15;;;5;;1;;;2;6.16;8.77;;;3.29
MCOGER;2021;020000162;CH SAINT-QUENTIN;020000063;1;167;0;137;0.5;1;50;0;2146;0;14637;3;0;3;3;5.4;2.4;0;0;0;0;18;23;0;0;6;3;3;0;0;2;19.62;20.47;0;0;7.22
MCOGER;2021;020000394;CH LAON;020000253;1;138;0;132;0.76;1;25;0;583;8;9236;3;2;2;0;2.24;2;0;0;0;0;9;10;0;0;1;0;0;0;0;4;9.31;10.06;0;0;3.45
MCOGER;2021;020000519;CH SOISSONS;020000261;1;61;0;55;0.5;0;;;;;;;;;;;;;;;;;;;;;;;;;;;;;;
MCOGER;2021;020000535;CH CHAUNY;020000287;1;214;0;194;1.4;0;;;;;;;;;;;;;;;;;;;;;;;;;;;;;;
MCOGER;2021;020001061;CH CHÂTEAU-THIERRY;020004404;1;;;;0.2;1;21;;806;0;7972;3;3;1;1;3.16;3.16;0;0;0;0;10;10;;;3;;2;;;;7.79;13.02;;;2.91
MCOGER;2021;020001087;CH HIRSON;020004495;0;;;;;1;14;;497;0;5427;2;;4;;4.68;;;;1;;18;22;;;9;6;4;;;1;21.88;25.8;;;9.19
MCOGER;2021;030000061;CH DE MOULINS;030780092;1;636;106;667;2.53;1;15;0;382;18;5571;1;1;0;0;1.38;1;1;1;0;0;6;15;;;3;5;1;;;2;10.02;13.09;;;2.61
MCOGER;2021;030000079;CH DE MONTLUCON;030780100;1;82;;82;0.6;1;27;0;775;0;9637;3;3;;;2.95;2.95;0;0;1;1;7;5;;;7;;4;;;1;8.67;12.49;;;7.13
MCOGER;2021;030000087;CH JACQUES LACARIN VICHY;030780118;1;615;3;561;3;1;27;2;627;99;9822;2;2;0;0;1.5;1.5;0;0;0;0;9;10;0;0;3;3;4;0;0;4;11.65;14;0;0;6.63
MCOGER;2021;040000911;CENTRE HOSPITALIER DE DIGNE LES BAINS;040788879;1;184;210;192;1.25;1;24;2;646;9;7767;1;1;13;13;3.24;3.24;1;1;0;0;;;;;;23;20;;;9;8.65;7.38;;;2.49
MCOGER;2021;050000256;CENTRE HOSPITALIER D'EMBRUN;050000124;1;89;;113;1.3;1;12;;213;0;2549;;;;;;;;;;;3;;;;;7;14;;;9;3.84;3.84;;;2.73
MCOGER;2021;050000348;CHI DES ALPES DU SUD SITE DE GAP;050002948;1;2056;43;1627;3.28;1;18;0;893;0;9605;1;1;5;4;4.57;3.75;;;;;9;6;;;6;20;15;;;13;24.33;17.51;0.46;;15.35
MCOGER;2021;060000478;CENTRE HOSPITALIER DE GRASSE;060780897;1;;;;;1;28;0;1283;0;9606;0;0;1;1;0.77;0.77;0;;0;;1;;;;;1;;;;1;1.91;;;;0.5
MCOGER;2021;060000510;CH D'ANTIBES JUAN LES PINS;060780954;1;326;0;326;1.7;1;31;0;862;0;10654;5;4;4;2;7.11;4.93;0;0;0;0;11;17;2;;10;;;;;;11.7;17.47;1.5;;9.07
MCOGER;2021;060000544;CH DE CANNES SIMONE VEIL;060780988;1;1201;62;1141;2.77;1;16;;425;0;5618;1;;2;1;2;0.7;0;;0;;2;6;;;;7;10;;;9;6.12;10.24;;;3.91
MCOGER;2021;060002102;CH LA PALMOSA DE MENTON;060791761;1;90;0;90;2.1;0;;;;;;;;;;;;;;;;;;;;;;;;;;;;;;
MCOGER;2021;060780517;POLYCLINIQUE SAINT JEAN;060000239;1;;;;;0;;;;;;;;;;;;;;;;;;;;;;;;;;;;;;
MCOGER;2021;060785003;CHU DE NICE HOPITAL PASTEUR;060785011;0;;;;;1;28;0;979;0;8999;2;0;1;1;2.94;0.1;0;0;0;0;85;114;;;457;20;12;;;89;91.81;116.23;;;484.83
MCOGER;2021;060788957;CHU DE NICE HOPITAL DE CIMIEZ;060785011;1;1799;425;1579;6.95;1;73;2;1885;692;18179;11;4;6;3;11.13;4.42;0;0;1;1;8;2;;;59;2;;;;18;9.67;2;;;66.73
MCOGER;2021;070000013;CH DE PRIVAS ARDECHE;070002878;1;132;200;203;0.6;1;28;0;708;0;8008;1;;1;;1.1;;;;;;9;20;;;3;4;2;;;3;10.84;20.82;;;5.16
MCOGER;2021;070000179;CH ARDECHE NORD;070780358;1;123;380;181;3.7;1;20;0;657;0;6967;29;4;9;1;23.9;3.15;0;0;1;1;11;16;0;0;82;19;13;0;0;59;21.18;25.07;0;0;106.07
MCOGER;2021;070000609;CH D'AUBENAS;070005566;1;399;165;598;4.9;1;30;;778;0;9112;2;1;;;3.56;1.14;;;;;10;11;;;1;;3;;;2;11.5;15.06;;;2.4
MCOGER;2021;080000110;CENTRE HOSPITALIER DE SEDAN;080011174;0;;;;;1;30;;686;0;7968;3;2;;;2.6;1.7;0;0;1;1;12;7;;;2;1;6;;;4;12.19;12.9;;;3.27
MCOGER;2021;080000425;CH CHARLEVILLE - HOPITAL MANCHESTER;080011174;1;196;52;234;3.37;1;29;3;629;450;9527;4;3;1;0;4.29;2.91;0;0;0;0;9;13;;;2;6;7;;;1;13.3;18.37;;;2.52
MCOGER;2021;090000175;CHIVAL SITE ST JEAN DE VERGES;090781774;1;125;76;201;3.22;1;18;0;560;0;7077;;;2;;1.6;;0;;1;;;;;;;16;12;;;1;12.3;10.2;;;0.14
MCOGER;2021;090000183;CH ARIEGE COUSERANS SITE ST LIZIER;090781816;1;;;;2;1;10;;266;0;2537;1;;;;1;;;;;;7;3;;;2;;;;;;7;3;;;1.59
MCOGER;2021;090001629;CHIVAL SITE LAVELANET;090781774;0;;;;;1;23;0;473;0;6543;3;1;1;;3.15;1;0;0;1;1;5;12;;;;1;3;;;5;9.54;14.82;;;2.17
MCOGER;2021;100000090;CENTRE HOSPITALIER DE TROYES;100000017;1;243;0;233;1.58;1;20;;670;0;8772;0;0;7;7;4.36;4.36;0;0;0;0;5;14;0;0;4;1;3;1;0;5;6.66;14.37;0.35;0;5.89
MCOGER;2021;100000199;CENTRE HOSPITALIER DE ROMILLY/SEINE;100006279;0;;;;;1;23;;572;0;5640;3;0;;0;2.83;0;0;0;0;0;8;12;0;0;;1;0;0;0;;9.79;14.58;0;0;
MCOGER;2021;110000023;CH CARCASSONNE;110780061;1;2501;0;754;3.49;1;28;2;1108;274;9603;;;6;5;5.35;3.92;0;0;1;1;10;15;;;;5;9;;;5;14.42;20.18;;;1.92
MCOGER;2021;110000049;CH JEAN PIERRE CASSABEL;110780087;0;;;;;1;15;0;123;0;1150;;;1;;0.05;;0;0;0;0;;;;;;1;1;;;;0.2;0.2;;;
MCOGER;2021;110000056;CH NARBONNE HOTEL DIEU;110780137;1;507;691;598;3.3;1;25;0;915;0;8529;3;3;1;1;1.55;1.55;0;0;1;1;10;20;0;0;2;2;0;0;0;;10.36;16.88;0;0;1.61
MCOGER;2021;120000039;CH DE RODEZ HOPITAL JACQUES PUEL;120780044;1;1583;1060;893;3.2;1;29;1;1016;117;9812;5;2;;;4.45;1.8;0;0;1;1;16;17;;;1;4;4;1;;5;19.05;19.15;0.24;;3.94
MCOGER;2021;120000054;CH VILLEFRANCHE SITE CHARTREUSE;120780069;1;199;40;215;1.8;1;19;1;468;13;5036;;;3;1;2.34;0.81;;;1;1;10;10;;;1;2;3;;;1;10.62;13.2;;;1.95
MCOGER;2021;120000070;CH PIERRE DELPECH DECAZEVILLE;120780085;0;;;;;1;11;0;264;0;2173;;;4;;1.3;;0;;1;;5;5;;;;1;1;;;5;5.84;5.84;;;1.43
MCOGER;2021;120000096;CHI ESPALION ST LAURENT D'OLT;120780101;1;272;34;241;1.42;0;;;;;;;;;;;;;;;;;;;;;;;;;;;;;;
MCOGER;2021;120004569;CH MILLAU;120004528;1;80;218;251;1.6;1;10;0;428;0;3944;2;1;;;1;0.5;0;0;1;0;9;8;1;;2;3;2;;;;4.44;4.62;0.15;;0.23
MCOGER;2021;120004668;CH EMILE BOREL ST AFFRIQUE;120004619;0;;;;;1;13;0;530;0;5218;;;3;;0.6;;0;0;1;0;4;8;;;;3;1;;;2;6.51;8.8;;;0.58
MCOGER;2021;130000409;CHI SITE D'AIX EN PROVENCE;130041916;1;1101;253;952;5.81;1;32;;1212;0;13195;2;0;4;1;3.51;0.76;0;0;1;1;13;17;;;7;3;4;;;7;16.15;19.63;;;9.41
MCOGER;2021;130000565;CENTRE HOSPITALIER GENERAL D'AUBAGNE;130781446;1;218;0;105;3.49;1;25;;867;0;5944;3;;2;1;4.04;0.8;0;0;0;0;13;14;;;2;4;5;;;3;16.24;14.52;;;2.29
MCOGER;2021;130001225;HOPITAL DU PAYS SALONAIS;130782634;1;1283;0;817;3.8;1;20;0;856;0;7226;4;;1;;3.15;;0;0;0;0;;;;;2;14;16;;;5;8.83;12.56;;;4.33
MCOGER;2021;130002827;CH JOSEPH IMBERT D'ARLES;130789274;1;970;0;697;4;1;28;;781;0;8235;;;3;;1.92;;0;0;0;0;8;11;;;2;6;8;;;10;11.2;14.55;;;5.56
MCOGER;2021;130002835;CH DE MARTIGUES HOPITAL DES RAYETTES;130789316;1;443;13;404;5;1;16;0;742;0;7270;1;1;3;3;2.02;2.02;0;0;1;1;;;;;;19;21;;;15;7.32;6.77;;;4.98
MCOGER;2021;130043664;HOPITAL EUROPEEN;130002157;1;552;;356;3.47;0;;;;;;;;;;;;;;;;;;;;;;;;;;;;;;
MCOGER;2021;130780521;APHM HOPITAL NORD;130786049;1;548;0;501;1.9;1;30;2;702;234;6427;2;;7;1;2.46;0.08;;;;;14;14;;;4;1;;;;2;13.88;13.26;;;3.96
MCOGER;2021;130781255;HOSPITALITE SAINT THOMAS DE VILLENEUVE;220020739;1;0;253;243;4;1;30;8;591;293;8327;3;1;1;1;5.4;1.5;0;0;1;1;9;8;0;0;5;1;3;0;0;6;9.7;9.37;0;0;12.88
MCOGER;2021;130783293;APHM HOPITAL LA TIMONE;130786049;1;1782;21;1442;5;0;;;;;;;;;;;;;;;;;;;;;;;;;;;;;;
MCOGER;2021;130784234;APHM HOPITAUX SUD SAINTE MARGUERITE;130786049;1;;;;;1;25;8;363;514;5396;7;;16;;12.43;;0;;0;;16;15;;;5;4;1;;;3;18.85;13.93;;;7.36
MCOGER;2021;130785652;HOPITAL SAINT JOSEPH;130014228;1;2184;0;2004;5;1;;3;0;479;0;3;2;1;1;3.5;2.5;;;;;3;;;;1;;;;;1;2.3;;;;1.58
MCOGER;2021;130786742;HIA LAVERAN;750821092;1;670;13;485;;0;;;;;;;;;;;;;;;;;;;;;;;;;;;;;;
MCOGER;2021;130809015;CENTRE GERONTOLOGIQUE DEPARTEMENTAL;130001928;0;;;;;1;43;5;857;500;11671;2;;6;3;4.55;1.2;1;;1;;21;26;;;11;1;;;;11;21.3;26;;;15.8
MCOGER;2021;140000027;CENTRE HOSPITALIER DE LISIEUX;140000035;1;219;0;219;4;1;25;1;913;95;9330;2;2;2;1;3.59;3.07;0;0;0;0;10;17;;;4;5;5;;;2;14.12;18.65;;;6.11
MCOGER;2021;140000209;CHU COTE DE NACRE - CAEN;140000100;1;775;18;759;5.52;1;45;1;576;572;9309;8;7;;;5.06;4.95;0;0;0;0;15;20;;;12;12;9;;;6;17.06;19.8;;;7.81
MCOGER;2021;140000233;CENTRE HOSPITALIER DE FALAISE;140000118;0;;;;;1;20;;476;0;5836;;;1;;1.97;;;;;;;;;;;13;18;;;11;9.59;9.31;;;4.32
MCOGER;2021;140000373;CENTRE HOSPITALIER DE VIRE;140000159;0;;;;;1;20;0;537;0;5487;1;;3;1;2.7;0.1;0;0;0;0;8;12;;;3;3;1;;;5;10.2;12.8;;;4.8
MCOGER;2021;140002452;CLINIQUE DE LA MISERICORDE - CAEN;140025800;0;;;;;1;;5;0;1282;0;;;5;3;2.5;2.3;0;0;1;0;1;1;;;1;1;1;1;;6;1.2;1.2;0.1;;2.1
MCOGER;2021;140026410;CH COTE FLEURIE - SITE DE CRICQUEBOEUF;140026279;0;;;;;1;28;;727;0;8685;5;;;;5;;0;0;1;0;9;9;;;9;8;12;;;7;12.57;14.43;;;8.78
MCOGER;2021;150000032;CH DE SAINT-FLOUR;150780088;0;;;;;1;16;0;420;0;5181;2;2;0;0;1;1;0;0;1;1;3;6;0;0;4;2;3;0;0;2;5.51;9.05;0;0;4.65
MCOGER;2021;150000040;CH HENRI MONDOR;150780096;1;92;91;636;0.2;1;18;;489;0;6691;;;1;1;0.6;0.6;0;0;1;1;4;5;0;0;3;2;4;0;0;8;6.34;7.95;0;0;4.84
MCOGER;2021;160000253;CENTRE HOSPITALIER D'ANGOULEME;160000451;1;730;0;639;2.7;1;30;5;1038;232;9649;2;1;3;2;3.1;1.47;0;0;1;1;12;14;;;5;4;8;;;6;15.28;21.07;0.08;;6.53
MCOGER;2021;160000303;CH HOPITAUX SUD-CHARENTE;160006037;1;152;49;179;;1;21;0;570;0;5168;2;1;1;1;2.2;1.15;0;0;0;0;2;;;;1;;2;;;3;2;1;;;1.5
MCOGER;2021;160000311;CENTRE HOSPITALIER CONFOLENS;160000485;1;522;129;507;2.99;0;;;;;;;;;;;;;;;;;;;;;;;;;;;;;;
MCOGER;2021;160015368;HOPITAUX DU GRAND COGNAC;160014411;1;405;105;451;2.4;1;21;;612;0;7258;3;;;;3;;;;;;11;14;;;1;3;8;;;1;2.93;3.94;;;1
MCOGER;2021;170000038;CENTRE HOSPITALIER JONZAC;170780050;1;167;357;325;2.9;1;30;1;906;504;9976;3;2;1;1;3.65;3.28;0;0;1;0;12;15;;;3;4;5;;;1;14.9;18.31;;;2.49
MCOGER;2021;170000079;CTRE HOSPITALIER ST-PIERRE D'OLERON;170780142;0;;;;;1;11;1;47;0;763;;;1;;0.8;;0;0;0;0;4;3;;;1;1;5;;;;3.91;7;;;1
MCOGER;2021;170000087;HOPITAL SAINT-LOUIS - LA ROCHELLE;170024194;1;1170;769;840;2.96;1;54;0;989;0;10417;5;5;2;2;6.7;6.7;0;0;1;1;3;3;;;;20;34;;;13;23.92;33.42;;;7.5
MCOGER;2021;170000095;CENTRE HOSPITALIER ST-JEAN D'ANGELY;170780167;0;;;;;1;15;0;449;0;5649;2;2;;;0.97;0.97;0;0;1;1;5;12;2;;7;2;2;;;2;6.07;10.21;0.26;;4.86
MCOGER;2021;170000103;CTRE HOSP. DE SAINTONGE - SAINTES;170780175;1;422;4;210;3.44;1;14;0;851;0;7180;0;0;2;2;0.39;0.39;0;0;1;1;15;16;;;15;5;6;;;2;4.99;4.46;;;0.57
MCOGER;2021;170000129;CENTRE HOSPITALIER ROYAN-ATLANTIQUE;170780191;1;98;90;;0.17;1;30;0;1162;0;10362;3;1;;;3.84;0.58;0;0;1;1;15;25;;;5;5;5;;;2;16.22;22.06;;;4.22
MCOGER;2021;170000152;CENTRE HOSPITALIER ROCHEFORT;170780225;1;1135;61;610;3.46;1;39;5;1241;922;14529;9;9;;;9;9;0;0;1;1;28;35;;;9;3;;2;;6;19.83;22.01;0.84;;4.38
MCOGER;2021;180000010;CH BOURGES - JACQUES COEUR;180000028;1;257;47;296;1.99;1;29;0;632;0;7718;2;2;7;7;5.27;5.27;0;0;1;1;8;11;;;0;3;2;;;2;8.06;12.49;;;1.48
MCOGER;2021;180000200;CH DE VIERZON;180000051;1;100;0;419;1;0;;;;;;;;;;;;;;;;;;;;;;;;;;;;;;
MCOGER;2021;180000283;CH SAINT AMAND-MONTROND;180000069;0;;;;;1;46;0;1187;0;14934;4;3;;;4;3;0;0;1;0;16;21;;;10;6;3;1;;8;18.5;23.22;0.05;;13.14
MCOGER;2021;190000018;CENTRE HOSPITALIER DUBOIS BRIVE;190000042;1;2198;261;1950;13.44;1;43;0;1396;0;15245;7;6;1;1;6.04;5.04;0;0;1;1;28;23;0;;13;1;6;;;6;27.28;24.27;0;;16.65
MCOGER;2021;190000026;CENTRE HOSPITALIER COEUR DE CORREZE;190000059;1;;;;;1;23;0;485;0;7192;5;;;;2.26;;;;;;12;7;;;3;3;5;1;;2;13.38;10.94;0.5;;4.86
MCOGER;2021;190000091;CENTRE HOSPITALIER D'USSEL;190000075;1;;;;2.05;1;5;0;161;0;1827;0;0;1;1;0.5;0.5;0;0;0;0;1;3;0;0;1;0;0;1;0;3;1;3.75;0.21;0;1.65
MCOGER;2021;210986089;CTRE HOSPITALIER REG UNIVERSITAIRE DIJ;210780581;1;435;792;922;3.09;1;60;10;1556;1022;18291;10;8;5;3;10.67;9.21;0;0;0;0;21;29;;;16;20;15;;;16;30.29;36.45;;;28.34
MCOGER;2021;210987657;HOSPICES CIVILS DE BEAUNE;210012175;1;453;20;430;2.81;1;20;0;398;0;5032;1;;2;1;1.5;1;0;0;0;0;6;7;;;2;8;3;;;10;10.77;9.27;;;4.67
MCOGER;2021;210987673;CH HCO SITE DE MONTBARD;210012142;1;66;229;490;1.1;1;23;2;323;230;4119;0;;;;1.22;0.74;0;0;0;0;7;10;;;4;3;1;;;1;10.45;11.32;0.1;;5
MCOGER;2021;220000012;CENTRE HOSPITALIER YVES LE FOLL;220000020;1;1594;0;1160;2.61;1;40;0;1208;0;14325;7;5;5;2;6.91;5.49;;;;;20;25;1;;9;13;13;1;;6;21.71;26.7;0.13;;9.48
MCOGER;2021;220000095;CTRE HOSPITALIER DINAN;220000046;1;964;440;1025;4;1;22;3;525;242;7576;;;3;;2.87;;0;0;0;0;10;18;;;5;7;8;;;5;14.58;19.01;;;7.56
MCOGER;2021;220000343;CENTRE HOSPITALIER GUINGAMP;220000079;1;462;1;5;3.5;1;25;8;865;73;8465;1;;1;;2.98;;0;;1;;12;12;;;;4;5;;;2;10.82;14.62;;;1.6
MCOGER;2021;220000368;CENTRE HOSPITALIER LANNION;220000103;1;454;0;408;2.85;1;28;0;814;0;8529;1;1;2;2;3.21;1.6;0;;0;;8;8;;;2;8;9;;;8;13.28;13.23;;;5.9
MCOGER;2021;220000541;CENTRE HOSPITALIER PAIMPOL;220000152;1;383;0;351;1.6;1;30;0;848;0;9522;2;2;1;1;2.06;2.06;;;;;12;13;;;1;;2;;;2;12.44;18.56;;;1.77
MCOGER;2021;220001259;CENTRE HOSPITALIER TREGUIER;220005045;1;0;228;149;0.87;1;30;5;492;347;6562;;;5;;3.88;;0;0;0;0;5;6;;;3;11;7;4;;20;12.17;10.5;1.23;;12.18
MCOGER;2021;230000820;CENTRE HOSPITALIER GUERET;230780041;1;486;0;466;4.12;0;;;;;;;;;;;;;;;;;;;;;;;;;;;;;;
MCOGER;2021;230004657;SITE CROIX BLANCHE;230780058;0;;;;;1;20;0;379;0;4504;1;;;;1;;0;;1;;9;14;;;5;2;2;;;;8.84;15.3;;;5
MCOGER;2021;240000372;C.H DE BERGERAC;240000059;1;221;277;175;1.67;1;20;0;829;0;7253;;;5;4;2.63;2.53;;;;;11;11;;;4;3;3;;;2;14.02;13.42;;;4.82
MCOGER;2021;240000489;CENTRE HOSPITALIER DE PERIGUEUX;240000117;1;1870;175;1115;6.8;1;45;0;1082;0;14865;5;3;2;0;6.17;2.88;0;0;1;0;13;21;0;0;4;1;3;0;0;2;13.65;23.92;0;0;4.47
MCOGER;2021;240000505;CENTRE HOSPITALIER DE RIBERAC;240016055;0;;;;;1;25;;319;0;4616;1;;;;1;;0;0;1;0;4;10;;;2;1;;;;;3.8;10;;;2
MCOGER;2021;240000687;CENTRE HOSPITALIER SARLAT;240000448;1;;;;2.12;1;15;0;486;0;3629;0;;;;0;;;;;;13;14;;;10;;;;;;8.97;12.15;;;4.89
MCOGER;2021;250000700;CHI HC SITE RIVES DU DOUBS PONTARLIER;250000452;1;324;164;766;4.6;0;;;;;;;;;;;;;;;;;;;;;;;;;;;;;;
MCOGER;2021;250006954;CHRU JEAN MINJOZ;250000015;1;3434;550;1082;7.71;1;48;2;1168;346;12877;2;;1;1;3.59;0.5;0;0;0;0;13;14;1;;14;20;13;2;;11;26.28;23.24;1.4;;16.19
MCOGER;2021;260000013;CH DE VALENCE;260000021;1;321;121;432;3.6;1;30;2;1041;241;12448;5;2;0;0;2.6;1;0;0;1;1;12;14;2;;11;9;25;0;;8;12.87;18.74;0.95;;4.66
MCOGER;2021;260000120;HOPITAUX DROME NORD - ROMANS-SUR-ISERE;260016910;1;648;192;171;1.5;1;12;1;450;4;4573;1;;1;;1.8;;0;;0;;1;3;0;0;;5;3;1;0;3;4.11;4.35;0.1;0;1.45
MCOGER;2021;260000138;CH PORTES PROVENCE MONTELIMAR;260000047;1;117;4;710;3.4;1;30;0;580;0;7378;0;0;3;2;2.35;1.63;0;0;1;1;11;14;0;0;2;9;2;0;0;1;16.92;14.58;0;0;1.32
MCOGER;2021;260000146;CH DE CREST;260000054;0;;;;;1;1;;27;0;341;;;;;;;;;;;;;;;;;;;;;;;;;
MCOGER;2021;270000045;CH BERNAY;270000060;0;;;;;1;10;0;269;0;2957;;;;;0.98;0.91;0;0;1;1;4;6;;;4;;1;;;;4.46;6.03;;;1.6
MCOGER;2021;270000359;CH EVREUX CH EURE-SEINE;270023724;1;221;38;;3.47;1;35;0;765;0;12149;3;3;1;1;3.2;0.5;0;0;1;1;14;17;;;3;11;12;;;2;18.19;23.03;;;4.98
MCOGER;2021;270000367;CH GISORS;270000086;0;;;;;1;10;0;402;0;3302;0;0;1;1;0.1;0.1;0;0;0;0;2;0;0;0;0;0;0;0;0;1;1.07;0;0;0;0.3
MCOGER;2021;270000391;CH LOUVIERS CHI ELBEUF;760024042;0;;;;;1;15;0;537;0;5365;2;2;1;1;2.71;2.71;;;;;9;16;;;6;14;21;;;7;13.14;20.47;;;9.31
MCOGER;2021;270000425;CH PONT-AUDEMER;270000102;0;;;;;1;10;;213;0;2543;1;;;;1;;;;;;;;;;;;;;;;;;;;
MCOGER;2021;270000458;CH VERNON CH EURE-SEINE;270023724;1;445;;343;1.25;1;22;;764;0;7496;;;1;1;0.25;0.25;0;0;1;1;9;14;;;2;2;5;;;;9.75;17.08;;;1.92
MCOGER;2021;280000043;CH CHARTRES - HÔTEL DIEU;280000134;0;;;;;1;0;2;0;163;0;;;;;;;0;;0;;1;;;;2;;;;;;1;;;;2.8
MCOGER;2021;280000084;CH DREUX;280000183;1;737;127;763;2.5;1;46;;1186;0;12507;7;3;;;8.31;3.25;0;;1;;23;31;;;10;0;3;;;1;19.03;25.51;;;10.9
MCOGER;2021;280000662;CH CHATEAUDUN;280500075;0;;;;;1;30;0;622;0;9937;2;2;;;3.39;3.39;0;0;1;1;6;11;;;1;1;1;;;1;6.71;13.49;;;1.67
MCOGER;2021;280504267;CH CHARTRES LOUIS PASTEUR-LE COUDRAY;280000134;1;543;121;455;2.96;1;53;0;1190;0;18396;3;3;0;0;3.55;3.55;0;0;1;1;15;22;;;8;5;4;;;3;18.01;25.84;;;10.18
MCOGER;2021;290000025;CHIC QUIMPER;290020700;1;786;105;641;3.38;1;24;6;618;749;8944;2;2;6;6;5.73;5.73;0;0;0;0;7;9;;;4;7;9;;;11;12.49;16.27;0;0;6.03
MCOGER;2021;290000033;C.H. DES PAYS DE MORLAIX;290021542;1;986;0;716;3;1;25;0;719;5;8628;3;1;1;0;2.65;1;0;0;0;0;11;12;;;7;4;4;;;6;13.16;14.8;;;8.26
MCOGER;2021;290000173;CH FERDINAND GRALL LANDERNEAU;290000041;0;;;;;1;14;0;517;0;4381;3;3;1;;2;1.49;;;;;;;;;;31;35;;;9;7.1;9.35;;;2.33
MCOGER;2021;290000181;CENTRE HOSPITALIER DOUARNENEZ;290000074;1;93;0;87;;1;26;8;807;109;8272;1;0;3;2;2.71;1.83;0;0;1;1;8;7;0;0;2;9;13;1;0;7;12.32;12.97;0.5;0;5.96
MCOGER;2021;290000256;CHRU BREST SITE HOPITAL DE CARHAIX;290000017;1;165;0;163;0.9;1;38;;812;;10826;5;;4;;3.59;;1;;1;;;;;;;;;;;;;;;;
MCOGER;2021;290000785;ETABLISSEMENT DE SOINS HOTEL DIEU;220020739;1;496;0;480;1.4;1;28;;852;0;9430;2;1;3;;3.2;1;0;0;1;0;11;10;;;4;2;2;;;;11.97;11.7;;;3.97
MCOGER;2021;290000934;GHBS - HOPITAL LA VILLENEUVE;560005746;1;449;248;561;1.6;1;38;5;979;393;13387;3;2;7;5;5.22;2.65;0;0;1;1;9;12;;;5;12;18;;;6;19.46;25.44;;;10.65
MCOGER;2021;290004324;CHRU BREST SITE HOPITAL CAVALE BLANCHE;290000017;1;986;0;869;3.2;1;26;0;940;0;10159;;;;;;;0;0;0;0;7;8;;;1;5;11;;;2;12.04;14.82;;;1.97
MCOGER;2021;2A0000022;CH ND LA MISERICORDE;2A0000014;1;813;0;813;2.2;1;20;0;822;0;8170;8;;;;4.01;;0;0;1;1;14;14;;;9;1;6;;;;13.99;14.73;;;7.49
MCOGER;2021;2B0000012;CENTRE HOSPITALIER DE BASTIA;2B0000020;1;701;0;667;3.4;1;30;2;868;270;10410;10;2;6;2;10.61;3.97;0;0;0;0;32;37;2;0;22;6;9;0;0;5;32.31;40.02;2;0;25.32
MCOGER;2021;300000023;CH ALES CEVENNES;300780046;1;208;0;207;1;1;19;0;745;0;6697;2;2;0;0;1.16;1.16;0;;1;;2;0;0;0;0;13;27;1;0;18;8.48;12.43;0.23;0;5.57
MCOGER;2021;300000031;CH LOUIS PASTEUR;300780053;1;134;0;127;2.83;1;20;2;506;0;5890;4;2;0;;2.7;2;0;0;0;0;0;1;1;0;4;1;0;0;0;2;0.71;1.06;0.5;0;2.06
MCOGER;2021;300000072;CH LE VIGAN;300780095;1;0;0;0;0;0;;;;;;;;;;;;;;;;;;;;;;;;;;;;;;
MCOGER;2021;300780137;NOUVELLE CL BONNEFON;920028396;0;;;;;1;23;0;132;0;1015;3;;;;2.28;;0;0;1;0;;;;;;;;;;;;;;;
MCOGER;2021;300780152;NOUVEL HOPITAL PRIVE LES FRANCISCAINES;300017985;1;252;0;252;0.5;0;;;;;;;;;;;;;;;;;;;;;;;;;;;;;;
MCOGER;2021;300782117;CHU NIMES CAREMEAU;300780038;1;1887;564;1628;8.49;1;54;5;1673;937;24687;15;5;3;1;15.18;4.88;0;0;1;1;26;28;;;17;;5;2;;1;26.33;29.72;1.7;;14.76
MCOGER;2021;310000310;CH COMMINGES PYRENEES SITE ST PLANCARD;310780671;1;290;2;289;1.7;1;20;4;534;98;6496;4;3;2;2;3.88;2.88;;;1;1;8;12;;;4;3;2;;;1;9.67;15.03;;;5.3
MCOGER;2021;310013628;CH MURET;310786256;1;66;77;135;0.95;1;15;;483;0;5201;1;1;2;2;2.3;2.3;;;;;16;34;0;0;3;6;4;0;0;3;6.14;9.53;0;0;1.35
MCOGER;2021;310021571;CENTRE GERIATRIQUE DES MINIMES;310021563;0;;;;;1;14;0;564;0;4022;1;;1;1;1.8;0.8;0;0;1;1;6;8;;;;1;;1;;4;5.66;8;0.25;;1.2
MCOGER;2021;310022298;HOPITAL GARONNE CHU TOULOUSE;310781406;1;1153;342;1343;5.8;1;18;0;467;0;5981;1;;7;;4.65;;1;1;1;1;11;18;;;1;2;4;2;;3;3.37;21.3;0.2;;0.6
MCOGER;2021;310026927;CL CAPIO LA CROIX DU SUD;310026794;1;192;;170;1.5;1;31;0;557;0;5500;0;0;3;3;2.05;2.05;;;1;1;10;7;;;1;2;10;;;2;13.7;11.7;;;2.4
MCOGER;2021;310780259;CL PASTEUR;310000096;1;197;0;181;1.2;0;;;;;;;;;;;;;;;;;;;;;;;;;;;;;;
MCOGER;2021;310780283;CL DE L'UNION;310000112;1;342;0;301;1.4;0;;;;;;;;;;;;;;;;;;;;;;;;;;;;;;
MCOGER;2021;310781000;CL DES CEDRES;310788880;1;;;;3.28;1;24;0;737;0;6024;2;2;2;2;3.24;3.24;;;;;8;11;;;4;1;1;;;1;8.48;13.66;;;4.47
MCOGER;2021;310782347;INSTITUT CLAUDIUS REGAUD;310789136;1;;124;121;0.2;0;;;;;;;;;;;;;;;;;;;;;;;;;;;;;;
MCOGER;2021;310783048;HOPITAL PURPAN CHU TLSE;310781406;1;714;772;1325;5.4;1;78;5;3130;1288;23253;7;2;13;9;14.82;6.51;1;0;1;0;45;49;;;8;6;4;1;;7;54.37;53.96;0.5;;10.3
MCOGER;2021;310783055;HOPITAL DE RANGUEIL CHU TOULOUSE;310781406;0;;;;;1;20;;1178;0;6775;2;1;2;2;3.51;2.51;0;0;1;1;12;13;;;1;3;1;;;2;15.83;14.53;;;1.75
MCOGER;2021;310783063;HOPITAL LA GRAVE CHU TLSE;310781406;0;;;;;1;0;8;0;2494;0;2;2;25;18;7.77;4.43;;;;;5;3;;;6;1;;;;4;4.39;3.03;;;5.87
MCOGER;2021;310786389;CL DES PYRENEES;310001433;0;;;;;1;5;;121;0;634;;;4;1;0.13;0.02;0;0;1;0;26;18;;;;0;8;;;;2.35;2.41;;;
MCOGER;2021;320000086;CH AUCH EN GASCOGNE;320780117;1;273;9;280;1.6;1;20;0;599;0;6446;1;1;1;0;1.3;1;0;0;0;0;0;3;0;0;0;10;18;0;0;0;7.08;13.4;0;0;0
MCOGER;2021;320000102;CH CONDOM;320780133;0;;;;;1;20;;658;0;5601;;;3;;1.8;;;;;;8;18;;;3;2;2;;;9;8.96;18.54;;;6.06
MCOGER;2021;330000340;MSP BORDEAUX BAGATELLE;330780552;0;;;;;1;40;0;713;0;8370;2;;1;;3.12;;0;0;1;1;11;15;0;0;1;0;1;0;0;1;14.28;19.46;0;0;2.11
MCOGER;2021;330000555;CENTRE HOSPITALIER D'ARCACHON;330781204;1;600;59;670;2.65;1;28;;913;0;10097;2;2;3;3;3.92;3.92;;;0;0;10;17;0;0;0;4;0;0;0;2;12.4;17;0;0;1.15
MCOGER;2021;330000589;CH SUD GIRONDE - SITE LANGON;330027509;1;228;610;476;2.32;0;;;;;;;;;;;;;;;;;;;;;;;;;;;;;;
MCOGER;2021;330000597;CH SUD GIRONDE - SITE LA REOLE;330027509;0;;;;;1;12;0;340;64;3947;1;1;;;1.06;1.06;0;0;0;0;13;24;;;2;1;1;;;3;3.92;7.91;;;2.36
MCOGER;2021;330000605;CTRE HOSPIT.R.BOULIN-LIBOURNE;330781253;1;386;3;260;2.39;1;56;5;1589;186;15594;6;6;0;0;5.77;5.77;0;0;1;1;27;27;3;1;11;3;4;1;;4;29.12;33.6;3.06;0.98;14.39
MCOGER;2021;330000613;CENTRE HOSPITALIER STE FOY LA GRANDE;330781261;0;;;;;1;15;0;372;0;3198;1;0;2;1;3;1;0;;1;;3;0;0;0;0;14;24;0;0;16;8.4;11.04;0;0;5.47
MCOGER;2021;330780354;POLYCLINIQUE BORDEAUX-CAUDERAN;330000225;0;;;;;1;29;;919;0;9497;2;;6;3;4.21;1.87;0;;1;;11;13;;;;1;6;1;;;10.69;15.99;0.2;;
MCOGER;2021;330780370;LES FONTAINES DE MONJOUS - SSR;750034589;0;;;;;1;0;3;0;921;0;;;3;3;1.37;1.37;0;;0;0;;;;;;2;0;0;0;7;1.18;0;0;0;3.9
MCOGER;2021;330780495;CLINIQUE MUTUALISTE DU MEDOC;330796392;0;;;;;1;12;4;44;30;538;;;1;;0.4;;0;;1;;9;;;;;;;;;;9;;;;
MCOGER;2021;330781337;HOPITAL XAVIER ARNOZAN - CHU;330781196;1;2795;1708;2289;16.9;1;60;4;707;501;13400;17;12;6;3;18.85;13.52;0;0;1;1;43;62;1;;33;29;16;1;;8;36.67;33.54;1.48;0;27.58
MCOGER;2021;330781352;HOPITAL SAINT-ANDRE - CHU;330781196;0;;;;;1;15;0;315;0;4017;3;;;;2;;0;;1;;8;10;;;2;3;8;;;5;9.45;14.1;;;3.12
MCOGER;2021;340000033;CH BEZIERS;340780055;1;859;;801;2.99;1;23;;745;0;6394;1;;11;;2.28;;;;1;1;5;3;;;2;4;8;;;7;5.55;4.78;;;3.3
MCOGER;2021;340000207;ICM;340780493;1;475;0;471;0.6;0;;;;;;;;;;;;;;;;;;;;;;;;;;;;;;
MCOGER;2021;340000223;HOPITAL ST CLAIR HBT SETE;340011295;1;338;0;335;2.7;1;30;;717;0;6838;2;;1;1;2;0.5;;;;;11;15;;;3;3;4;;;4;11.19;9.92;;;3.93
MCOGER;2021;340008275;CENTRE ANTONIN BALMES CHU MONTPELLIER;340780477;1;1156;358;1111;11.12;1;61;6;1198;1169;14695;9;3;2;;5.31;1.3;1;1;1;1;28;28;2;;9;1;3;2;;5;27.75;27.11;2;;8.58
MCOGER;2021;340015502;CL DU MILLENAIRE;340000512;0;;;;;1;39;;1036;;8259;2;1;1;1;2.05;1.05;0;0;1;1;12;15;0;0;7;3;1;;;1;14.79;18.24;;;8.12
MCOGER;2021;340022979;POLYCL ST ROCH;340000306;0;;;;;1;15;0;498;;4660;2;2;1;1;2.3;2.3;0;0;1;1;4;5;;;1;1;1;;;;4.18;4.76;;;1
MCOGER;2021;340780436;HOPITAL ST LOUP HBT AGDE;340011295;0;;;;;1;10;;248;0;3266;1;;1;1;1.45;0.45;;;;;4;5;;;2;6;3;;;3;5.83;7.25;;;2.36
MCOGER;2021;340781608;CL DU MAS DE ROCHET;340015171;0;;;;;1;20;;161;0;2873;1;1;3;;1.05;0.24;0;0;1;1;7;11;;;;3;2;1;;3;6.04;6.78;0.5;0;0.6
MCOGER;2021;350000063;HOPITAL ST THOMAS DE VILLENEUVE BAIN;220020739;0;;;;;1;0;5;0;97;0;;;1;1;0.2;0.2;;;;;;;;;;1;1;1;1;5;0.1;0.5;0.1;0.2;0.55
MCOGER;2021;350000147;CENTRE HOSPITALIER SAINT-MALO;350000022;1;1488;15;1576;3.04;1;46;0;1005;0;15959;;;6;6;4.94;4.94;0;0;0;0;18;23;0;;11;14;16;1;;17;26.42;32.75;0.97;;15.04
MCOGER;2021;350000154;C.H FOUGERES;350000030;1;616;0;564;2.1;1;35;0;927;0;11301;3;2;2;1;3.54;1.64;0;;1;;6;14;0;0;3;8;6;0;0;3;13.87;17.97;0.21;0;3.94
MCOGER;2021;350000162;CHIRC SITE REDON;350000048;1;162;39;137;;1;30;1;848;46;10621;1;;;;2.36;0.11;0;;1;1;12;15;;;7;3;6;;;3;13.04;16.15;;;6.29
MCOGER;2021;350000188;CENTRE HOSPITALIER VITRE;350000055;1;217;14;213;0.68;1;32;;1278;7;13420;3;1;;;3.89;1.5;0;0;1;0;18;13;;;6;3;8;1;;1;13.42;15.14;0.2;;5.9
MCOGER;2021;350000741;CHRU RENNES SITE PONTCHAILLOU;350005179;1;919;274;853;3.8;1;30;5;577;509;10550;6;4;3;3;3.29;2.74;1;1;0;0;12;10;;;13;6;6;;;2;18.03;14.16;;;10.96
MCOGER;2021;350005021;POLE GERIATRIQUE RENNAIS;440042844;0;;;;;1;0;7;0;1206;0;11;2;8;4;11.33;4.5;;;;;28;26;;;12;12;13;;;3;36.31;36.34;;;14.29
MCOGER;2021;350054680;POLYCLINQUE SAINT LAURENT;220020739;1;548;0;529;2;1;20;0;210;0;2947;5;1;1;1;5.8;1.35;0;0;1;1;19;14;0;0;0;8;4;1;0;0;26.77;17.83;0.2;0;0
MCOGER;2021;360000038;CH LA TOUR BLANCHE - ISSOUDUN;360000046;0;;;;;1;20;;408;0;5828;;;1;1;0.9;0.9;;;;;8;8;;;3;5;5;;;17;9.94;9.76;;;6.47
MCOGER;2021;360000137;CH CHATEAUROUX;360000053;1;368;0;395;0.94;1;16;0;367;0;5311;2;2;;;2;2;0;0;1;;;;;;;18;21;;;10;5.56;9.1;;;6.42
MCOGER;2021;370000531;CH DU CHINONAIS;370000606;0;;;;;1;24;1;599;5;7812;3;2;2;;2.19;1.8;0;0;0;0;12;15;0;0;4;2;4;1;0;6;11.29;10.78;0.8;0;8.75
MCOGER;2021;370000580;CHIC CHÂTEAU-RENAULT HÔP DR J.DELANEAU;370000564;0;;;;;1;25;;689;0;5471;2;;;;1.7;;0;;1;;7;16;;;5;4;1;;;3;10.28;16.66;;;3.63
MCOGER;2021;370000861;CHRU BRETONNEAU - TOURS;370000481;1;1342;515;1157;5.89;1;25;0;798;0;8261;10;4;1;;4.69;2.5;0;;0;;13;17;0;0;10;6;8;0;0;2;10.45;17.98;0;0;7.07
MCOGER;2021;370000879;CHIC - AMBOISE- HÔPITAL ROBERT DEBRÉ;370000564;0;;;;;1;28;2;878;139;6999;1;1;;;1.08;0.13;0;0;1;1;14;19;;;7;1;1;;;1;11.7;16.57;;;7.44
MCOGER;2021;370000903;CH PAUL MARTINAIS - LOCHES;370000614;0;;;;;1;10;3;116;57;1387;1;1;1;1;1.2;1.2;0;0;1;0;2;2;0;0;2;12;7;0;0;1;4.06;4.88;0;0;1.81
MCOGER;2021;370001158;CH SAINTE MAURE DE TOURAINE;370004327;0;;;;;1;14;;413;0;3884;;;2;1;0.72;0.36;0;0;1;1;6;2;;;;3;6;;;;8.1;7.04;;;
MCOGER;2021;380000034;CH PIERRE OUDOT BOURGOIN JALLIEU;380780049;1;284;127;;5.5;1;37;1;731;5;11022;1;1;5;4;4.34;3.74;;;;;8;9;;;1;6;6;;;3;10;10.3;;;2.58
MCOGER;2021;380000042;CH YVES TOURAINE;380780056;0;;;;;1;22;0;724;0;7565;1;1;1;1;2.22;1.37;0;0;1;1;8;11;;;5;1;1;;;3;9.03;11.71;0;0;8.03
MCOGER;2021;380000067;HOPITAL NORD - CHU38;380780080;1;;;;;1;24;4;732;561;8610;6;3;8;2;8.44;3.14;0;0;1;1;16;9;;;10;4;6;;;7;23.11;21.14;0.55;;18.97
MCOGER;2021;380000174;CH LUCIEN HUSSEL DE VIENNE;380781435;1;;;;2.5;1;23;0;634;0;11360;2;2;9;9;2.5;2.41;0;0;0;0;1;;1;;;25;35;2;;29;16.46;17.38;2.44;;16.06
MCOGER;2021;380000406;HOPITAL DE VOIRON - CHU38;380780080;1;;;;;1;30;1;806;36;7808;2;2;7;6;5.11;4.7;0;0;0;0;18;10;;;;2;4;;;3;15.02;11.95;0.45;;3.38
MCOGER;2021;380012658;GROUPE HOSPIT. MUTUALISTE DE GRENOBLE;380012609;1;434;;430;1.2;1;18;;558;0;6403;1;0;2;2;2.2;1.2;0;0;1;1;5;6;0;0;0;7;2;0;0;0;10.1;7.1;0;0;0
MCOGER;2021;380782722;HOPITAL SUD - CHU38;380780080;0;;;;;1;0;2;;;;0;0;6;2;4.34;2.53;0;0;1;1;1;;;;1;1;;1;;2;2.15;;0.25;;3.7
MCOGER;2021;380785956;CLINIQUE DES CEDRES;380795211;0;;;;;1;28;0;555;0;5683;2;1;1;;2.8;1;0;0;1;1;9;5;;;1;;;;;;9;5;;;1
MCOGER;2021;390000040;CH LONS;390780146;1;1913;322;937;4;1;32;0;708;0;9359;1;1;3;3;3.25;3.25;0;0;0;0;13;11;;;;6;5;1;;3;14.63;13.73;0.88;;2.37
MCOGER;2021;390000222;CH LOUIS PASTEUR DOLE;390780609;1;336;0;289;2.75;1;24;0;862;0;8105;2;1;4;2;4.87;2.37;;;;;7;9;;;9;2;1;;;1;9.01;9.78;;;9.46
MCOGER;2021;400000105;CENTRE HOSPITALIER DAX;400780193;1;701;87;709;6.11;1;32;;892;0;10932;3;3;2;2;4.4;4.4;0;0;1;1;11;16;0;0;6;4;2;0;0;4;15.83;16.97;0;0;6.87
MCOGER;2021;400000139;CHI MONT DE MARSAN ET PAYS DES SOURCES;400011177;1;41;;40;1.38;1;30;1;900;73;10330;4;4;1;1;3.89;1.89;0;;1;;11;16;0;0;5;3;4;0;0;5;13.07;19.02;0;0;7.11
MCOGER;2021;400000147;CENTRE HOSPITALIER DE SAINT SEVER;400780268;0;;;;;1;15;;492;0;4173;;;2;2;1.3;1.3;0;0;0;0;4;9;;;3;1;;;1;;4.8;9;;0.25;1
MCOGER;2021;400000261;INSTITUT HÉLIO- MARIN LABENNE;400780458;0;;;;;1;0;1;0;124;0;0;0;2;2;0.4;0.4;0;;0;;0;;;;0;1;;;;1;0.2;;;;0.2
MCOGER;2021;400787354;CH DE DAX - SITE DU LANOT;400780193;0;;;;;1;;2;0;201;0;;;4;4;0.93;0.93;0;0;1;1;0;0;0;0;0;0;0;0;0;1;0.17;0;0;0;0.23
MCOGER;2021;410000020;CH BLOIS SIMONE VEIL;410000087;1;362;0;349;1.3;1;30;0;723;0;10275;0;0;2;0;1.68;0.55;0;0;0;0;7;12;0;0;3;8;5;0;0;3;11.53;14.69;0;0;4.11
MCOGER;2021;410000038;CH VENDOME - MONTOIRE;410000095;0;;;;;1;15;;393;0;4740;0;0;2;2;0.75;0.75;;;;;2;7;0;0;0;3;4;0;0;4;3.85;9.24;0;0;2.24
MCOGER;2021;420000010;CH DE ROANNE;420780033;1;229;96;427;3.05;1;20;0;435;0;6535;8;1;3;2;2.26;1.79;0;0;0;0;8;10;;;7;3;3;;;3;9.75;10.04;;;5.53
MCOGER;2021;420000192;CLINIQUE MEDICALE LA BUISSONNIERE;750034589;0;;;;;1;20;0;435;0;5786;;;17;;3.07;;;;;;;;;;;60;63;;;;6.4;6.17;;;
MCOGER;2021;420000234;CH DE FIRMINY;420780652;1;33;67;74;3;1;21;6;659;12;7262;3;;2;;2.3;;;;;;3;9;;;4;7;5;;;6;6.06;5.67;;;2.89
MCOGER;2021;420000267;CH DU FOREZ SITE DE FEURS;420013831;1;212;210;390;4.02;1;14;2;338;355;4698;0;0;3;2;1.88;1.18;0;0;0;0;1;6;0;0;1;11;6;0;0;12;7.21;10.15;0;0;7.27
MCOGER;2021;420010050;CLINIQUE MUTUALISTE MFL SSAM;420787061;0;;;;;1;28;;533;0;6931;3;3;1;;2.87;2.78;;;1;1;;;;;;11;12;1;;4;12.3;8.69;0.16;0;3.69
MCOGER;2021;420011413;HOPITAL PRIVE DE LA LOIRE;420011405;0;;;;;1;10;0;301;0;4551;2;1;2;1;3.16;1.69;0;0;1;1;16;15;;;;4;2;;;;19.84;15.97;;;
MCOGER;2021;420780637;CH DU GIER - MCO;420002495;1;136;94;200;2.84;1;26;0;857;0;9329;2;1;;;2.24;1.3;1;1;0;0;8;13;;;1;4;2;;;3;9.76;11.03;;;3.01
MCOGER;2021;420782567;HOPITAL DE LA CHARITE - CHU42;420784878;1;;288;288;5.15;1;58;3;1637;110;17841;14;;3;;8.22;;0;;1;;50;68;1;0;25;13;15;2;1;14;30.97;44.36;0.6;0.4;17.04
MCOGER;2021;420785354;HOPITAL NORD - CHU42;420784878;1;930;0;506;4.3;0;;;;;;;;;;;;;;;;;;;;;;;;;;;;;;
MCOGER;2021;430000117;CH EMILE ROUX LE PUY;430000018;1;315;0;315;0.8;1;32;1;1167;55;11445;0;0;4;3;2.5;1.9;0;0;1;1;9;18;0;0;0;8;8;0;0;7;16.67;21.77;0;0;2.62
MCOGER;2021;430000190;CH DE BRIOUDE;430000034;1;37;35;50;2.5;1;15;0;465;0;5110;1;1;;;1;1;;;;;6;6;;;3;4;5;;;2;7.97;11.69;;;7.35
MCOGER;2021;440000016;CH DE SAINT NAZAIRE;440000057;1;1339;809;2148;5.42;1;70;;1890;0;26079;18;6;1;1;10.64;7.08;0;0;1;1;15;29;;;5;24;20;3;;10;31.68;42.09;1.7;;12.42
MCOGER;2021;440000396;CH ERDRE ET LOIRE;440053643;1;25;0;24;0.91;1;22;;470;0;7484;;;3;2;2.12;1.24;;;;;6;8;;;2;8;4;1;;3;12.78;12.05;0.08;;1.89
MCOGER;2021;440000453;CHU DE NANTES SITE HOPITAL BELLIER;440000289;0;;;;;1;36;5;1269;629;12811;1;;4;2;3.75;0.8;0;0;1;1;12;18;0;0;4;8;10;0;1;14;18.63;25.78;0;0.5;9.54
MCOGER;2021;440000503;CH CNP SITE CHATEAUBRIANT;440000313;1;;0;;1.26;0;;;;;;;;;;;;;;;;;;;;;;;;;;;;;;
MCOGER;2021;440000560;CH LVO SITE DE MACHECOUL;850009010;0;;;;;1;22;3;571;531;7816;;;4;;2.96;;0;;1;;5;5;;;2;5;11;;;6;9.63;14.15;;;6.27
MCOGER;2021;440017598;CHU DE NANTES SITE LAENNEC;440000289;1;2120;445;1837;8.67;1;60;0;1713;0;20162;6;2;5;3;9;4.1;1;0;1;1;27;29;0;0;7;9;8;0;1;3;35.5;37.3;0;0.49;11.2
MCOGER;2021;440029338;CLINIQUE MUTUALISTE JULES VERNE;440053411;1;154;600;433;2.4;0;;;;;;;;;;;;;;;;;;;;;;;;;;;;;;
MCOGER;2021;450000047;CH DEZARNAULDS - GIEN;450000096;1;647;0;575;1.5;0;;;;;;;;;;;;;;;;;;;;;;;;;;;;;;
MCOGER;2021;450000062;CH AGGLOMERATION MONTARGOISE;450000104;1;448;;239;1.52;1;30;;1207;0;10789;2;1;2;2;2.82;2.82;1;1;0;0;8;9;;;9;2;3;;;4;9.32;11.55;;;10.87
MCOGER;2021;450000070;CH PITHIVIERS;450000112;0;;;;;1;12;0;179;0;2197;2;2;;;1.77;1.77;;;;;;;;;;22;42;;;3;4.52;9.12;;;0.81
MCOGER;2021;450000120;CH LOUR PICOU - BEAUGENCY;450000138;0;;;;;1;12;0;184;0;1900;1;1;;;0.5;0.5;0;0;0;0;9;12;1;;4;1;;1;;4;4.32;5.56;0.27;;1.46
MCOGER;2021;450002613;CHR ORLÉANS - HÔPITAL DE LA SOURCE;450000088;1;;;566;2.48;1;30;0;593;0;10234;0;0;8;1;4.43;0.51;0;0;1;1;10;13;0;0;3;11;16;0;0;9;18.38;25.6;0;0;8.11
MCOGER;2021;460000052;CH ST JACQUES ST CERE;460780091;0;;;;;1;29;2;812;7;6897;2;;;;1.96;;0;;1;;12;11;;;7;1;2;;;1;11.69;11.12;;;8.09
MCOGER;2021;460000102;CH JEAN COULON GOURDON;460780208;1;54;561;345;;1;7;2;307;157;3272;;;1;1;0.29;0.26;0;0;1;1;;;;;;14;23;;;8;2.49;4.67;;;1.06
MCOGER;2021;460000110;CH JEAN ROUGIER CAHORS;460780216;1;370;5;339;3;1;14;1;482;8;5727;2;1;3;2;2.97;1.8;0;0;1;1;7;12;0;0;5;2;2;0;0;5;7.87;12.61;0;0;7.59
MCOGER;2021;470000423;CH AGEN NERAC - HOPITAL SAINT-ESPRIT;470016171;0;;;;;1;27;0;983;0;9062;2;2;2;2;2.51;2.51;;;1;1;10;15;;;3;7;15;;;6;11.47;20.72;;;4.06
MCOGER;2021;470000431;CH VILLENEUVE -POLE SANTE VILLENEUVOIS;470000324;1;713;137;498;3.5;1;26;0;696;0;8889;1;;4;;3.7;;0;;1;;6;11;1;;;4;10;;;3;9.65;14.71;0.2;;1.24
MCOGER;2021;470000480;CENTRE HOSPITALIER DE MARMANDE - CHIC;470001660;1;419;0;387;1.85;1;35;;1170;0;12220;3;2;2;1;3.4;1.6;0;;1;;17;27;;;10;1;;1;;1;16.2;24.42;0.07;;9.68
MCOGER;2021;480000017;HOPITAL LOZERE SITE VALLEE DU LOT;480780097;1;333;0;333;1.8;1;9;2;75;1;601;2;1;;;1.04;0.78;0;0;1;1;12;11;;;4;;1;;;4;7.04;9.03;;;1.67
MCOGER;2021;490000049;CHR ANGERS SITE LARREY;490000031;1;1798;149;1770;8.1;1;44;2;1314;388;15043;12;8;1;1;10.14;6.35;0;0;0;0;23;18;0;;10;6;14;2;;15;26.42;28.33;1.4;;16.75
MCOGER;2021;490000635;CH DE CHOLET;490000676;1;710;5;545;2.73;1;30;5;735;133;10084;6;1;6;1;3.22;3.21;0;0;0;0;10;11;;;2;9;11;1;;4;16.84;19.04;0.4;;3.44
MCOGER;2021;490001765;CH DE SAUMUR;490528452;1;619;13;515;2.35;1;34;1;1131;59;10544;3;3;5;4;4.78;4.75;0;0;1;1;22;28;;;9;2;3;;;1;12.98;14.82;;;5.69
MCOGER;2021;500000021;CHAG - SITE AVRANCHES;500000054;1;854;20;305;1.37;1;26;0;814;0;9298;1;1;2;1;2.54;1.8;0;0;0;0;8;9;;;3;3;5;;;5;10.48;13.48;;;6.67
MCOGER;2021;500000187;CHPC - SITE CHERBOURG;500000013;1;665;27;650;3;1;30;0;687;0;10751;;;5;5;4.15;4.15;;;;;15;21;;;8;1;1;;;1;12.09;22.29;;;7.05
MCOGER;2021;500000260;CHAG - SITE GRANVILLE;500000054;1;1585;37;569;2.53;0;;;;;;;;;;;;;;;;;;;;;;;;;;;;;;
MCOGER;2021;500000450;CH MEMORIAL - SAINT-LO;500000112;1;728;17;426;;0;;;;;;;;;;;;;;;;;;;;;;;;;;;;;;
MCOGER;2021;500000468;CHPC - SITE VALOGNES;500000013;0;;;;;1;3;;38;0;356;6;;;;5.53;;;;;;19;24;;;4;5;7;;;;22.08;28.83;;;3.27
MCOGER;2021;500000591;CENTRE HOSPITALIER DE COUTANCES;500000393;0;;;;;1;39;0;826;0;14737;2;;;;2;;0;;0;;11;15;;;7;4;12;1;;5;14.26;24.34;0.7;;9.76
MCOGER;2021;510000235;CENTRE HOSPITALIER D'EPERNAY;510000060;0;;;;;1;24;;1063;0;8655;2;;4;;3.3;;0;;1;;9;10;;;3;5;7;;;4;11.52;13.04;;;3.04
MCOGER;2021;510000250;CENTRE HOSPITALIER VITRY LE FRANCOIS;510000078;1;177;30;189;1;1;11;;329;0;3872;1;1;;;1;1;0;;1;;1;;;;;0;;;;;1;;;;
MCOGER;2021;510004302;HOPITAL MAISON BLANCHE CHU REIMS;510000029;1;680;60;467;4;1;48;0;1675;1045;16831;7;4;3;2;6.95;5.4;0;0;0;0;31;24;2;0;30;4;9;0;0;3;34.26;32.05;1;0;24.91
MCOGER;2021;520000027;CENTRE HOSPITALIER DE CHAUMONT;520780032;1;50;0;50;1.28;1;21;0;472;0;7080;2;2;1;1;2.8;2.8;;;;;9;13;0;0;1;4;2;0;0;1;11.22;14.31;0;0;1.7
MCOGER;2021;520000043;CENTRE HOSPITALIER DE LANGRES;520780057;1;105;90;195;1.9;0;;;;;;;;;;;;;;;;;;;;;;;;;;;;;;
MCOGER;2021;520000068;CH GENEVIEVE DE GAULLE ANTHONIOZ;520780073;1;490;96;490;2.18;1;27;;992;0;10163;3;1;1;1;2.8;2.8;;;1;1;11;11;;;1;3;4;;;1;11.09;13.27;;;2.8
MCOGER;2021;530000017;CH HAUT ANJOU SITE CHATEAU GONTIER;530000025;1;432;30;427;;1;10;;342;0;3516;;;3;1;1.46;0.37;0;0;0;0;1;3;;;;4;4;;;4;2.66;4.13;;;2.93
MCOGER;2021;530000173;CH DU NORD MAYENNE;530000074;1;365;5;57;;0;;;;;;;;;;;;;;;;;;;;;;;;;;;;;;
MCOGER;2021;530000264;CENTRE HOSPITALIER DE LAVAL;530000371;1;400;192;547;1.7;1;28;0;893;0;10344;2;2;1;1;2.4;2.4;0;0;0;0;6;19;;;3;6;3;;;0;11.76;17.31;0;0;3.29
MCOGER;2021;540000023;CENTRE HOSPITALIER SAINT CHARLES TOUL;540000049;1;803;;607;1.85;1;17;0;420;0;6083;;;1;1;1.2;0.7;0;0;1;0;3;6;;;;32;16;;;16;9.42;9.79;;;2.71
MCOGER;2021;540000395;LES MAISONS HOSPITALIERES SITE NANCY;540000122;0;;;;;1;20;5;296;326;5388;;;4;1;1.81;0.9;1;1;1;1;6;9;;;;;;;;1;6;9;;;0.1
MCOGER;2021;540001070;CH DE BRIEY - HOPITAL MAILLOT;540000767;1;97;11;114;0.3;1;30;;667;0;10353;2;1;2;2;3.85;3.46;0;0;1;1;14;15;;;5;6;9;1;;2;17.94;21.55;0.54;;5.47
MCOGER;2021;540001096;CH DE MT ST MARTIN (GROUPE SOS SANTE);570010181;0;;;;;1;15;0;352;0;4559;29;2;25;1;37.83;2.61;0;0;1;1;60;;;;;;;;;;59.17;;;;
MCOGER;2021;540002698;CHRU NANCY - HOPITAUX DE BRABOIS;540023264;1;2184;40;1877;7.28;1;62;5;1061;1075;18361;12;8;3;2;11.54;6.93;0;0;1;1;38;28;;;22;7;8;;;14;40.64;33.4;;;29.49
MCOGER;2021;550000012;CH VERDUN/ST MIHIEL-HOP ST NICOLAS;550006795;1;508;0;434;0.1;1;20;0;609;0;6119;;;2;2;1.8;1.8;;;;;7;9;;0;2;1;1;;;;7.75;9.5;;;2.3
MCOGER;2021;550000434;CENTRE HOSPITALIER DE BAR-LE-DUC;550003354;1;239;0;224;1.7;1;18;1;409;92;5670;;;1;1;0.08;0.08;0;0;1;1;11;12;;;2;3;;2;;3;14.44;13.77;0.2;;3.11
MCOGER;2021;560000127;CHBA SITE DE VANNES;560023210;1;3490;;2702;1.86;1;40;0;1295;0;15451;8;;0;;6.2;;0;;1;;11;19;;;1;10;9;;;3;19.21;22.42;;;2.24
MCOGER;2021;560000135;GHBS- HÔPITAL DU SCORFF;560005746;1;837;570;1122;3.05;1;52;;1313;0;20583;2;0;7;3;6.84;2.26;0;0;1;1;24;18;;;3;13;13;;;;33.43;28.33;;;0.71
MCOGER;2021;560000143;CHCB- SITE KÉRIO;560014748;1;833;145;868;2.15;1;29;0;921;0;10344;3;3;;;1.88;1.88;;;;;8;12;;;1;3;4;;;3;9.88;13.22;;;2.75
MCOGER;2021;560000184;CLINIQUE DES AUGUSTINES;560006017;0;;;;;1;26;3;524;826;6528;1;0;6;6;3.49;2.49;1;1;1;1;7;7;0;;2;22;19;2;;17;12.05;11.41;0.13;;6.07
MCOGER;2021;560000192;CENTRE HOSPITALIER DE PLOERMEL;560000044;1;533;171;704;2.3;0;;;;;;;;;;;;;;;;;;;;;;;;;;;;;;
MCOGER;2021;560000275;GHBS - HOPITAL DE KERLIVIO;560005746;0;;;;;1;;10;0;998;0;;;6;5;2.11;1.71;0;0;1;1;0;0;;;1;2;2;;;;1.71;1.25;;;2.16
MCOGER;2021;560000465;GHBS - HOPITAL LE FAOUET;560005746;0;;;;;1;15;0;139;0;3835;0;0;4;1;1.46;0.28;0;0;0;0;;;;;1;;2;;;1;5.39;7.49;;;3.1
MCOGER;2021;560015422;GHBS SITE DE KERDURAND RIANTEC;560005746;0;;;;;1;12;;167;0;3408;0;;2;;0.84;;0;;1;;;;;;1;;;;;1;5.3;6.21;;;1.36
MCOGER;2021;570000059;CH MARIE-MADELEINE DE FORBACH;570025254;1;192;20;203;1.4;1;6;;153;0;1641;2;2;;;0.6;0.6;1;1;0;0;3;3;1;;3;;2;0;;3;2.1;4.17;0.2;;1.44
MCOGER;2021;570000117;CH SAINT-NICOLAS DE SARREBOURG;570015099;1;310;0;290;2.2;1;8;0;319;0;2349;;;2;1;1;0.5;0;0;1;1;1;0;0;0;;;0;0;0;1;1;0;0;0;0.3
MCOGER;2021;570000166;CTRE DE GERIATRIE FORBACH - SOS SANTE;570010181;0;;;;;1;;5;0;750;0;;;1;1;0.46;0.46;0;;0;;;;;;;1;;2;;3;0.43;;0.36;;0.62
MCOGER;2021;570000216;HOPITAL DE SAINT AVOLD - SOS SANTE;570010181;0;;;;;1;30;5;900;87;10185;3;2;2;2;5.19;4.16;0;;0;;15;14;1;;4;1;2;;;1;17.15;15.75;0.99;;5.92
MCOGER;2021;570000349;HOPITAL BEL AIR DE THIONVILLE - CHR;570005165;1;51;;45;1.9;1;38;3;1116;270;13455;4;4;0;0;1.9;1.9;0;0;1;1;17;19;;;5;1;4;;;0;17.34;19.77;;;3.19
MCOGER;2021;570000687;CH LEMIRE DE SAINT-AVOLD;570025254;0;;;;;1;20;5;537;700;6369;4;4;2;2;2.9;2.9;1;1;0;0;8;11;0;0;16;2;3;4;0;5;10.42;12.14;1.28;0;11.74
MCOGER;2021;570001057;HOPITAL BELLE-ISLE DE METZ - HPM;570023630;0;;;;;1;30;0;599;0;6790;3;3;;;3;3;;;;;12;15;;;;4;1;;;;13.75;15.55;;;2.7
MCOGER;2021;570003079;CENTRE DE GERIATRIE LE KEM - SOS SANTE;570010181;0;;;;;1;46;;1010;0;11273;3;1;8;1;7.75;1.75;0;0;1;1;12;15;;;11;4;4;;;1;14.5;17.3;;;11.5
MCOGER;2021;570005215;CENTRE FELIX MARECHAL DE METZ - CHR;570005165;0;;;;;1;;5;0;418;0;1;1;1;1;0.48;0.48;0;0;1;1;;;;;1;;;;;0;;;;;0.2
MCOGER;2021;570026682;HOPITAL DE MERCY - CHR METZ THIONVILLE;570005165;1;61;;54;1.6;1;44;;1534;0;15047;4;4;0;0;1.9;1.9;0;0;1;1;21;41;;;4;1;7;;;1;20.66;39.7;;;3.09
MCOGER;2021;580004836;CENTRE COLBERT MEDECINE ET SSR;580780039;1;408;1300;702;5.71;1;23;7;615;169;8400;1;1;3;3;3.74;3.74;0;0;1;1;12;10;0;0;1;5;1;2;0;10;15.25;10.61;0.57;0;6.1
MCOGER;2021;580972677;CH COSNE COURS SUR LOIRE;580780088;0;;;;;1;3;0;40;0;684;0;0;0;0;0;0;;;;;0;0;0;0;0;0;0;0;0;0;0;0;0;0;0
MCOGER;2021;580972685;CH DECIZE;580780096;0;;;;;1;12;;272;0;3072;1;;;;0.48;;0;;0;;1;3;;;;2;2;;;3;2.31;5.34;;;1.16
MCOGER;2021;590000014;CH SOMAIN;590780052;0;;;;;1;20;;431;0;4128;;;3;2;2.22;1.7;1;1;0;0;9;9;;;3;3;1;;;1;9.7;9.3;;;2.63
MCOGER;2021;590000121;CH SECLIN;590780227;1;355;3;340;2.4;1;34;5;1037;113;10955;2;2;3;3;4.5;4.5;0;0;0;0;28;28;;;4;3;0;;;2;24.15;25.6;;;4.46
MCOGER;2021;590000337;CH DUNKERQUE;590781415;1;1076;62;989;2.8;1;25;2;908;233;8014;3;3;4;1;2.94;1.3;0;0;1;1;11;12;;;6;6;2;;;2;15.1;13.87;;;7.8
MCOGER;2021;590000428;CH CAMBRAI;590781605;1;195;0;190;;1;24;;636;0;7774;2;;4;;4.3;;0;0;1;1;14;14;;;1;1;1;;;1;13.79;14.27;;;1.28
MCOGER;2021;590000436;CH LE CATEAU;590781621;1;;;;;1;20;;571;0;4855;2;2;1;;3.05;2.23;;;;;8;11;;;;2;;;;10;8.71;10.25;;;1.34
MCOGER;2021;590000469;CH FOURMIES;590781662;0;;;;;1;30;0;551;0;6479;2;1;1;0;2.86;1.01;;;;;13;17;0;0;0;1;1;0;0;1;12.44;16.52;0;0;0.48
MCOGER;2021;590000477;CH LE QUESNOY;590781670;1;164;0;164;0.4;1;14;3;401;117;4742;3;1;0;0;1.5;0.2;;;;;5;7;1;0;1;6;4;0;0;;6.6;6.2;0.05;0;0.4
MCOGER;2021;590000527;CH AVESNES;590781795;1;;;;0.1;1;28;5;854;103;12928;1;1;3;2;2.2;1.62;;;;;14;9;1;0;3;9;2;1;0;3;12.23;9.75;0.34;0;3.21
MCOGER;2021;590000535;CH SAMBRE AVESNOIS MAUBEUGE;590781803;1;827;0;710;3.3;1;27;0;529;0;7056;3;2;5;4;4.02;2.8;0;;1;;11;15;;;7;;1;;;;12;14.83;0.24;;2.17
MCOGER;2021;590000592;CH DENAIN;590782165;1;82;322;236;2.9;1;35;0;820;3;9394;4;3;0;0;3.39;2.39;0;0;;;17;23;;;11;2;0;;;2;15.05;19.99;;;9.5
MCOGER;2021;590000600;CH SAINT- AMAND LES EAUX;590782207;0;;;;;1;29;;949;0;9349;2;1;0;0;2;1;1;1;0;0;10;11;0;0;4;2;7;0;0;2;12.84;14.9;0;0;4.06
MCOGER;2021;590000618;CH VALENCIENNES;590782215;1;1483;;1339;4.8;1;51;4;1614;96;14551;10;3;5;5;9.02;3.84;1;1;0;0;26;24;3;;14;12;14;0;;3;35.91;33.8;1.54;0.21;13.54
MCOGER;2021;590000758;CH ARMENTIERES;590782637;1;0;0;0;2.41;1;30;1;779;17;10022;3;1;1;1;3.13;1.86;0;0;1;1;9;14;;;2;4;2;;;3;12;14.32;;;3.09
MCOGER;2021;590000766;CH BAILLEUL;590782645;0;;;;;1;24;4;536;0;6234;2;1;1;1;2.5;1.5;0;;1;;10;15;;;2;2;2;;;3;10.64;14.87;;;3.28
MCOGER;2021;590001004;CH DOUAI DECHY;590783239;1;649;179;757;;1;35;;1260;0;10875;3;;2;;5.53;;0;;1;;15;20;;;4;1;1;;;;14.62;19.71;;;4.8
MCOGER;2021;590001749;POLYCLINIQUE DE GRANDE SYNTHE;590788956;0;;;;;1;22;;643;0;6767;3;2;1;1;3.9;2.9;;;;;8;8;1;1;3;1;4;;;2;11.25;11.83;0.21;0.22;4.44
MCOGER;2021;590780284;GPT HOPITAUX INSTITUT CATHOLIQUE LILLE;590051801;1;;;;;1;25;;1279;;8320;6;6;2;2;6.76;6.76;0;0;0;0;7;15;;;;7;8;;;;9.54;11.42;;;
MCOGER;2021;590787586;HOP CARDIOLOGIQUE CHR LILLE;590780193;0;;;;;1;60;;1488;0;17654;5;;1;;5.98;;;;;;30;30;0;0;13;7;9;0;0;6;36.51;34.18;0;0;15.14
MCOGER;2021;590791091;CSPA LES BATELIERS CHRU LILLE;590780193;1;1677;0;1196;4;1;;3;0;509;0;3;;;;1.16;;;;;;3;2;0;0;1;2;6;1;0;5;3.87;6.14;0.12;0;3.54
MCOGER;2021;590797353;HOPITAL SAINT VINCENT - SAINT ANTOINE;590051801;1;;;;;1;31;1;1106;150;10313;2;;1;;2.18;;;;;;5;5;;;;14;15;;;;8.98;8.38;;;
MCOGER;2021;590801106;HOPITAL VICTOR PROVO;590782421;1;929;182;961;6.4;1;43;1;1518;92;18187;6;6;1;1;5.22;5.22;0;0;1;1;24;30;;;8;13;3;;;3;31.46;32.25;;;10.47
MCOGER;2021;590804696;CENTRE HOPITALIER DE TOURCOING;590781902;1;536;11;536;3;1;22;2;772;308;7019;5;4;;;5.17;4.17;0;0;1;1;10;10;;;1;7;4;;;9;14.72;13.08;;;3.93
MCOGER;2021;590815056;CLINIQUE DE FLANDRE;590005492;0;;;;;1;0;0;0;118;0;1;;;;0.89;;0;0;1;1;6;5;;;;;3;;;;6.13;4.87;;;
MCOGER;2021;590817458;CLINIQUE DE LA VICTOIRE;590053955;0;;;;;1;30;;406;;5902;3;2;1;;3;2;0;0;0;0;15;14;;;;8;5;;;;16.4;15;;;
MCOGER;2021;590817839;CLINIQUE DU VAL DE LYS;590053955;0;;;;;1;10;5;26;1;259;;;7;4;3.5;2.7;0;0;1;1;24;29;;;;5;4;;;;27.2;30.8;;;
MCOGER;2021;600000053;CH GHPSO SENLIS;600101984;1;351;262;407;2.05;1;30;2;551;371;8609;3;3;6;6;6.08;6.08;0;0;0;0;7;16;;;7;13;15;;;21;14.65;20.31;;;12.38
MCOGER;2021;600000194;CH BEAUVAIS;600100713;1;461;33;441;1.8;1;27;4;1065;304;9298;5;5;4;4;6.65;6.65;;;;;14;13;0;0;3;1;1;0;0;2;13.65;13.04;0;0;4.99
MCOGER;2021;600000285;CH CHICN NOYON;600100721;0;;;;;1;45;0;1261;0;9318;0;0;5;1;3.67;0.8;;;;;7;16;0;0;1;7;4;0;0;3;12.73;16.89;0;0;2.58
MCOGER;2021;600000467;CH GHPSO CREIL;600101984;1;;;;0;0;;;;;;;;;;;;;;;;;;;;;;;;;;;;;;
MCOGER;2021;600100101;CH AP-HP LIANCOURT;750712184;0;;;;;1;29;;782;0;9579;4;;1;1;4;0.2;1;1;1;1;23;31;;;10;1;3;;;;13.1;17.02;;;6
MCOGER;2021;600113476;CH CHICN COMPIÈGNE;600100721;1;288;;265;1;1;27;0;812;0;9561;4;4;1;1;3.69;3.69;;;;;12;17;0;0;1;0;3;0;0;2;11;16.93;0;0;2.04
MCOGER;2021;610000044;CENTRE HOSPITALIER DE L'AIGLE;610780074;0;;;;;1;20;0;771;0;8803;0;0;7;3;2.58;0.88;0;0;1;1;5;8;0;0;6;5;1;1;0;1;8.72;9.39;0.2;0;4.97
MCOGER;2021;610000051;CHICAM - SITE ALENCON;610780082;1;312;120;405;2.71;0;;;;;;;;;;;;;;;;;;;;;;;;;;;;;;
MCOGER;2021;610000069;CENTRE HOSPITALIER D'ARGENTAN;610780090;0;;;;;1;25;0;502;0;6925;1;;;;0.95;;0;0;0;0;8;14;;;2;4;4;;;;11.68;16.86;;;2.8
MCOGER;2021;610000119;CH -JACQUES MONOD- - FLERS;610780165;1;2330;327;494;5.58;0;;;;;;;;;;;;;;;;;;;;;;;;;;;;;;
MCOGER;2021;620000034;CH ARRAS;620100057;1;1040;0;786;7.59;1;48;2;1608;187;16039;4;;0;;3.9;;0;;0;;13;24;1;;6;;;;;1;24.88;28.15;1;;7.49
MCOGER;2021;620000224;CH BETHUNE;620100651;1;917;182;681;2.36;1;24;2;707;78;8808;3;2;3;1;2.89;2.19;0;0;1;;12;13;;;1;3;7;;;5;10.35;12.35;;;4.09
MCOGER;2021;620000240;CH HENIN BEAUMONT;620100677;0;;;;;1;24;0;353;0;5167;1;;3;3;2.06;1.96;1;1;0;0;10;15;;;6;1;;;;2;10.2;13.36;;;6.25
MCOGER;2021;620000257;CH LENS;620100685;1;1530;0;1305;4.05;1;20;3;648;346;7430;1;;5;2;3.77;1.7;1;1;1;1;14;;;;3;1;15;1;;2;13.59;14.26;0.08;;4.37
MCOGER;2021;620000323;CH CALAIS;620101337;1;742;0;601;1.6;1;35;1;1037;7;10720;0;;7;;4.34;;;;;;10;18;;;5;7;6;;;2;10.5;13.6;;;1
MCOGER;2021;620000349;CH REGION DE ST OMER;620101360;1;567;0;531;2;1;21;0;628;0;6437;4;3;;;3.09;2.09;0;0;0;0;12;11;;;3;3;3;1;;0;11.85;12.02;0.03;;2.63
MCOGER;2021;620000653;CH BOULOGNE-SUR-MER;620103440;1;640;160;700;4.5;1;30;1;911;65;9207;5;3;1;;5.9;3;0;0;1;1;20;18;;;3;1;2;;;3;19.5;19.5;;;5.3
MCOGER;2021;620003202;CH ARRONDISSEMENT DE MONTREUIL;620103432;1;886;0;767;;1;26;3;778;8;9183;5;3;;;3.78;2.7;;;1;1;7;13;;;1;6;2;;;4;10.81;14.2;;;2.11
MCOGER;2021;620003350;HOPITAL DE RIAUMONT;620001834;1;225;;215;1.2;1;60;0;1773;0;19252;5;5;0;0;5.46;5.46;0;0;1;;23;23;1;;6;3;9;0;;7;28.98;31.73;0.79;;12.39
MCOGER;2021;620025346;POLYCLINIQUE DE LA -CLARENCE-;620001834;0;;;;;1;24;;939;0;8306;1;;3;;2.29;;;;;;19;21;;;;5;5;1;;;7.77;7.39;0.97;;0.88
MCOGER;2021;620100735;CLINIQUE ANNE ARTOIS;620000265;0;;;;;1;20;5;847;77;10352;5;1;;;3.78;1;;;;;13;15;;;2;2;3;;;1;14;13.72;;;2.74
MCOGER;2021;630000412;CH D'AMBERT;630780997;1;317;63;945;1.5;1;18;0;520;0;6337;2;0;1;1;2.8;0.8;;;1;0;8;10;0;0;3;2;3;;;1;7.5;11.05;;;3.8
MCOGER;2021;630000420;CH PAUL ARDIER ISSOIRE;630781003;0;;;;;1;22;0;752;0;8617;2;2;0;0;2;2;0;0;0;0;9;17;;;3;7;7;;;1;13.4;22.6;;;4.67
MCOGER;2021;630000438;CH DE RIOM;630781011;0;;;;;1;75;;1747;0;23019;4;;3;;6.2;;;;1;;27;37;1;;24;;;;;;27.08;34.91;1;;21.35
MCOGER;2021;630000446;CH DE THIERS;630781029;0;;;;;1;22;0;867;0;7200;6;;2;;7.22;;0;0;0;0;18;27;;;16;12;6;;;3;27.2;32.59;;;15.56
MCOGER;2021;630000560;CH BILLOM;630781367;0;;;;;1;15;5;199;1;2732;1;0;0;0;1;0;0;0;0;0;0;0;0;0;0;0;0;0;0;0;0;0;0;0;0
MCOGER;2021;630781821;CLINIQUE PSYCHIATRIQUE LE GRAND PRE;920030269;0;;;;;1;30;;594;0;8023;2;;3;;3.03;;0;0;1;0;10;7;;;4;;;1;;8;10;7;0.01;;6.3
MCOGER;2021;630783538;HOPITAL LOUISE MICHEL - CHU63;630780989;1;715;287;851;5;1;14;;174;0;4085;1;;;;0.85;;0;;0;;5;1;;;1;0;1;;;3;4.37;2.48;;;1.63
MCOGER;2021;640000162;CH DE LA COTE BASQUE - BAYONNE;640780417;1;802;1453;1673;7.5;1;54;;1638;0;16302;4;4;3;3;7.22;6.83;0;0;1;1;21;22;;;11;2;5;;;;21.43;27.64;;;9.18
MCOGER;2021;640000402;CENTRE HOSPITALIER D'ORTHEZ;640780813;1;185;308;383;2;1;24;0;713;0;7876;1;;3;1;2.38;0.77;;;;;10;11;;;;3;4;;;2;11.4;12.58;;;1
MCOGER;2021;640000410;CENTRE HOSPITALIER OLORON;640780821;1;131;273;222;2.4;1;22;1;527;21;7356;4;;2;;3.1;;0;0;1;1;5;9;;;5;4;2;;;;8.64;9.89;;;4.17
MCOGER;2021;640000600;CENTRE HOSPITALIER DE PAU;640781290;1;338;255;244;6.38;1;52;2;1823;457;18853;3;3;9;9;7.38;7.38;;;;;13;10;;;7;23;28;1;1;20;28.96;28.64;0.31;0.06;21.51
MCOGER;2021;640020715;EPS GARAZI;640020707;0;;;;;1;14;0;294;0;3609;;;4;;1.87;;0;;0;;4;4;;;;3;4;;;15;4.67;5.5;;;3.73
MCOGER;2021;640780490;CAPIO CLINIQUE AGUILERA;640000212;0;;;;;1;22;4;769;89;6697;;;4;4;2.96;2.96;0;0;1;1;6;10;;;2;;;;;1;7.54;9.89;0.2;;2.02
MCOGER;2021;640780748;POLYCLINIQUE CÔTE BASQUE SUD;640000360;0;;;;;1;20;;642;0;6840;2;2;;;2;2;0;0;1;1;6;5;;;2;1;3;;;1;6.8;7.61;;;2.89
MCOGER;2021;650000045;CH LOURDES;650780158;1;216;192;200;1.7;1;20;0;555;0;7072;6;;1;;4.25;;;;;;17;16;;;5;;;;;;11.68;9.87;;;4.48
MCOGER;2021;650000052;CH BAGNERES DE BIGORRE;650780166;1;320;46;343;1.5;1;20;2;575;230;6288;2;1;2;1;3;1.4;;;1;1;15;7;;;2;5;3;;;7;17.78;9.5;;;4.85
MCOGER;2021;650000417;CH BIGORRE SITE GESPE TARBES;650783160;1;226;596;371;3.18;1;24;0;672;0;8046;6;;;;5.8;;0;;1;;26;31;0;0;19;3;2;0;0;1;20.94;25.54;0;0;12.72
MCOGER;2021;650780182;CH BIGORRE SITE VIC EN BIGORRE;650783160;1;133;625;292;4.66;1;5;2;147;182;2142;2;;;;2;;0;;1;;1;1;;;3;;;1;;2;0.5;0.5;0.16;0;0.97
MCOGER;2021;650784218;CMC HOPITAUX DE LANNEMEZAN;650780174;1;140;232;350;1.93;1;7;0;279;0;3435;;;2;2;0.43;1.43;0;0;1;1;3;4;;;;;1;;;6;2.8;4.74;;;2.2
MCOGER;2021;660000084;CH PERPIGNAN;660780180;1;566;937;1352;5;1;40;0;1216;0;14783;6;6;7;7;6.77;6.77;;;;;22;20;;;;3;2;;;2;20.02;18.66;;;3.15
MCOGER;2021;660009689;GCS POLE SANITAIRE CERDAN;660010059;1;4;20;13;4.5;0;;;;;;;;;;;;;;;;;;;;;;;;;;;;;;
MCOGER;2021;670000025;HOPITAL CIVIL / NOUVEL HOPITAL CIVIL;670780055;1;1016;880;1825;8.61;1;25;;642;0;8491;3;3;;;2.2;2.2;1;1;1;1;14;10;1;;2;;1;2;;9;12.28;9.53;2.33;;7.18
MCOGER;2021;670000157;CENTRE HOSPITALIER DE HAGUENAU;670780337;1;737;272;865;6.45;1;24;;742;0;7492;2;2;1;1;2.91;2.91;0;0;1;1;8;16;0;0;2;6;4;1;0;5;10.05;15.93;0.5;0;5.56
MCOGER;2021;670000165;CH SAINTE-CATHERINE DE SAVERNE;670780345;0;;;;;1;0;4;0;332;0;;;1;;0.7;;;;;;1;;;;2;1;1;1;;2;1.75;0.48;0.5;;3.1
MCOGER;2021;670000272;CH INTERCOMMUNAL DE LA LAUTER;670780543;0;;;;;1;;4;0;195;0;;;1;1;0.3;0.3;0;0;0;0;;;;;2;1;;2;;4;0.5;;0.74;;3.1
MCOGER;2021;670000306;CENTRE HOSPITALIER DÉPARTEMENTAL;670780584;0;;;;;1;36;8;487;144;7682;4;;3;;3.51;;0;0;1;1;14;27;;;1;1;4;;1;4;11.73;21.01;;0.25;2.46
MCOGER;2021;670014042;HOPITAL DE JOUR GERIATRIQUE;670013754;0;;;;;1;0;4;0;361;0;0;;1;;0.09;0.09;0;0;0;0;;;;;;;;;;;0.16;0.48;;;0.24
MCOGER;2021;670020098;GCS ICANS SITE HTP2/ICANS - ET EXPL;670016914;1;1796;;693;2;0;;;;;;;;;;;;;;;;;;;;;;;;;;;;;;
MCOGER;2021;670780188;CLINIQUE SAINTE-BARBE;670014604;0;;;;;1;30;;582;0;9249;4;;;;4;;;;;;15;23;;;3;2;;;;;16.75;23;;;3
MCOGER;2021;670783133;HOP ROBERTSAU/PAVILLON SCHUTZENBERGER;670780055;0;;;;;1;48;10;767;1857;9021;10;8;4;4;6.14;5.59;1;1;1;1;15;21;1;;18;6;3;2;;13;18.81;22.55;1.88;;26.05
MCOGER;2021;670797539;CLINIQUE DE LA TOUSSAINT;670014604;1;55;313;343;4.45;1;;5;0;1096;0;;;2;;0.7;;;;;;1;;;;1;1;;2;;;1.75;;1;;1
MCOGER;2021;670798636;CLINIQUE SAINT-LUC;670014604;0;;;;;1;;2;0;293;0;1;;;;1;;;;;;;;;;;;;;;;;;;;
MCOGER;2021;680000122;HOPITAL DE CERNAY;680020336;0;;;;;1;;10;0;875;0;;;2;2;0.8;0.8;;;1;1;1;1;;;2;;;1;;8;0.75;0.5;0.24;;3.14
MCOGER;2021;680000544;CENTRE HOSPITALIER D'ALTKIRCH;680020336;0;;;;;1;10;5;193;500;3500;;;4;;1.5;;0;0;1;1;8;3;;;1;1;;1;;9;7.92;4.09;0.13;;5.34
MCOGER;2021;680000577;CENTRE HOSPITALIER DE PFASTATT;680000411;0;;;;;1;;6;0;992;0;1;;1;;1.5;;;;1;1;8;11;;;;2;2;1;1;1;10.24;13.9;0.5;0.5;0.5
MCOGER;2021;680000700;CENTRE HOSPITALIER DE GUEBWILLER;680001005;0;;;;;1;;4;0;317;0;;;2;2;0.33;0.33;0;0;0;0;;;;;;2;;;;2;0.74;;;;0.34
MCOGER;2021;680000882;CLINIQUE DU DIACONAT COLMAR;680000643;0;;;;;1;48;7;823;737;12427;2;;;;2.54;;;;;;8;9;;;6;1;3;;;4;8.62;10.87;;;9.42
MCOGER;2021;680004546;HOPITAL EMILE MULLER;680020336;0;;;;;1;25;0;763;0;11994;;;1;1;0.9;0.9;0;0;1;1;10;13;;;1;;;;;4;10.92;12.57;;;1.99
MCOGER;2021;680004553;MAISON MEDICALE POUR PERSONNES AGEES;680020336;1;353;333;642;4.07;1;12;6;169;282;765;4;4;8;8;8.19;8.19;0;;1;;4;4;;;5;;1;1;;6;5.19;5.27;0.11;;6.9
MCOGER;2021;680004579;CENTRE POUR PERSONNES AGEES;680000973;1;3020;996;1718;9.7;1;25;10;595;1552;8337;11;9;5;2;2.7;2.7;0;0;1;1;10;8;1;;6;2;5;1;;12;12.18;12.27;1.6;;10.24
MCOGER;2021;690000013;CH MONTGELAS;690780036;0;;;;;1;17;;350;0;5321;;;2;2;1.54;1.54;0;0;0;0;3;;;;1;6;11;;;10;6.41;8.33;;;5.72
MCOGER;2021;690000021;CH DE SAINTE FOY LES LYON;690780044;0;;;;;1;22;0;688;0;6427;2;;4;;3.7;;0;0;0;0;7;8;;;5;4;4;;;8;9.53;9.05;;;8.6
MCOGER;2021;690000245;HOPITAL DE FOURVIERE;690780432;1;;;;8.02;1;58;2;1185;207;11581;19;17;24;6;19.24;19.24;1;1;1;1;37;72;1;;73;2;8;;;24;29.14;41.04;0.1;;41.11
MCOGER;2021;690000427;CTRE MEDICO-CHIR READAPT. LES MASSUES;750721334;0;;;;;1;44;;691;0;11477;4;3;5;2;4.8;2.49;0;0;1;1;28;26;;;19;5;3;1;;6;13.28;12.88;0.2;;12.31
MCOGER;2021;690000575;CH NORD OUEST - VILLEFRANCHE;690782222;1;956;405;922;4.51;1;33;;938;0;9712;1;1;4;2;3.32;1.67;0;0;1;1;9;8;;;2;18;16;1;;7;18.99;16.18;0.44;;5.75
MCOGER;2021;690000583;CH DE BELLEVILLE;690782230;0;;;;;1;11;0;260;0;4306;2;;;;1.78;;0;0;1;1;8;10;1;;;4;7;0;1;8;5.68;10.43;1;0.6;3.54
MCOGER;2021;690000591;CH DE BEAUJEU;690782248;0;;;;;1;11;;197;0;3089;1;;1;;0.8;;0;0;0;0;8;10;;;2;3;6;1;;5;10.2;13.5;1;;3.5
MCOGER;2021;690000773;CH DU MONT D'OR;690782925;1;;134;201;3.5;1;18;0;577;0;7331;3;3;;;3;3;1;1;1;1;12;10;;;5;4;3;;;1;15;10;;;6
MCOGER;2021;690041132;MEDIPOLE HOPITAL MUTUALISTE;690006598;1;1023;;816;1.49;1;30;1;850;320;9069;7;7;1;1;7.44;7.44;0;0;1;1;8;9;;;1;;5;;;;7.4;8.29;;;1
MCOGER;2021;690780150;HOPITAL DE L'ARBRESLE LE RAVATEL;690000104;0;;;;;1;20;0;469;0;4433;0;0;8;0;1.4;0;1;0;1;0;0;2;0;0;1;15;17;2;0;15;2.99;6.55;0.18;0;3.21
MCOGER;2021;690780416;GPE HOSP MUTUALISTE LES PORTES DU SUD;690031190;0;;;;;1;20;0;694;2;6628;2;2;0;;2.92;2.92;0;0;1;1;1;3;0;0;0;6;9;0;0;8;4.5;7.23;0;0;3.64
MCOGER;2021;690783154;HOPITAL EDOUARD HERRIOT - HCL;690781810;1;726;288;880;3.8;1;85;;2291;0;25550;10;5;2;1;9.23;3.79;;;;;49;55;;;14;8;10;;;7;46.83;53.58;1.32;;19.74
MCOGER;2021;690784137;HOPITAL LYON SUD - HCL;690781810;1;1109;374;1197;4.35;1;74;4;1518;857;22395;8;3;8;6;11.43;7.56;;;;;32;34;1;;12;5;3;2;;10;36.11;36.76;2.97;;18.82
MCOGER;2021;690784152;HOPITAL CROIX-ROUSSE - HCL;690781810;0;;;;;1;40;;741;0;10168;3;1;2;1;1.96;0.8;0;0;1;1;14;14;1;;2;1;3;;;1;18.48;20.29;0.65;0.17;3.29
MCOGER;2021;690784194;HOPITAL DES CHARPENNES - HCL;690781810;0;;;;;1;81;8;1289;1128;16566;15;8;6;6;10.22;7.53;0;1;1;1;35;36;;;18;8;4;;;2;35.9;34.58;;0.03;19.21
MCOGER;2021;690787429;HOPITAL DR FREDERIC DUGOUJON - HCL;690781810;1;573;66;588;1.9;1;2;5;50;354;396;2;1;1;1;3.38;2.2;;;;;1;1;;;4;2;;;;1;2.27;1.24;0.18;;4.17
MCOGER;2021;690787478;HOPITAL PIERRE GARRAUD - HCL;690781810;0;;;;;1;5;;165;0;1369;1;1;;;0.17;0.17;0;0;1;1;2;3;;;;1;;;;1;1.34;3;;0.12;0.63
MCOGER;2021;700000029;GH HAUTE SAONE SITE VESOUL;700004591;1;319;501;648;0.8;1;22;5;566;1520;7682;1;;3;1;3;0.8;;;;;5;6;;;1;3;5;;;2;7.7;9.2;;;1
MCOGER;2021;710010067;CH DU PAYS CHAROLAIS BRIONNAIS;710780644;1;147;288;246;2.6;1;45;;2262;0;15597;5;;;;4.02;;;;;;24;18;;;3;6;4;;;1;23.14;20.53;;;3.28
MCOGER;2021;710010786;CH AUTUN SITE PARPAS;710781451;0;;;;;1;12;;326;0;3102;1;;;;1;;0;;1;;10;9;;;;;;;;;10;9;;;
MCOGER;2021;710978123;CH PAYS CHAROLAIS BRIONNAIS LA CLAYETT;710780644;0;;;;;1;15;;320;0;4258;2;;3;;1.41;;;;;;6;5;;;;4;3;;;2;7.89;7.57;;;1.29
MCOGER;2021;710978263;CH WILLIAM MOREY CHALON SUR SAONE;710780958;1;627;0;551;3.6;1;21;;623;0;7489;1;1;1;1;1.8;1.8;0;;1;;11;11;;;2;3;2;;;;12.71;14.28;;;2.25
MCOGER;2021;710978289;CH LES CHANAUX MACON;710780263;1;319;542;964;1.8;1;26;0;847;0;9330;4;3;;;2.78;1.88;0;0;1;1;9;8;;;4;2;3;;;2;9.79;8.45;;;3.66
MCOGER;2021;710978313;CENTRE HOSPITALIER JEAN BOUVERI;710976705;0;;;;;1;29;0;557;0;6153;1;1;6;3;2.32;1.44;1;0;1;1;9;4;0;0;4;6;16;0;0;7;13.47;12.84;0;0;5.76
MCOGER;2021;710978347;HOTEL DIEU DU CREUSOT;570010181;0;;;;;1;15;1;990;2979;7866;1;;;;1;;0;;1;;5;6;;;7;2;6;;;1;4.94;7.96;;;8.84
MCOGER;2021;720000033;CENTRE HOSPITALIER DU MANS;720000025;1;2225;0;1584;3.17;1;70;0;1749;0;25306;3;0;5;2;5.22;1.5;0;0;1;1;21;16;;;2;8;20;;;2;25.46;31.34;;;3.64
MCOGER;2021;720000470;CENTRE HOSPITALIER MAMERS;610780082;0;;;;;1;20;;496;0;5844;3;;3;;5.44;;;;1;;;;;;;13;18;;;8;7.56;13.26;;;4.33
MCOGER;2021;730000031;CHMS CHAMBERY NH;730000015;1;703;338;876;3.77;1;24;4;829;356;8633;9;9;3;2;5.36;5.32;;;;;7;10;;;1;8;4;;;4;11.82;13.1;;;2.65
MCOGER;2021;730000049;CH DE MOUTIERS;730002839;1;14;0;14;0.1;1;8;;11;0;1;3;2;0;0;1.27;0.87;0;0;0;0;;;;;;7;9;;;10;5.32;6.17;;;4.48
MCOGER;2021;730000080;CH DE SAINT JEAN DE MAURIENNE;730780103;1;168;0;147;1.8;0;;;;;;;;;;;;;;;;;;;;;;;;;;;;;;
MCOGER;2021;730000098;CHMS AIX GRAND PORT;730000015;0;;;;;1;18;0;514;0;5569;3;3;3;1;2.77;1.37;;;;;4;5;;;1;6;6;1;1;4;7.63;10.05;0.5;0.5;4.08
MCOGER;2021;730000262;CH D'ALBERTVILLE;730002839;1;568;0;495;4.3;0;;;;;;;;;;;;;;;;;;;;;;;;;;;;;;
MCOGER;2021;740000237;CH ANNECY-GENEVOIS SITE ANNECY;740781133;1;1265;483;1371;;1;20;5;509;749;7295;0;;;;;;;;;;;;;;;;;;;;;;;;
MCOGER;2021;740000302;CH ANNECY-GENEVOIS SITE ST JULIEN EN G;740781133;0;;;;;1;20;;328;0;6117;0;;0;;0;;;;;;;;;;;;;;;;;;;;
MCOGER;2021;740000328;HOPITAUX DU LEMAN;740790381;1;285;4;260;3.69;1;24;0;716;0;8098;6;;1;;3.78;;;;;;6;11;;;5;4;1;;;1;9.61;12.63;;;5.86
MCOGER;2021;740781141;CH ALPES LEMAN;740790258;1;349;71;1190;5;1;19;0;659;0;5861;2;;6;;4.98;;0;;0;;0;0;0;0;0;2;0;0;0;2;0.8;0;0;0;0.53
MCOGER;2021;740781224;HOPITAUX DU MONT BLANC SITE SALLANCHES;740001839;1;440;78;436;4.2;1;25;1;583;220;8456;2;2;2;2;2.5;2.5;0;0;0;0;12;12;;;3;;9;;;3;11.44;16.9;;;5.42
MCOGER;2021;750000523;GH PARIS SITE SAINT JOSEPH;750150120;1;;;;;0;;;;;;;;;;;;;;;;;;;;;;;;;;;;;;
MCOGER;2021;750041543;HU PARIS NORD SITE BRETONNEAU APHP;750712184;1;0;760;663;5.3;1;31;9;705;1149;9304;9;5;6;3;12.4;6.6;;;;;21;25;2;;;;1;;;;39.4;39.6;1.55;;
MCOGER;2021;750100042;HU SAINT LOUIS SITE LARIBOISIERE APHP;750712184;1;915;207;929;4.2;1;20;0;538;0;5976;2;2;3;1;3.1;2.2;;;;;;;;;;;;;;;;;;;
MCOGER;2021;750100083;HU EST PARISIEN SITE ROTHSCHILD APHP;750712184;1;;;999;1.5;1;40;3;844;539;11347;5;5;0;0;6.53;6.53;;;;;17;18;;;5;2;1;;;0;19;19.5;;;5.5
MCOGER;2021;750100091;HU EST PARISIEN SITE ST ANTOINE APHP;750712184;1;;;630;1.6;1;34;;914;0;10463;6;6;1;1;6.5;6.5;0;0;0;0;19;22;;;2;2;1;;;;20.3;24.1;;;1.9
MCOGER;2021;750100125;HU PITIE SALPETRIERE APHP;750712184;1;1308;334;103;2.5;1;30;10;554;453;7048;9;7;4;4;8.7;6.3;;;;;16;21;1;;6;;;;;2;16.5;21.3;0.5;;7.5
MCOGER;2021;750100166;HU PARIS CENTRE SITE COCHIN APHP;750712184;1;1549;;1339;2.2;0;;;;;;;;;;;;;;;;;;;;;;;;;;;;;;
MCOGER;2021;750100232;HU PARIS NORD SITE BICHAT APHP;750712184;1;1172;0;749;1.5;1;25;0;451;0;7470;3;2;2;2;4;3;0;0;0;0;14;13;0;0;3;1;1;0;0;0;14.6;13;0;0;3
MCOGER;2021;750100273;HU EST PARISIEN SITE TENON APHP;750712184;1;17;;17;1;1;34;;912;0;10425;4;4;;;4;4;;;;;15;23;;;4;1;;;;1;17;21.61;;;4
MCOGER;2021;750100299;HU PARIS IDF SITE SAINTE PERINE APHP;750712184;1;;;;0.1;1;29;2;595;279;8664;7;7;4;3;4.3;4;0;0;1;1;11;17;;;2;2;3;1;1;9;14.1;21.5;0.19;0.33;5.41
MCOGER;2021;750150146;HOPITAL LEOPOLD BELLAN;750720609;1;1239;;1239;1.64;1;58;6;1292;1146;15812;3;3;7;7;6.78;6.43;0;0;1;1;;;;;;;;;;;;;;;
MCOGER;2021;750150237;HOPITAL DE LA CROIX SAINT SIMON;750006728;0;;;;;1;16;;351;0;3887;3;3;3;2;3.2;2.2;0;0;0;0;5;8;;;5;;;;;;7.71;8.61;;;4.57
MCOGER;2021;750150377;HOPITAL HENRY DUNANT;750721334;0;;;;;1;24;0;529;0;6908;4;4;13;;4.78;3.22;1;1;0;0;7;6;;1;13;8;14;;;;8.24;9.52;0.09;0.2;10.11
MCOGER;2021;750160012;CLCC INSTITUT CURIE;750813321;1;1214;0;825;2.8;0;;;;;;;;;;;;;;;;;;;;;;;;;;;;;;
MCOGER;2021;750301145;CLINIQUE DU MONT LOUIS;750001042;0;;;;;1;37;0;1548;0;12018;4;4;;;4;4;0;1;0;0;8;4;;;1;;;;;;8;4;;;1
MCOGER;2021;750801441;HU PARIS CENTRE SITE BROCA APHP;750712184;1;;402;125;1.43;1;60;17;1198;2948;17755;5;5;6;6;8.49;8.49;1;1;1;1;;4;;;6;70;164;8;3;65;29.46;36.69;1.73;0.19;31.39
MCOGER;2021;750803447;HU PARIS OUEST SITE G POMPIDOU APHP;750712184;1;2295;333;1541;1.35;1;36;10;1076;630;11067;5;5;2;2;6.84;6.84;1;1;1;1;16;17;;;1;1;3;1;;26;20.65;14.64;0.94;;11.52
MCOGER;2021;760000018;CH DIEPPE;760780023;1;357;109;456;2;1;30;0;908;0;9472;7;7;1;1;6.63;6.63;0;;1;;7;9;;;3;7;9;;;2;13.25;15.56;;;3.99
MCOGER;2021;760000059;CH NEUFCHATEL-EN-BRAY;760780064;1;0;7;7;1.6;0;;;;;;;;;;;;;;;;;;;;;;;;;;;;;;
MCOGER;2021;760000141;HOPITAL SAINT JULIEN CHU ROUEN;760780239;0;;;;;1;59;;1765;0;20526;4;;;;3.34;;0;;1;;16;20;;;15;7;9;;;4;23.44;26.1;;;14.69
MCOGER;2021;760000158;HOPITAL CHARLES NICOLLE CHU ROUEN;760780239;1;352;4;283;;1;30;;1060;0;9805;8;1;;;6.18;1;0;0;0;0;15;13;;;8;2;4;;;4;15.62;14.95;;;8.94
MCOGER;2021;760000364;CHI DU PAYS DES HAUTES FALAISES FECAMP;760780734;1;273;109;293;3.32;1;20;;637;0;5819;4;2;6;3;4.3;1.37;0;0;1;1;11;13;;;1;3;;;;5;14.14;13.85;;;2.44
MCOGER;2021;760000463;CH LES FEUGRAIS CHI ELBEUF;760024042;1;558;257;;1;1;12;0;586;0;5853;;;3;3;1.4;1.4;0;0;0;;1;;;;;12;27;;;12;4.02;11.21;;;3.39
MCOGER;2021;760021329;HOPITAL PRIVE DE L'ESTUAIRE;760000448;0;;;;;1;28;;612;0;7100;;;1;1;1.05;1.05;0;0;1;1;9;11;;;1;3;2;;;;10.8;11.83;;;1
MCOGER;2021;760783522;HOPITAL DE BOIS-GUILLAUME CHU ROUEN;760780239;0;;;;;1;30;3;743;555;9770;4;1;1;;3.9;1;0;;1;;;;;;;;;;;;;;;;
MCOGER;2021;760805770;HOPITAL JACQUES MONOD CH LE HAVRE;760780726;1;53;38;90;3.65;1;28;;774;0;8317;3;;11;;2.81;;;;;;9;8;;;4;7;10;;;2;12.75;16.92;;;5.79
MCOGER;2021;770000131;CH DE COULOMMIERS;770021145;1;1081;313;835;1.63;1;30;0;705;0;9563;4;;1;1;4.13;0.05;0;0;1;1;12;18;;;5;2;;;;2;12.47;15.92;;;3.63
MCOGER;2021;770000149;CH SUD SEINE ET MARNE FONTAINEBLEAU;770021152;1;513;0;505;1.25;0;;;;;;;;;;;;;;;;;;;;;;;;;;;;;;
MCOGER;2021;770000156;CH DE MELUN SITE SANTEPOLE;770110054;1;990;57;57;3.32;1;36;;1054;0;12208;8;7;0;0;8.55;6.96;0;0;0;0;15;14;0;0;2;2;3;0;0;1;16.67;17;0;0;2.58
MCOGER;2021;770000164;CH SUD SEINE ET MARNE SITE MONTEREAU;770021152;0;;;;;1;30;1;889;84;9154;;;1;1;1.99;0.83;;;;;12;13;;;1;1;4;;;1;12.21;16.01;;;1.79
MCOGER;2021;770000172;CH DE PROVINS LEON BINET;770110070;1;;;;;1;28;1;743;21;9763;3;;3;;5.93;;;;;;9;11;;;1;;;;;0;10.16;11.66;;;1.72
MCOGER;2021;770000180;CH DE BRIE COMTE ROBERT;770110054;1;;;;;1;30;;582;0;8627;4;2;0;0;3.93;1.96;0;0;1;0;0;0;0;0;0;0;0;0;0;0;0;0;0;0;0
MCOGER;2021;770000214;CH SUD SEINE ET MARNE SITE DE NEMOURS;770021152;1;498;0;495;1.2;1;30;;903;0;9776;1;1;;;0.32;0.29;0;0;1;1;8;15;;;3;2;;;;;10.54;14.7;;;2.93
MCOGER;2021;770000446;CH DE MEAUX SITE SAINT FARON;770021145;1;215;242;426;1.5;1;30;0;1099;0;9676;4;1;3;3;3.45;1.62;0;0;0;0;1;;;;1;;;;;;0.83;;;;0.67
MCOGER;2021;770019032;GHEF MARNE LA VALLEE SITE JOSSIGNY;770021145;1;810;414;1038;0.95;1;29;1;472;319;9142;7;1;3;1;7.04;1.2;0;0;0;0;11;13;;;2;1;;;;1;11.62;13.58;;;4.14
MCOGER;2021;780000287;CH FRANCOIS QUESNAY MANTES;780110011;1;1484;0;849;2.5;1;22;0;398;0;6860;3;;;;2;;;;;;10;12;;;5;;;;;1;9.89;12;;;4.84
MCOGER;2021;780000295;CHI DE MEULAN LES MUREAUX;780002697;0;;;;;1;20;1;547;1;6068;3;3;1;1;3.36;3.1;;;;;12;13;;1;3;;3;;;;11.73;16.65;;1;4.12
MCOGER;2021;780000303;CENTRE HOSPITALIER DE PLAISIR;780024113;1;0;172;139;1.03;1;52;3;1064;316;15422;5;4;2;2;6.29;4.89;1;1;1;1;11;24;0;0;0;17;22;3;2;0;18.36;33.12;0.56;0.96;0
MCOGER;2021;780000311;CHI POISSY ST GERMAIN SITE DE POISSY;780001236;1;1940;0;396;1.6;1;21;2;585;374;6676;;;;;4.9;;;;;;;;;;;;;;;;7.4;10.3;0.8;0.3;2.9
MCOGER;2021;780000329;CH DE RAMBOUILLET;780110052;1;812;536;431;3.2;1;29;1;724;197;9721;2;2;2;2;2.5;2.5;0;0;0;0;9;14;0;0;7;2;0;2;1;1;10.7;14.95;0.75;0.5;7.43
MCOGER;2021;780000337;CHI POISSY ST GERMAIN SITE ST GERMAIN;780001236;1;382;0;109;0.5;1;0;;96;0;1299;;;;;1;;;;;;;;;;;;;;;;1.5;2.1;0.2;0.1;0.6
MCOGER;2021;780000345;CH DE VERSAILLES SITE RICHAUD;780110078;1;1429;;1057;2.53;1;0;3;0;257;0;;;2;2;1.3;1.3;1;1;1;1;;;;;;;;;;;0.2;0.2;0.02;;0.63
MCOGER;2021;780140018;INSTITUT MARCEL RIVIERE;750005068;0;;;;;1;25;0;582;0;7052;4;3;2;1;4.24;3.3;1;1;1;1;17;18;;;;3;1;1;1;34;16.21;19.35;0.27;0.01;6.06
MCOGER;2021;780150066;HOPITAL LA PORTE VERTE;780808614;0;;;;;1;101;2;2812;8;30484;8;8;3;2;9.83;9.68;1;1;0;0;22;27;;;25;4;2;;;3;24.55;26.54;;;24.55
MCOGER;2021;780800256;CH DE VERSAILLES SITE ANDRE MIGNOT;780110078;0;;;;;1;24;;886;0;5857;3;3;2;2;3.6;3.6;;;;;8;13;;;1;1;4;;;4;10.91;14.87;0.02;;2.13
MCOGER;2021;790000087;CENTRE HOSPITALIER DE NIORT;790000012;1;1592;9;963;3.33;1;30;2;1166;63;16196;5;;0;;4.65;;0;0;1;1;12;20;;;7;5;5;;;2;16.81;20.56;;;6.38
MCOGER;2021;790000111;CH HAUT VAL SEVRE & MELLOIS - ST MAIX.;790019491;1;159;0;111;5;1;20;;553;0;6375;2;;;;1.99;;0;0;1;1;6;17;;;1;5;2;;;;11.45;17.97;;;1.74
MCOGER;2021;790000137;CH HAUT VAL SEVRE & MELLOIS - MELLE;790019491;0;;;;;1;12;;185;0;3405;;;1;;0.83;;0;0;0;0;6;5;;;1;1;5;;;1;6.8;6.19;;;1.94
MCOGER;2021;790019848;SITE HOSPITALIER FAYE L'ABBESSE;790006654;1;617;660;1201;4.15;1;24;;561;0;8164;1;;;;1.83;;;;;;6;8;;;4;2;5;;;4;9.18;11.73;;;5.43
MCOGER;2021;800000143;CH ABBEVILLE;800000028;1;597;;554;4;1;43;0;973;0;9761;7;7;;;5.11;5.11;0;0;0;0;20;26;;;8;4;;;;2;20.74;27.12;;;7.43
MCOGER;2021;800000192;CHU AMIENS NORD;800000044;0;;;;;1;57;;1846;0;18644;3;2;11;7;5.31;4.3;1;1;;;19;29;;;6;2;;;;3;18.86;29.92;;;6.87
MCOGER;2021;800000507;CH CHIBS SAINT-VALERY-SUR-SOMME;800000135;1;0;35;24;1;0;;;;;;;;;;;;;;;;;;;;;;;;;;;;;;
MCOGER;2021;800000614;CHU AMIENS SAINT VICTOR;800000044;0;;;;;1;7;3;155;252;2177;;;3;1;0.7;0.1;1;1;1;1;4;4;;;1;3;3;;;1;3.95;4.4;;;1.27
MCOGER;2021;800006124;CHU AMIENS SUD;800000044;1;699;0;571;1.5;1;12;;1431;0;3854;2;1;3;1;2.71;1;0;0;;;5;6;;;1;2;4;;;1;6.01;6.78;;;0.99
MCOGER;2021;800009920;CLINIQUE VICTOR PAUCHET DE BUTLER;800003071;0;;;;;1;23;;738;;7107;3;3;1;1;3.14;3.14;0;0;1;1;5;3;;;;1;1;;;;3.77;3.79;;;
MCOGER;2021;810000224;CL CLAUDE BERNARD;810000471;0;;;;;1;26;0;147;;1250;3;3;;;3.05;3.05;0;0;1;1;8;8;;;1;;;;;;8.4;8.2;;;0.5
MCOGER;2021;810000448;POLYCLINIQUE FILIERIS STE BARBE CARMAU;750050759;0;;;;;1;16;;379;0;4197;1;1;1;1;1.4;1.4;0;0;1;1;10;10;0;0;4;8;4;1;0;6;9.55;7.9;0.2;0;4.55
MCOGER;2021;810000505;CH ALBI;810000331;1;535;54;490;3.45;1;16;;516;0;5638;2;1;2;1;3.44;1.64;0;0;1;1;7;9;;;2;7;2;;;4;11.3;9.39;;;2.96
MCOGER;2021;810000521;CHIC CASTRES MAZAMET SITE AUTAN;810000380;1;303;2;269;3.7;1;24;1;790;1;8649;6;6;0;0;4.97;4.97;0;0;1;1;12;15;1;;6;3;4;;;2;13.65;16.77;0.4;;2.8
MCOGER;2021;810000539;CH GRAULHET;810000398;1;1145;472;476;2.8;0;;;;;;;;;;;;;;;;;;;;;;;;;;;;;;
MCOGER;2021;810000562;CH LAVAUR;810000455;1;1145;472;476;2.8;0;;;;;;;;;;;;;;;;;;;;;;;;;;;;;;
MCOGER;2021;820000032;CH MONTAUBAN;820000016;1;568;0;500;2.5;1;24;0;520;0;5556;2;1;3;2;4.16;2.76;0;0;1;1;9;13;;;4;5;3;;;3;11.47;15.16;;;3.82
MCOGER;2021;830000279;CH JEAN MARCEL DE BRIGNOLES;830100517;1;;;;2.86;0;;;;;;;;;;;;;;;;;;;;;;;;;;;;;;
MCOGER;2021;830000287;CH LA DRACENIE DE DRAGUIGNAN;830100525;1;611;155;685;4.34;1;15;0;340;0;3859;1;1;4;4;3.38;3.38;0;0;1;1;9;10;1;;5;1;1;;;2;9.72;9.76;1;;7.03
MCOGER;2021;830000295;CH DE HYERES MARIE JOSEE TREFFOT;830100533;1;627;0;618;2.8;1;64;;1635;0;20454;6;;1;;6.6;;0;0;0;0;18;24;;;9;8;10;;;4;21.87;28.72;;;12.89
MCOGER;2021;830000311;CHI DE FREJUS SAINT RAPHAEL;830100566;1;;;;;1;60;0;1751;0;18265;;;;;;;;;;;14;17;;;10;2;;;;4;15.26;16.93;;;10.77
MCOGER;2021;830000345;CHITS CH SAINTE MUSSE;830100616;1;935;22;514;;1;52;;1501;0;17804;;;;;;;;;;;13;18;;;9;17;18;;;14;22.68;26.45;;;15.04
MCOGER;2021;830100251;CLINIQUE DU CAP D'OR;830000063;0;;;;;1;27;;927;;7416;1;;3;;3.43;;0;;1;;6;7;;;;2;0;;;;7.12;7;;;
MCOGER;2021;830100558;HOPITAL RENEE SABRAN HYERES;690781810;0;;;;;1;8;0;222;0;1271;1;;2;;0.6;0.5;;;;;2;1;;;;;;;;;1.77;2.28;;;
MCOGER;2021;830100608;CHITS CH GEORGE SAND;830100616;1;3;;;;0;;;;;;;;;;;;;;;;;;;;;;;;;;;;;;
MCOGER;2021;830100855;CENTRE DE GERONTOLOGIE SAINT FRANCOIS;830000493;0;;;;;1;36;;1238;0;10212;1;;12;5;3.28;1.18;0;0;1;1;7;8;;;;2;5;;;1;8;11.42;;;0.39
MCOGER;2021;840000343;CENTRE HOSPITALIER DU PAYS D'APT;840000012;1;1682;761;490;3.1;0;;;;;;;;;;;;;;;;;;;;;;;;;;;;;;
MCOGER;2021;840000392;CENTRE HOSPITALIER DE CARPENTRAS;840000046;1;473;29;180;2.8;1;20;0;722;0;7060;2;1;1;1;2.33;0.72;0;0;0;0;6;9;;;3;4;3;;;4;8.9;10.57;;;5.25
MCOGER;2021;840000483;CH LOUIS GIORGI D'ORANGE;840000087;0;;;;;1;28;0;959;0;11669;2;2;;;2;2;0;0;1;1;6;10;;;2;5;7;;;4;10.45;13.64;;;2.15
MCOGER;2021;840000525;CH VAISON LA ROMAINE;840000111;1;969;107;848;4;1;4;;38;0;473;0;;;;;;;;;;;;;;;;;;;;;;;;
MCOGER;2021;840001861;CH D'AVIGNON HENRI DUFFAUT;840006597;1;821;;801;2.21;1;40;0;1348;0;13820;5;;1;1;5.23;0.8;0;0;0;0;17;23;;;10;4;2;;;2;19.85;22.84;;;10.76
MCOGER;2021;850000142;CHD SITE LA ROCHE SUR YON;850000019;1;;;;0.61;1;23;3;547;464;7240;3;0;4;3;2.44;2.25;;;;;5;12;0;0;3;26;11;1;2;28;18.32;16.43;0.19;0.11;10.98
MCOGER;2021;850000175;CH LVO - SITE DE CHALLANS;850009010;1;279;84;315;0.67;1;33;0;488;0;7251;0;;0;;1.14;0.63;0;0;1;1;6;6;;;3;9;10;;;4;14.01;15.28;;;7.43
MCOGER;2021;850000209;CHD-SITE DE LUCON;850000019;0;;;;;1;;1;0;100;0;;;;;;;;;;;1;0;;;;1;0;;;5;0.33;;;;0.58
MCOGER;2021;850000241;CENTRE HOSPITALIER COTE DE LUMIÈRE;850000084;1;1425;172;936;1.49;1;35;0;864;0;11390;3;1;1;0;3.94;1.01;0;0;0;0;13;21;0;0;19;5;9;0;0;2;13.71;16.35;0;0;9.12
MCOGER;2021;850009630;CH FONTENAY SITE POLE SANTE SUD VENDEE;850000035;1;157;;154;1.52;1;24;0;743;0;7530;2;0;0;0;2;0;;;;;5;11;0;0;0;8;13;0;0;0;8.57;18.93;0;0;0
MCOGER;2021;860000025;CHU DE POITIERS - SITE CHATELLERAULT;860014208;0;;;;;1;30;1;923;180;10042;3;2;1;;2.91;2.01;0;0;1;0;16;18;1;0;2;1;2;1;0;4;13.35;13.13;1.61;0;3.03
MCOGER;2021;860000223;CHU LA MILETRIE;860014208;1;810;1603;1316;3;1;86;;3119;0;33815;;;15;15;7.73;7.73;0;0;1;1;94;162;1;0;49;19;31;1;0;27;34.33;56.13;0.9;0;16.42
MCOGER;2021;870000064;C H U DUPUYTREN LIMOGES;870000015;1;1134;3987;2176;18.9;1;40;2;1137;433;12641;13;3;2;;9.41;2.07;0;0;1;1;21;21;;;11;3;2;;;1;23.81;22.58;;;13.35
MCOGER;2021;870000098;CENTRE HOSPITALIER SAINT JUNIEN;870000023;1;1238;954;658;4;0;;;;;;;;;;;;;;;;;;;;;;;;;;;;;;
MCOGER;2021;870000270;CTRE HOSPITALIER J BOUTARD ST YRIEIX;870000031;1;209;;207;0.5;1;17;0;457;0;4749;1;;;;1;;0;0;0;0;2;2;;;1;1;3;;;;2.86;4.57;;;1
MCOGER;2021;870000288;CLINIQUE FRANCOIS CHENIEUX;870017415;0;;;;;1;16;;657;;5372;2;2;;;2;2;;;;;6;10;;;;2;2;;;;7.58;10.92;;;
MCOGER;2021;880000021;CHI E.DURKHEIM - PLATEAU DE LA JUSTICE;880007059;1;1324;0;;0.9;1;24;0;628;0;7684;4;1;;;4;1;0;;1;;5;10;;;;10;4;;;1;9.4;11.13;;;0.72
MCOGER;2021;880000047;CENTRE HOSPITALIER DE SAINT-DIE;880780077;1;386;0;;1.6;1;25;;558;0;6678;3;2;;;2.27;2.09;0;0;1;1;10;11;;;1;1;2;;;;10.65;11.59;;;0.9
MCOGER;2021;880000054;CHI L'OUEST VOSGIEN SITE NEUFCHATEAU;880007299;1;95;54;78;;1;20;;155;0;1745;;;;;;;;;;;;;;;;;;;;;3.07;3.26;;;1.1
MCOGER;2021;880000062;CENTRE HOSPITALIER DE REMIREMONT;880780093;1;;;;0.5;1;10;0;414;55;4307;;;3;1;0.57;0.15;;;1;1;;;;;;14;15;;;5;1.54;1.65;;;0.99
MCOGER;2021;880000070;CHI DE L'OUEST VOSGIEN SITE DE VITTEL;880007299;1;131;73;108;1.55;0;;;;;;;;;;;;;;;;;;;;;;;;;;;;;;
MCOGER;2021;890002389;POLYCLINIQUE STE MARGUERITE AUXERRE;890000730;0;;;;;1;6;0;119;0;1676;0;0;1;1;0.5;0.5;0;0;1;1;;2;;;;;0;;;;;2;;;
MCOGER;2021;890975527;CH AUXERRE;890000037;1;685;690;657;3.17;1;26;;845;0;8370;3;2;1;1;3.08;2.18;0;0;;;13;13;;;5;1;1;;;;13.86;13.86;;;5
MCOGER;2021;890975543;CH JOIGNY;890000417;1;463;176;235;;0;;;;;;;;;;;;;;;;;;;;;;;;;;;;;;
MCOGER;2021;890975550;CH SENS;890970569;1;684;26;;2.06;1;29;6;778;354;10003;16;9;3;3;9.23;7.71;0;0;1;1;9;9;;;4;2;2;;;2;10.86;12.08;;;6.28
MCOGER;2021;890975568;CENTRE HOSPITALIER DU TONNERROIS;890000433;0;;;;;1;33;0;1173;0;10905;4;;1;;4.75;;0;;1;;7;11;;;2;1;4;;;;7.7;14.2;;;2
MCOGER;2021;900003039;HNFC SITE TREVENANS;900000365;1;536;0;497;2.5;1;31;1;826;14;10439;2;2;3;3;4.28;4.28;1;;;;7;10;0;0;1;5;2;0;0;1;10.89;14;0;0;0.28
MCOGER;2021;910000272;CH D ARPAJON;910110014;1;992;146;375;4.5;1;10;2;92;399;1928;0;0;1;1;0.2;0.2;0;0;0;0;0;2;0;0;0;1;1;0;0;4;0.13;2.13;0;0;0.39
MCOGER;2021;910000298;CH DES DEUX VALLEES SITE LONGJUMEAU;910110055;1;476;;388;2.8;1;26;0;1766;0;18748;4;2;3;2;3.94;0.75;;;;;8;12;;;1;4;5;1;;1;10.02;18.68;0.78;;1.96
MCOGER;2021;910000306;CH D ORSAY;910110055;1;296;0;293;2.1;1;20;1;395;1;5557;;;;;;;;;;;7;9;;;3;4;3;;;5;9.02;11.71;;;4.73
MCOGER;2021;910001973;CH DOURDAN ETAMPES SITE ETAMPES;910019447;1;390;73;228;1.7;0;;;;;;;;;;;;;;;;;;;;;;;;;;;;;;
MCOGER;2021;910020254;CH SUD FRANCILIEN SITE JEAN JAURES;910002773;1;874;67;848;3.78;1;32;2;595;103;8075;9;4;3;3;10.01;6.72;0;0;1;1;14;19;0;0;2;1;0;0;0;0;15.96;21.69;0;0;2
MCOGER;2021;910100015;HU HENRI MONDOR SITE CLEMENCEAU APHP;750712184;0;;;;;1;34;2;332;168;5425;2;;1;;2.7;;1;1;;1;8;19;;;2;;4;;;4;8;22.5;;;3.9
MCOGER;2021;910100031;HU HENRI MONDOR SITE DUPUYTREN APHP;750712184;0;;;;;1;30;3;576;566;8802;7;;1;;7.8;;1;1;1;1;13;20;;;;1;3;3;3;7;13.8;22.2;0.3;0.3;2.3
MCOGER;2021;910150069;HOP PRIVE GERIAT LES MAGNOLIAS;910000033;1;;;;;1;76;4;1801;1001;24130;14;8;6;2;14.08;10;1;1;0;0;24;29;1;;37;5;3;1;;18;29.54;30.41;1.13;0.3;43.92
MCOGER;2021;910300060;CLINIQUE GERIATRIQUE LES VALLEES;920030269;0;;;;;1;12;0;193;0;4096;1;;1;;1.17;;;;;;;7;;;;;;;;;;7;;;
MCOGER;2021;920000460;CLCC RENE HUGUENIN INSTITUT CURIE;750813321;1;1142;0;748;2.5;0;;;;;;;;;;;;;;;;;;;;;;;;;;;;;;
MCOGER;2021;920000569;CH RIVES DE SEINE SITE COURBEVOIE;920026374;0;;;;;1;57;5;1382;481;14613;;;;;;;0;0;1;1;1;2;;;3;;;;;1;0.8;2.28;0.9;;2.84
MCOGER;2021;920000577;CH DE NANTERRE;920110020;0;;;;;1;23;;621;0;7255;6;4;1;0;5.6;2.83;1;1;0;0;11;17;0;0;5;0;0;0;0;0;10.48;16.47;0;0;4.42
MCOGER;2021;920000601;CH DEPARTEMENTAL DE STELL;920110053;0;;;;;1;30;0;505;0;6232;3;3;1;1;3.9;3.9;;;;;19;10;;;4;13;11;;;3;13.31;10.98;;;3.48
MCOGER;2021;920000627;CH DES QUATRE VILLES SITE SEVRES;920009909;0;;;;;1;18;0;581;0;6249;10;3;5;;8.25;2.28;1;1;0;0;15;29;0;0;17;2;1;0;0;1;17.62;25.52;0;0;18.4
MCOGER;2021;920000643;INSTITUT FRANCO BRITANNIQUE KLEBER;750720468;0;;;;;1;20;;575;0;5974;6;2;0;0;6;2;;;;;6;11;0;0;7;1;1;0;0;;6.86;11.5;0;0;7
MCOGER;2021;920000650;HOPITAL FOCH;920150059;1;1503;200;1453;3.2;1;14;;399;0;5022;4;4;1;1;4.4;4.4;;;;;6;7;0;0;2;0;0;1;0;1;6.78;6.92;0.8;0;3.49
MCOGER;2021;920100013;HU OUEST SITE AMBROISE PARE APHP;750712184;1;2595;109;1973;5.7;1;36;2;1120;274;11342;9;9;;;9;9;;;;;15;19;;;7;;;1;;3;15;19;0.2;;9.26
MCOGER;2021;920100021;HU PARIS SUD SITE ANTOINE BECLERE APHP;750712184;1;716;0;624;2;1;39;0;624;0;9762;5;;;;5.25;;;;;;12;16;;;2;4;3;;;;14.24;19.31;;;1.15
MCOGER;2021;920100039;HU PARIS NORD SITE BEAUJON APHP;750712184;1;480;58;510;1.5;1;22;0;472;0;6480;4;1;1;1;4.6;1.6;1;1;0;0;14;13;0;0;3;1;0;0;0;0;14.31;13;0;0;3
MCOGER;2021;920100047;HU PARIS NORD SITE LOUIS MOURIER APHP;750712184;1;302;0;185;1.5;1;26;1;415;151;5859;1;;3;3;4;3;1;1;0;0;14;15;0;0;0;0;;0;0;1;13.4;15.5;0;0;0.9
MCOGER;2021;920100062;HU PARIS OUEST SITE CELTON APHP;750712184;1;;513;340;2.19;1;44;;768;0;11818;5;5;3;2;5.79;5.78;1;1;1;1;13;10;;;2;5;5;6;5;30;15.55;19.31;0.61;1.15;8.25
MCOGER;2021;930000286;GHI LE RAINCY MONTFERMEIL;930021480;1;1720;752;345;3.3;1;26;;1250;0;9201;2;;5;4;3.85;3.08;;;;;10;12;;;7;;;;;3;9.92;12.89;;;9.98
MCOGER;2021;930000302;CHI ANDRE GREGOIRE;930110036;1;3006;131;1338;3;1;35;2;783;203;8743;11;9;;;9.71;7.71;0;0;0;0;11;19;;;5;;;;;3;11.88;18.35;;;5.03
MCOGER;2021;930000336;CHI ROBERT BALLANGER;930110069;0;;;;;1;24;0;745;0;7345;3;3;1;1;4.31;4.31;;;;;10;15;;;3;;1;;;2;9.28;13;;;4.38
MCOGER;2021;930100011;HU PARIS SSTDENIS SITE MURET APHP;750712184;1;;;;;1;32;1;481;297;7005;4;;1;;3.3;;0;0;0;0;13;15;;;;1;1;;;;15.23;15.8;;;
MCOGER;2021;930100037;HU PARIS SITE AVICENNE APHP;750712184;1;;;;;1;15;0;327;0;4748;1;;1;;1.2;;;;;;6;9;;;2;;;;;;6.96;9.72;;;2
MCOGER;2021;930300587;CLINIQUE DU LANDY;930000641;0;;;;;1;17;;168;;858;1;1;3;1;1.4;1;0;0;1;1;4;3;;;1;;;;;;4.07;3.53;;;0.4
MCOGER;2021;930706239;CH SAINT DENIS HOPITAL CASANOVA;930110051;1;500;234;126;9;1;22;2;643;76;8454;3;;1;;3.6;;;;;;10;17;1;;16;2;2;1;;;10.42;17.93;1.25;;14.02
MCOGER;2021;940000573;CHI DE CRETEIL;940110018;1;884;;648;2.5;1;12;0;449;0;5042;2;2;0;0;2;2;0;0;0;0;8;8;0;0;0;0;0;1;1;0;8.9;8.8;0.5;0.5;0
MCOGER;2021;940000599;CHI LUCIE ET RAYMOND AUBRAC;940110042;1;;;;1;1;30;0;727;0;8626;4;4;1;1;5.3;4.96;1;0;0;0;12;18;0;0;7;0;0;0;0;0;12.13;16.86;0;0;7.75
MCOGER;2021;940000649;HOPITAL SAINT CAMILLE;940150014;1;1084;86;661;3.07;1;29;5;922;264;10666;2;2;1;1;3.09;2.11;;;;;9;14;;;3;;;;;;8.37;14.32;;;2.05
MCOGER;2021;940100027;HU HENRI MONDOR SITE HENRI MONDOR APHP;750712184;1;3937;952;4889;3;1;59;5;1565;737;19966;7;;2;;8;;0;0;1;1;39;49;;;3;1;1;;;;31.4;49.1;;;3
MCOGER;2021;940100035;HU PITIE SALPETRIERE- CHARLE FOIX APHP;750712184;1;;;;;1;97;3;2259;1128;25194;6;6;5;5;10.7;10.7;;;;;33;45;;;4;1;4;;;1;34.2;49.4;;;6.9
MCOGER;2021;940100043;HU PARIS SUD SITE KREMLIN BICETRE APHP;750712184;1;;;;4.5;1;44;0;977;0;13532;3;3;;;2.2;2.2;;;;;14;19;;;2;1;;;;1;14;17.35;;;3.24
MCOGER;2021;940100050;HU HENRI MONDOR SITE E ROUX APHP;750712184;0;;;;;1;64;4;1240;1607;17754;11;;5;;12.9;;1;1;1;1;14;32;0;;9;3;5;1;;8;16.4;36.6;0.2;;12.55
MCOGER;2021;940100068;HU PARIS SUD SITE PAUL BROUSSE APHP;750712184;0;;;;;1;34;6;745;1194;12151;9;;;;8.73;;;;;;15;21;;;3;2;2;;;13;15.77;19.91;;;8.79
MCOGER;2021;950000307;CH VICTOR DUPOUY;950110015;1;927;0;731;4;1;27;4;711;680;9056;9;4;2;1;7.82;3.5;0;0;0;0;17;13;;;4;;1;;;4;14.99;13.51;;;6.64
MCOGER;2021;950000323;GHEM SIMONE VEIL SITE EAUBONNE;950013870;1;2285;4292;2720;3.48;1;30;0;822;684;9550;4;1;1;1;4.97;1.8;0;0;0;0;11;13;0;0;2;6;4;0;1;9;12.91;16.53;0;0.2;6.86
MCOGER;2021;950000331;CH GENERAL DE GONESSE;950110049;1;519;0;;3.23;1;29;0;772;0;9008;3;3;2;2;4.55;4.55;;;;;28;41;;;1;1;5;;;1;32.04;44.72;;;1.13
MCOGER;2021;950000364;CH RENE DUBOS;950110080;1;260;0;241;2.6;1;36;0;823;13;11273;8;8;1;1;8.5;8.5;;;;;15;12;;;6;;1;;;1;14.73;14.73;;;8.73
MCOGER;2021;950000406;HOPITAL FONDATION CHANTEPIE MANCIER;950150037;0;;;;;1;22;4;483;202;7436;4;;2;;3.99;;;;;;14;20;;;55;;;1;;;6.9;10.43;0.1;;20.01
MCOGER;2021;950300095;POLYCLINIQUE DU PLATEAU;950000455;0;;;;;1;17;;210;;2752;1;;1;;1.5;;0;;1;;4;5;;;;1;;;;;4.5;5;;;
MCOGER;2021;970100442;C.H.U. DE POINTE-A-PITRE/ABYMES;970100228;1;1420;0;702;7.2;1;32;0;758;2;8724;3;3;;;3;3;1;;1;;13;13;;;3;;;;;;13;13;;;3
MCOGER;2021;970200036;HOPITAL DU MARIN;970202156;0;;;;;1;40;;654;0;5581;6;1;;;5.27;0.5;1;;;;15;24;;;;;;;;;15.08;18.44;;;
MCOGER;2021;970211215;CHU DE MARTINIQUE SITE P.ZOBDA QUITMAN;970211207;1;;;;;1;18;0;432;0;5569;5;;2;2;3.39;0.32;;;;;13;11;;;8;;;;;;11.22;11.48;;;6.55
MCOGER;2021;970211223;CHU DE MARTINIQUE SITE DE TRINITE;970211207;0;;;;;1;20;;346;0;4935;2;;;;2.28;;;;;;10;12;;1;5;;;;;;9.99;11.98;;0.45;5
MCOGER;2021;970211231;CHU DE MARTINIQUE SITE MANGOT VULCIN;970211207;1;;;;;1;;5;0;458;0;1;;;;1.68;;;;;;1;2;;;4;;;;;;1;1.99;;;3.07
MCOGER;2021;970400024;CHU SITE FELIX GUYON (SAINT DENIS);970408589;1;;;;5.1;1;20;;483;0;6106;5;5;;;5;5;1;1;;;12;14;1;;;;;;;;12;14;1;;
MCOGER;2021;970400057;CHU SITE SUD (SAINT PIERRE);970408589;1;;;;5.03;1;16;;220;0;0;1;;2;;1.36;;;;;;5;5;;;5;;;;;;4.07;4.71;;;0.55
MCOGER;2021;970400065;CH OUEST REUNION;970421038;1;1451;105;639;8.4;1;15;;528;0;5761;3;3;;;3;3;0;0;1;;8;8;;;1;;;;;1;8;8;;;0.56
MCOGER;2021;970400073;GHER (SAINT-BENOIT);970403606;1;204;95;299;4;1;24;0;1283;0;7714;0;0;0;0;0;0;;;;;2;0;0;0;3;0;0;2;0;4;1.54;0;0.86;0;2.92
MCOGER;2021;970400180;CHU SITE SUD (SAINT JOSEPH);970408589;1;;;;;1;12;4;612;670;7102;3;3;;;3;3;0;0;1;1;;;;;;;;;;;;;;;
