BOR;AN;FI;RS;FI_EJ;SPED;UPED;LIT_PED;PLA_PED;SEJHP_PED;SEJHC_PED;JOU_PED;EFFPL_PM;EFFPL_PED;EFFPA_PM;EFFPA_PED;ETP_PM;ETP_PED;GAR_PM;GAR_PED;AST_PM;AST_PED;EFFPL_INFNS;EFFPL_PUE;EFFPL_AUX;EFFPL_KINE;EFFPL_PSY;EFFPL_APNM;EFFPA_INFNS;EFFPA_PUE;EFFPA_AUX;EFFPA_KINE;EFFPA_PSY;ETP_INFNS;EFFPA_APNM;ETP_PUE;ETP_AUX;ETP_KINE;ETP_PSY;ETP_APNM
MCOPED;2021;010000024;CH DE FLEYRIAT;010780054;1;0;22;4;332;1675;4792;;;10;9;4.63;3.83;1;1;0;0;6;7;;;;5;6;11;10;;4;8.95;4;11.64;5.33;;1.63;7.38
MCOPED;2021;010000032;CH BUGEY SUD;010780062;1;0;6;1;15;619;1111;1;1;;;1;1;;;;;6;1;4;;;3;;;2;;;5.24;2;0.09;6.75;;;4.94
MCOPED;2021;010005239;CH DU HAUT BUGEY - GEOVREISSET;010008407;1;;10;1;105;792;2037;0;0;5;3;2.5;1.92;0;;1;;4;2;5;0;0;0;0;2;4;0;1;3.06;1;3.3;7.23;0;0.2;0.88
MCOPED;2021;020000162;CH SAINT-QUENTIN;020000063;1;1;20;4;126;2201;5005;1;1;8;8;5.9;5.9;1;0;1;0;14;7;16;1;2;12;2;6;4;0;2;14.55;11;11.75;19.33;1;3;16.58
MCOPED;2021;020000394;CH LAON;020000253;1;1;8;3;5;724;1585;2;2;5;5;1.53;1.53;1;1;0;0;7;0;3;0;1;5;1;1;1;0;0;8.59;1;0.32;3.6;0;1;5.09
MCOPED;2021;020000519;CH SOISSONS;020000261;1;;15;0;0;1327;3331;1;1;5;5;4.15;4.15;1;;0;;12;1;5;;;3;4;2;1;1;;12.97;4;1.91;5.47;0.2;0.11;5.62
MCOPED;2021;020001061;CH CHÂTEAU-THIERRY;020004404;1;0;7;;75;700;1553;3;3;2;2;4.26;4.26;1;1;;;5;;6;1;1;2;1;1;;;;4.6;;1.22;6;0.1;0.25;1.39
MCOPED;2021;030000061;CH DE MOULINS;030780092;1;1;12;2;192;975;2587;0;0;7;5;1.69;1.45;0;0;1;1;7;2;3;0;0;11;5;2;0;0;3;10.55;5;3.26;3;0;1.7;12.62
MCOPED;2021;030000079;CH DE MONTLUCON;030780100;1;1;34;0;0;1540;4030;3;3;3;3;3.15;3.15;0;0;1;1;14;6;17;;1;11;;;2;;;14.06;2;6.07;19.83;;0;13.51
MCOPED;2021;030000087;CH JACQUES LACARIN VICHY;030780118;1;0;22;0;0;1434;3737;5;5;2;2;5.9;5.9;;;1;;15;4;10;0;0;10;0;1;2;0;1;12.97;1;5.89;11.65;0;0.99;10.42
MCOPED;2021;040000093;CHI DE MANOSQUE LOUIS RAFFALLI;040780215;1;0;8;;0;925;1669;0;0;6;6;2.13;2.13;0;0;1;1;1;2;0;0;0;4;3;5;2;1;0;2.57;7;5.01;0.55;0.03;0;7.83
MCOPED;2021;040000911;CENTRE HOSPITALIER DE DIGNE LES BAINS;040788879;1;0;2;0;0;36;110;1;1;2;2;2.27;2.25;0;0;1;1;3;;;;;;0;;;1;;3.03;;;;0.05;;
MCOPED;2021;050000231;CH DES ESCARTONS DE BRIANCON;050000116;1;;6;;0;444;838;;;3;3;1.15;1.15;;;;;5;1;2;;;2;1;;1;;;5.21;2;1;2.2;;;2.61
MCOPED;2021;050000348;CHI DES ALPES DU SUD SITE DE GAP;050002948;1;0;9;1;16;876;2210;;;4;4;2.22;2.22;;;;;;2;1;;;3;4;5;;;;2.31;7;5.07;1;;;6.41
MCOPED;2021;060000478;CENTRE HOSPITALIER DE GRASSE;060780897;1;1;27;3;260;905;1878;2;2;9;9;9.09;9.09;1;1;;;2;16;10;;;5;1;3;3;1;1;2.83;2;17.89;11.37;0.33;0.35;4.65
MCOPED;2021;060000510;CH D'ANTIBES JUAN LES PINS;060780954;1;;22;1;87;1119;3096;2;2;8;8;3.73;3.73;0;0;1;1;3;7;7;;;11;3;6;6;;;6.2;2;10.27;10.27;;;12.42
MCOPED;2021;060000544;CH DE CANNES SIMONE VEIL;060780988;1;1;12;0;9;781;2365;1;1;5;5;2.25;2.25;1;;0;;1;1;6;;;3;3;6;3;2;1;4.09;2;5.54;8.29;0.3;0.2;5.15
MCOPED;2021;060780947;HOP PEDIATRIQUES DE NICE CHU LENVAL;060800174;1;;94;24;3561;9494;27375;11;3;71;35;44.17;18.68;1;1;1;1;23;14;35;;;28;33;22;44;10;8;49.86;82;30.11;69.6;2.81;3.84;100.22
MCOPED;2021;060789195;CHU DE NICE HOPITAL DE L'ARCHET;060785011;1;0;10;8;257;504;2253;7;7;5;5;8.36;8.24;0;0;1;1;29;1;1;;;376;8;;;1;2;31.62;85;0.5;1;0.5;0.51;398.69
MCOPED;2021;070000179;CH ARDECHE NORD;070780358;1;0;15;0;0;909;1461;28;4;9;1;22.37;2.17;0;0;1;1;12;1;9;5;1;88;19;1;8;1;0;21.67;62;1.44;12.28;4.8;0.09;111.42
MCOPED;2021;070000195;CH DE TOURNON SUR RHONE;070780374;1;0;8;0;0;105;421;;;1;1;0.6;0.6;0;;0;;;;;;;;;;;;;;;;;;;
MCOPED;2021;070000609;CH D'AUBENAS;070005566;1;;10;;0;717;1332;2;2;2;2;2.82;2.82;;;;;3;5;;;;7;3;6;;;;4.67;10;7.74;;;;12.47
MCOPED;2021;080000110;CENTRE HOSPITALIER DE SEDAN;080011174;1;0;18;2;85;654;3237;2;2;;;2;2;0;0;1;1;4;1;2;;;6;4;1;3;2;1;7.19;6;1.7;3.14;0.2;0.58;8.27
MCOPED;2021;080000425;CH CHARLEVILLE - HOPITAL MANCHESTER;080011174;1;0;22;1;200;1404;3899;4;4;1;1;4.4;4.4;1;1;0;0;5;2;4;;;6;3;3;7;1;1;5.5;2;2.28;10.31;0.05;0.05;6.82
MCOPED;2021;090000175;CHIVAL SITE ST JEAN DE VERGES;090781774;1;0;7;2;230;683;1183;5;5;2;2;1.58;1.58;1;1;0;0;4;7;;;;12;5;2;;;;5.52;4;7.96;;;;14.39
MCOPED;2021;100000090;CENTRE HOSPITALIER DE TROYES;100000017;1;0;31;4;664;1779;6077;0;0;15;15;3.92;3.92;0;0;1;1;10;6;7;0;2;9;3;0;5;0;0;11.94;3;6.03;10;0;2;10.97
MCOPED;2021;110000023;CH CARCASSONNE;110780061;1;0;17;2;359;1259;2784;1;1;5;5;3.04;3.04;0;0;1;1;5;8;12;;;;;;;8;1;2.94;3;8.25;11.56;0.2;0.37;1
MCOPED;2021;110000056;CH NARBONNE HOTEL DIEU;110780137;1;1;16;0;0;1456;3540;7;7;;;5.3;5.3;0;0;0;0;11;2;0;0;1;6;3;1;0;0;;12.51;2;2.02;0;0;0.5;7.83
MCOPED;2021;120000039;CH DE RODEZ HOPITAL JACQUES PUEL;120780044;1;0;11;2;196;836;2302;8;7;2;2;9.38;8.38;1;1;0;0;1;1;8;;;2;1;13;2;;1;1.8;5;7.38;8.68;;0.16;4.05
MCOPED;2021;120004668;CH EMILE BOREL ST AFFRIQUE;120004619;0;1;;;;;;;;;;;;;;;;;;;;;;;;;;;;;;;;;
MCOPED;2021;130000409;CHI SITE D'AIX EN PROVENCE;130041916;1;0;18;4;617;2137;6030;14;14;10;10;17.46;17.46;1;1;0;0;2;4;4;;;8;8;6;6;1;;5.37;10;7.23;7.69;0.21;;12.1
MCOPED;2021;130000565;CENTRE HOSPITALIER GENERAL D'AUBAGNE;130781446;1;1;13;2;316;1338;2703;5;5;7;7;8.84;8.84;1;1;0;0;4;4;9;;;4;6;5;8;;;8.2;;8.01;12.48;;;4
MCOPED;2021;130001225;HOPITAL DU PAYS SALONAIS;130782634;1;0;14;0;0;1360;3286;3;;4;;4.75;;1;1;0;0;2;4;5;;;2;1;11;7;;1;2.23;8;12.22;10.08;;0.25;5.82
MCOPED;2021;130002835;CH DE MARTIGUES HOPITAL DES RAYETTES;130789316;1;1;20;1;181;1434;2323;6;6;3;3;7.05;7.05;1;1;;;10;10;5;;;7;5;2;2;;;13.16;5;8.38;5.92;;;9.51
MCOPED;2021;130780521;APHM HOPITAL NORD;130786049;1;1;21;10;1511;3344;4574;3;3;15;3;5.35;3.36;;;;;8;7;16;;1;9;3;7;4;;;11.11;8;10.74;15.69;;1;13.52
MCOPED;2021;130784234;APHM HOPITAUX SUD SAINTE MARGUERITE;130786049;1;0;;1;163;0;0;;;3;1;1.76;0.18;0;0;0;0;;;1;;;;;;;;2;0.1;3;;1;;1;1.81
MCOPED;2021;130785652;HOPITAL SAINT JOSEPH;130014228;1;1;46;0;0;2042;4780;7;7;19;19;13.85;13.85;0;0;1;1;17;15;19;;;15;6;12;6;;;13.19;3;19.27;20.53;;;13.13
MCOPED;2021;130804297;APHM HOPITAL LA TIMONE ENFANTS;130786049;1;1;212;61;8488;12460;48583;36;28;77;36;49.81;42.32;0;0;1;1;58;36;60;;8;57;40;22;30;1;5;74.42;26;48.89;67.45;0.3;9.86;64.5
MCOPED;2021;140000027;CENTRE HOSPITALIER DE LISIEUX;140000035;1;1;15;3;105;1304;4593;3;3;3;3;3.33;3.84;1;1;0;0;15;2;7;;0;14;8;6;3;;2;18.96;3;6.67;8.12;;1.5;17.76
MCOPED;2021;140000209;CHU COTE DE NACRE - CAEN;140000100;1;1;67;19;2492;5746;18047;23;14;9;8;18.16;11.25;1;1;0;0;15;19;27;;1;18;11;19;7;;;19.34;7;29.62;29;;1;18.1
MCOPED;2021;140000233;CENTRE HOSPITALIER DE FALAISE;140000118;1;1;15;1;293;965;2332;3;3;;;3.05;3.05;;;;;5;;;;;6;2;1;1;;1;7.11;5;0.59;0.8;;0.4;8.7
MCOPED;2021;140024886;CENTRE HOSPITALIER - AUNAY-BAYEUX;140000092;1;;11;;36;635;1643;;;6;5;2.57;1.97;0;0;1;1;4;1;2;;;6;1;;;;;4.1;4;1.76;2.04;;;7.71
MCOPED;2021;150000040;CH HENRI MONDOR;150780096;1;;16;;0;1040;2091;4;4;4;4;3.89;3.89;0;0;1;1;3;2;6;0;0;2;3;3;2;0;0;6.53;19;3.01;7.01;0;0;6.71
MCOPED;2021;160000253;CENTRE HOSPITALIER D'ANGOULEME;160000451;1;1;12;6;371;1476;3320;2;2;9;5;5.54;5.22;1;1;1;0;12;4;4;;;15;10;2;3;;;19.36;10;4.85;6.1;;;19.72
MCOPED;2021;170000087;HOPITAL SAINT-LOUIS - LA ROCHELLE;170024194;1;1;27;5;756;2019;4982;6;6;8;8;10.8;10.8;1;1;;;6;1;9;;;5;5;9;8;;1;9.08;11;8.81;14.44;;0.4;10.44
MCOPED;2021;170000103;CTRE HOSP. DE SAINTONGE - SAINTES;170780175;1;1;16;0;0;2058;4560;6;4;3;3;6.45;4.18;1;1;0;0;23;16;26;4;;26;19;26;14;2;;9.11;2;7.81;11.97;0.86;;4.84
MCOPED;2021;170000152;CENTRE HOSPITALIER ROCHEFORT;170780225;1;0;12;2;210;1231;3070;3;3;6;6;6.7;6.7;1;1;0;0;6;14;13;;;5;2;3;7;;1;6.09;1;15.15;15.03;;0.6;5
MCOPED;2021;180000010;CH BOURGES - JACQUES COEUR;180000028;1;0;20;3;81;1595;3003;;;5;5;4.9;4.9;0;0;1;1;3;0;4;;;1;7;9;6;;;7.23;3;6.61;7.51;;;5.23
MCOPED;2021;180000200;CH DE VIERZON;180000051;1;0;6;1;83;492;953;1;1;2;2;2;2;;;1;1;4;;1;;;2;1;;1;;;4;1;;1.8;;;3.33
MCOPED;2021;190000018;CENTRE HOSPITALIER DUBOIS BRIVE;190000042;1;0;20;4;312;1243;4004;5;5;2;2;3.36;3.36;0;0;1;1;10;4;14;;;7;3;2;;;1;11.78;1;5.23;13.8;;0.8;7.45
MCOPED;2021;190000026;CENTRE HOSPITALIER COEUR DE CORREZE;190000059;1;;2;2;75;643;1586;2;;8;;3.07;;;;1;1;3;8;14;;;4;;2;1;;;3.97;4;10.1;13.57;;0.5;6.27
MCOPED;2021;210012670;HOPITAL PRIVE DIJON BOURGOGNE;210011367;1;1;10;;0;687;1579;4;4;1;1;4;4;1;1;0;0;7;9;4;;;2;1;4;3;;;7.62;1;13.18;7.04;;;2.76
MCOPED;2021;210987558;HOPITAL LE BOCAGE CHRU DIJON;210780581;1;1;88;10;4016;5105;18154;11;11;32;32;27.93;27.93;1;1;0;0;77;62;33;;1;10;24;40;14;;6;89.42;17;84.76;40.99;;3.8;17.9
MCOPED;2021;210987657;HOSPICES CIVILS DE BEAUNE;210012175;1;0;8;0;0;1063;2113;3;3;2;2;4.1;4.1;0;0;1;1;3;6;0;0;;10;5;4;0;0;1;3.77;12;8.24;0;0;0.48;14.35
MCOPED;2021;210987699;CENTRE HOSPITALIER ROBERT MORLEVAT;210780706;1;0;3;0;37;261;484;2;2;1;1;1;1;0;0;1;1;9;0;0;0;0;9;3;0;0;0;0;1.27;7;0;0;0;0;1.56
MCOPED;2021;220000012;CENTRE HOSPITALIER YVES LE FOLL;220000020;1;1;25;4;1366;3226;8929;7;7;11;11;11.93;11.93;1;1;0;0;13;22;18;;2;7;8;18;14;;1;14.56;2;30.44;28.3;;1.27;5.73
MCOPED;2021;220000095;CTRE HOSPITALIER DINAN;220000046;1;0;7;;0;503;1376;2;2;1;;2.6;2;0;0;1;1;4;1;1;;;;4;1;6;;;5.88;;1.13;3.51;;;
MCOPED;2021;220000343;CENTRE HOSPITALIER GUINGAMP;220000079;0;1;;;;;;;;;;;;;;;;;;;;;;;;;;;;;;;;;
MCOPED;2021;220000368;CENTRE HOSPITALIER LANNION;220000103;1;0;8;0;0;590;1986;;;1;;1.02;;0;;1;;5;0;0;;;2;3;1;4;;;4.93;8;1.18;3.75;;;6.89
MCOPED;2021;230000820;CENTRE HOSPITALIER GUERET;230780041;1;0;10;0;0;612;1219;2;2;;;1.75;1.75;0;0;1;1;4;5;4;;;9;2;1;;;;5.44;21;4.79;3.85;;;7.79
MCOPED;2021;240000372;C.H DE BERGERAC;240000059;1;0;9;0;0;538;1469;3;3;;;2.66;2.58;0;0;1;1;5;1;;;;6;3;1;;;;7.5;6;1.31;;;;7.29
MCOPED;2021;240000489;CENTRE HOSPITALIER DE PERIGUEUX;240000117;1;0;21;4;173;1695;4819;5;3;2;2;5.47;4.22;1;1;0;0;5;3;3;0;0;0;1;0;2;0;0;5.25;1;3;4.42;0;0;0.5
MCOPED;2021;250000700;CHI HC SITE RIVES DU DOUBS PONTARLIER;250000452;1;0;14;;0;1228;3114;;;;;;;0;0;1;1;3;2;12;;;12;3;1;3;;1;4.2;8;1.8;6.19;;0.01;4.86
MCOPED;2021;250006954;CHRU JEAN MINJOZ;250000015;1;1;67;18;3053;4696;14743;0;0;44;44;12.86;12.86;1;1;1;1;12;18;19;0;1;20;24;32;25;4;;31.4;32;35.73;36.55;1.9;1;33.49
MCOPED;2021;260000013;CH DE VALENCE;260000021;1;1;29;6;291;3378;7567;16;10;10;9;13.05;7.24;1;1;;;5;14;13;;1;12;3;7;10;;5;5.16;6;18.6;18.8;;2.75;14.46
MCOPED;2021;260000120;HOPITAUX DROME NORD - ROMANS-SUR-ISERE;260016910;1;0;12;1;220;1039;2682;3;3;5;5;4.9;4.9;0;;1;;5;1;0;;;8;3;;0;1;1;7.02;8;1.94;0;0.1;0.5;13.96
MCOPED;2021;260000138;CH PORTES PROVENCE MONTELIMAR;260000047;1;1;23;0;0;1938;3723;4;4;2;2;5;5;0;0;1;1;4;3;10;0;0;2;3;9;9;0;1;6.2;3;9.83;14.13;0;0.49;4.23
MCOPED;2021;270000359;CH EVREUX CH EURE-SEINE;270023724;1;1;18;0;0;1647;3759;5;5;14;8;11.67;10.07;1;1;0;0;5;3;5;;1;4;3;;2;;;5.47;7;3.62;5.77;;1;8.8
MCOPED;2021;280000084;CH DREUX;280000183;1;1;21;;0;1418;3465;;;9;9;3.39;3.39;1;;1;;11;3;5;;;13;2;1;;;;10.28;7;2.48;2.41;;;17.25
MCOPED;2021;280504267;CH CHARTRES LOUIS PASTEUR-LE COUDRAY;280000134;1;1;17;3;192;1694;4094;9;9;5;5;5.35;5.35;1;1;0;0;14;1;13;;;7;8;4;2;;;20.43;4;3.91;12.79;;;10.55
MCOPED;2021;290000025;CHIC QUIMPER;290020700;1;1;33;3;504;2116;6344;11;11;6;6;15.05;15.05;1;1;1;1;17;8;17;;;;4;4;6;;1;9.18;4;4.98;9.51;0;0.15;5.39
MCOPED;2021;290000033;C.H. DES PAYS DE MORLAIX;290021542;1;;16;0;295;919;2010;4;4;4;4;5.55;5.55;0;0;1;1;;4;4;;;6;;11;3;;;0.27;5;13.48;6.03;;;8.33
MCOPED;2021;290000058;CHRU BREST SITE HOPITAL MORVAN;290000017;1;;58;5;2361;5886;16210;12;12;1;1;8.21;8.21;1;1;1;1;8;1;3;;0;4;3;1;2;;1;10.09;7;1.65;4.72;;0.2;7.7
MCOPED;2021;2A0000022;CH ND LA MISERICORDE;2A0000014;1;0;15;0;0;1074;1943;1;;6;;3.55;;0;0;1;1;4;1;6;;;5;5;9;10;;;3.63;6;4.33;9.02;;;5.62
MCOPED;2021;2B0000012;CENTRE HOSPITALIER DE BASTIA;2B0000020;1;0;14;0;0;1341;2450;7;6;6;4;9.47;6.99;1;1;0;0;8;4;10;0;2;5;0;2;3;0;3;5.88;6;3.71;12.04;0;2.23;6.58
MCOPED;2021;300000023;CH ALES CEVENNES;300780046;1;;14;0;0;1273;2506;4;4;2;2;5.18;5.18;0;0;1;1;10;10;6;2;1;19;0;0;0;0;0;6.72;0;8.7;4.37;0.3;0.57;17.64
MCOPED;2021;300000031;CH LOUIS PASTEUR;300780053;1;0;11;1;93;789;2174;6;6;0;0;4.73;3.69;0;0;1;1;3;3;10;0;0;10;4;4;1;0;1;5.78;2;6.77;6.83;0;0.47;7.19
MCOPED;2021;300002508;CL DU GRAND AVIGNON;300000213;1;0;;15;30;0;0;;;1;;0.15;;0;0;1;0;5;;;;;2;4;;;;;7.53;;;;;;2
MCOPED;2021;300782117;CHU NIMES CAREMEAU;300780038;1;1;40;5;583;3148;5774;9;9;2;1;8.68;7.98;1;1;0;0;13;14;19;;;14;5;4;5;;2;16;5;18.19;22.28;;0.8;17.37
MCOPED;2021;310000310;CH COMMINGES PYRENEES SITE ST PLANCARD;310780671;1;1;2;;0;2;2;;;3;;2.36;;;;1;1;;;;;;;;;;;;;;;;;;
MCOPED;2021;310016977;HOPITAUX MERE & ENFANTS SITE VIGUIER;310781406;1;1;181;40;6407;13206;38549;;;;;;;;;;;65;113;141;7;7;25;24;27;26;4;3;68.87;8;129.79;128.52;10.4;2.7;21.82
MCOPED;2021;310026083;CL RIVE GAUCHE;310026075;1;1;2;5;5543;547;731;14;8;10;4;19;10;0;0;1;1;;3;;;;;;6;4;4;1;;;5.8;1;1;0.5;
MCOPED;2021;310780150;CL MEDIPOLE GARONNE;310788799;1;0;7;6;1000;774;1181;7;;;;7;;0;0;1;1;;;;;;;;;;;;;;;;;;
MCOPED;2021;310783048;HOPITAL PURPAN CHU TLSE;310781406;1;;20;17;4226;2292;6200;;;6;5;3.02;2.62;1;1;1;1;14;14;15;;;;2;2;5;;;15.43;;18.87;22.24;;0.2;
MCOPED;2021;320000086;CH AUCH EN GASCOGNE;320780117;1;1;12;0;0;870;1872;1;1;4;4;4;4;0;0;0;0;3;7;8;0;0;3;2;2;1;0;0;4.7;3;8.55;8.8;0;0;4.8
MCOPED;2021;330000555;CENTRE HOSPITALIER D'ARCACHON;330781204;1;1;6;0;9;565;1263;1;1;5;5;4.56;4.56;;;1;1;3;3;2;0;0;1;0;2;2;0;0;3;0;4.56;3.6;0;0;0.15
MCOPED;2021;330000605;CTRE HOSPIT.R.BOULIN-LIBOURNE;330781253;1;1;11;4;117;2148;4215;0;;12;12;3.86;3.86;1;1;0;0;8;6;2;;;7;;3;1;;1;7.47;2;7.39;2.05;;1.09;6.11
MCOPED;2021;330780479;POLYCLIN BORDEAUX-NORD AQUITAINE;330000274;1;0;5;5;0;277;589;;;;;;;;;;;1;;;;;;;;;;;1;;;;;;
MCOPED;2021;330781360;GROUPE HOSPITALIER PELLEGRIN - CHU;330781196;1;1;233;29;6102;12418;38997;94;73;37;31;105.28;75.69;1;1;1;1;29;63;48;3;2;57;4;21;9;;5;31.22;10;71.43;51.37;1.99;5.21;63.76
MCOPED;2021;330783648;HOPITAL HAUT-LEVEQUE - CHU;330781196;1;0;14;5;904;1083;5834;10;;;;8.65;;0;;1;;25;7;4;;;18;7;3;3;;1;31.32;10;9.7;6.06;0;0.4;15.54
MCOPED;2021;330802752;CENTRE JEAN ABADIE - CHU;330781196;1;0;21;6;2497;401;6576;4;;10;1;8.98;0.29;;;1;1;20;1;6;;2;11;3;1;3;;4;22.45;6;1.95;7.47;0;5;14.48
MCOPED;2021;340000025;INSTITUT ST PIERRE;340022722;1;0;;4;2614;0;0;;;9;4;1.31;0.96;;;;;;;;;;;1;;;1;2;1.12;10;;;0.05;0.69;5.24
MCOPED;2021;340000033;CH BEZIERS;340780055;1;1;23;1;118;2703;3957;;;14;13;6.43;6.06;0;0;;;2;;;;;3;19;19;13;;1;10.7;10;4.3;8.05;;0.51;8.88
MCOPED;2021;340000223;HOPITAL ST CLAIR HBT SETE;340011295;1;0;14;;0;703;1362;1;1;3;3;4.14;4.14;;;;;6;3;3;;;8;2;3;1;;;6.94;2;5.11;4.06;;;7.96
MCOPED;2021;340022979;POLYCL ST ROCH;340000306;1;1;11;0;0;125;200;;;13;2;6;2.2;0;0;1;1;2;2;1;0;;;;3;1;1;;1.47;;4.38;1.86;0.3;;
MCOPED;2021;340024314;CL ST JEAN SUD DE FRANCE;340000272;0;1;;;;;;;;;;;;;;;;;;;;;;;;;;;;;;;;;
MCOPED;2021;340782085;HOPITAL GUI DE CHAULIAC CHU MTP;340780477;1;0;16;4;1049;1320;2962;5;3;6;4;3.04;2.22;0;0;1;1;2;10;7;;2;4;;;;;1;1.95;1;9.11;7.38;;1.35;4.44
MCOPED;2021;340785161;HOPITAL LAPEYRONIE CHU MONTPELLIER;340780477;1;;39;6;1011;4423;9189;3;;35;6;8.17;0.98;1;1;1;1;12;35;31;;;6;;4;3;;;8.37;2;35.04;30.55;;;8.62
MCOPED;2021;340796663;HOPITAL ARNAUD DE VILLENEUVE CHU MPT;340780477;1;;50;23;2611;4062;13273;15;15;34;32;16.5;16.43;1;1;1;1;16;50;35;;2;9;1;15;8;;1;15.12;7;55.81;37.79;;1.62;3.37
MCOPED;2021;350000147;CENTRE HOSPITALIER SAINT-MALO;350000022;1;0;12;4;214;1265;2363;;;9;9;4.74;4.74;1;1;0;0;1;3;7;;;5;2;11;10;;;3.16;3;10.74;14.92;;;5.48
MCOPED;2021;350000154;C.H FOUGERES;350000030;1;;5;1;5;601;1348;1;1;3;3;3.02;3.02;0;0;1;1;0;0;0;0;0;0;7;6;9;0;0;1.95;23;1.7;2.35;0;0;7.45
MCOPED;2021;350000162;CHIRC SITE REDON;350000048;1;0;5;1;24;596;1107;2;2;;;1.95;1.71;0;0;1;1;6;3;6;;;8;1;4;3;;;2.53;2;3.71;5.97;;;3.62
MCOPED;2021;350000188;CENTRE HOSPITALIER VITRE;350000055;1;1;5;0;0;388;844;1;0;2;2;1.18;0.82;0;0;1;1;5;4;2;;;11;;5;1;;;5.5;3;7.88;0.54;;;4.71
MCOPED;2021;350007084;CHRU RENNES SITE HOPITAL SUD;350005179;1;1;88;16;1524;7120;23968;58;24;29;16;21.01;13.38;1;1;1;1;52;43;41;;1;34;17;49;23;;6;61.66;13;81.45;59.12;;3.02;42.69
MCOPED;2021;360000137;CH CHATEAUROUX;360000053;1;;11;0;0;856;2889;5;5;;;5;5;0;0;1;1;8;2;3;;;6;4;1;2;;;10.25;1;3.5;6.22;;;7.04
MCOPED;2021;370000499;CHRU CLOCHEVILLE - TOURS;370000481;1;1;127;23;3683;7258;22170;72;72;35;16;72.34;34.95;0;0;1;1;87;38;56;0;4;77;58;24;34;0;3;114.21;50;48.93;70.44;0;1.3;101.57
MCOPED;2021;380000034;CH PIERRE OUDOT BOURGOIN JALLIEU;380780049;1;;20;;0;1560;4271;2;2;7;7;4.67;4.59;1;1;;;1;10;3;;;8;;3;2;;;1.08;3;9.69;1.16;;;8.11
MCOPED;2021;380000067;HOPITAL NORD - CHU38;380780080;1;1;96;16;3065;7908;25792;27;19;52;30;55.31;37.89;1;1;1;1;28;62;43;3;3;31;20;43;46;4;7;40.07;21;87.6;73.29;5.31;6.05;46.39
MCOPED;2021;380000174;CH LUCIEN HUSSEL DE VIENNE;380781435;1;1;14;1;137;1529;3097;2;0;6;5;5.26;1.97;1;1;0;0;4;1;11;;;1;;2;1;;;4.45;4;2.64;9.89;;;3.39
MCOPED;2021;380000406;HOPITAL DE VOIRON - CHU38;380780080;1;0;21;1;173;1267;2353;1;1;14;14;7.44;7.44;1;1;0;0;1;2;5;;;;4;2;1;;;3.42;;4.77;6.13;;0.38;2.12
MCOPED;2021;390000040;CH LONS;390780146;1;0;14;0;0;973;2717;2;2;5;5;4.83;4.83;0;0;1;1;;;1;;;;10;;14;;;3.87;2;;7.15;;;1.7
MCOPED;2021;390000222;CH LOUIS PASTEUR DOLE;390780609;1;;16;1;18;1102;2910;3;2;4;4;4.15;3.15;;;;;1;3;3;;1;1;5;3;3;;;4.25;2;5.7;4.95;;1;2.42
MCOPED;2021;400000105;CENTRE HOSPITALIER DAX;400780193;1;0;16;1;102;1472;2581;;;5;5;2.07;2.07;0;0;0;1;0;7;12;0;0;6;1;9;4;1;1;1.2;3;13.48;14.7;0.1;0.45;7.42
MCOPED;2021;400000139;CHI MONT DE MARSAN ET PAYS DES SOURCES;400011177;1;;12;2;600;814;1985;7;7;3;3;7.84;7.84;1;;;;4;4;5;0;0;1;4;4;4;0;1;5.86;6;6.93;6.36;0;0.5;4.99
MCOPED;2021;410000020;CH BLOIS SIMONE VEIL;410000087;1;1;12;4;278;1483;4812;0;0;11;10;3.83;3.8;1;1;0;0;0;0;0;0;0;0;25;17;3;0;0;9.3;23;6.82;0.99;0;0;8.6
MCOPED;2021;410000046;CH ROMORANTIN-LANTHENAY;410000103;1;;8;;0;732;2015;2;2;0;0;2.12;2;;;1;1;2;1;5;0;0;2;1;2;2;0;0;2.93;3;3.28;6.6;0;0;2.08
MCOPED;2021;420000010;CH DE ROANNE;420780033;1;1;22;0;0;1490;3718;10;7;5;4;3.93;3.59;1;1;0;0;7;6;11;1;;8;2;5;3;1;;8.32;2;7.7;13.01;0.07;;6.63
MCOPED;2021;420000226;CH DU FOREZ SITE DE MONTBRISON;420013831;1;0;8;0;0;647;1027;2;2;3;2;2.86;2.76;0;0;1;1;3;1;0;0;0;1;4;6;13;0;0;4.4;9;3.47;5.93;0;0;4.39
MCOPED;2021;420000234;CH DE FIRMINY;420780652;1;;1;6;173;462;71;1;1;6;5;2.62;1.8;;;1;1;4;2;;;;3;1;1;;;;4.15;3;2.69;;;;2.02
MCOPED;2021;420782559;HOPITAL DE BELLEVUE - CHU42;420784878;1;0;;1;202;0;0;;;;;;;;;;;;;;;;;;;;;;;;;;;;
MCOPED;2021;420785354;HOPITAL NORD - CHU42;420784878;1;1;75;7;2434;6208;15596;40;23;8;5;14.69;9.29;1;0;1;1;61;15;48;1;1;44;28;10;19;1;2;64.06;12;20.18;45.49;1.5;1.3;29.84
MCOPED;2021;430000117;CH EMILE ROUX LE PUY;430000018;1;0;15;0;0;1873;3273;1;1;4;4;3.36;3.36;0;0;1;1;0;0;4;0;0;1;5;12;19;0;1;2.58;19;4.76;4.76;0;0.48;6.11
MCOPED;2021;440000016;CH DE SAINT NAZAIRE;440000057;1;1;24;2;1117;2448;7386;6;6;10;8;10.7;10.63;;;;;5;5;6;;;1;4;8;12;1;3;6.69;13;10.54;16.38;0.4;1.15;6.7
MCOPED;2021;440000271;CHU DE NANTES SITE HOTEL DIEU HME;440000289;1;1;111;29;7119;11240;35602;48;39;28;23;32.5;21.42;1;1;;;79;52;58;0;0;39;37;51;39;1;3;104.37;22;87.22;81.82;0.34;1.69;54.85
MCOPED;2021;440000503;CH CNP SITE CHATEAUBRIANT;440000313;1;0;4;0;0;507;1529;3;3;1;1;3.62;3.62;0;0;1;1;;;;;;2;7;2;3;;;4.91;4;0.88;1.05;;;3
MCOPED;2021;450000047;CH DEZARNAULDS - GIEN;450000096;1;1;20;;0;1255;2718;3;2;1;1;3.01;2.51;0;0;0;0;1;;8;;;2;8;2;1;3;1;7.42;11;2.25;8.8;0.5;0.08;6.21
MCOPED;2021;450000062;CH AGGLOMERATION MONTARGOISE;450000104;1;1;13;;0;1162;2345;3;3;3;3;3.38;3.38;1;1;0;0;15;4;3;;;9;5;1;;;;17.73;6;5.39;3.63;;;13.1
MCOPED;2021;450002613;CHR ORLÉANS - HÔPITAL DE LA SOURCE;450000088;1;1;59;6;1710;5394;12006;1;1;31;20;12.87;9.01;1;1;1;1;23;19;31;0;0;6;15;17;15;0;2;31.04;6;30.14;43.86;0;1.47;8.67
MCOPED;2021;460000110;CH JEAN ROUGIER CAHORS;460780216;1;0;10;0;192;554;1069;1;1;2;2;3.03;2.7;0;0;1;1;1;6;5;0;0;2;1;4;1;0;0;1.72;4;9.02;5.89;0;0;3.75
MCOPED;2021;470000423;CH AGEN NERAC - HOPITAL SAINT-ESPRIT;470016171;1;;10;2;428;1196;3786;1;1;11;11;6.58;6.58;1;1;;;4;7;7;0;1;9;2;9;3;1;1;4.29;10;11.63;8.01;0.1;1.67;11.41
MCOPED;2021;470000431;CH VILLENEUVE -POLE SANTE VILLENEUVOIS;470000324;1;0;7;0;0;570;1343;3;3;1;1;3.3;3.3;0;;1;1;9;1;;;;;9;1;14;;1;16.53;9;1.6;6.46;;0.24;3.94
MCOPED;2021;470000480;CENTRE HOSPITALIER DE MARMANDE - CHIC;470001660;1;0;14;2;37;667;1809;3;2;;;2.84;2.67;0;;1;;4;3;1;;;6;2;1;1;2;;5.24;2;3.95;3.01;0.3;;7.41
MCOPED;2021;480000017;HOPITAL LOZERE SITE VALLEE DU LOT;480780097;1;0;6;0;68;370;689;1;1;;;1;1;0;0;1;1;1;10;2;;1;11;;3;2;;;0.5;3;12;0.82;;0.25;7.07
MCOPED;2021;490000049;CHR ANGERS SITE LARREY;490000031;1;1;62;12;3621;5226;16738;11;9;54;36;39;28.76;1;1;1;1;6;5;13;;0;31;16;16;10;;1;17.29;31;17.19;22.24;;0.51;47.71
MCOPED;2021;490000635;CH DE CHOLET;490000676;1;;20;2;164;1943;5377;10;10;3;3;4.76;4.41;1;1;1;1;8;3;4;;;3;4;7;9;;;8.09;1;9.66;11.28;;;3.95
MCOPED;2021;490001765;CH DE SAUMUR;490528452;1;1;5;1;128;623;1341;5;5;3;3;1.16;1.16;1;1;0;0;2;6;2;;;4;2;1;3;;;1.42;3;4;5.21;;;3.54
MCOPED;2021;500000021;CHAG - SITE AVRANCHES;500000054;1;1;15;0;0;1060;3063;;;9;9;6.62;6.62;1;1;0;0;3;0;1;;0;5;12;10;9;;2;11.59;11;8.08;9.27;;1.03;16.59
MCOPED;2021;500000187;CHPC - SITE CHERBOURG;500000013;1;0;23;2;151;1610;5911;;;10;10;5.06;5.06;;;;;7;10;3;;;16;3;2;1;;;8.88;4;11.63;3.79;;;16.83
MCOPED;2021;500000450;CH MEMORIAL - SAINT-LO;500000112;1;1;22;0;68;1460;4283;2;2;5;5;4.7;4.7;1;1;0;0;7;6;5;;;5;7;4;2;;1;6.21;4;5.46;5.48;;0.44;6.05
MCOPED;2021;510000169;CENTRE HOSPITALIER DE CHALONS;510000037;1;0;14;0;101;936;2241;;;3;3;2.27;2.27;0;0;1;1;5;;4;;;2;5;3;8;;1;8.13;18;2.43;7.76;;0.62;6.78
MCOPED;2021;510000235;CENTRE HOSPITALIER D'EPERNAY;510000060;1;0;8;;0;746;2334;1;1;3;2;3.1;2.72;0;0;1;1;1;3;3;;;3;4;;3;;;3.59;3;2.97;5.17;;;4.24
MCOPED;2021;510002470;AMERICAN MEMORIAL HOSPITAL CHU REIMS;510000029;1;1;60;15;3872;4796;18357;31;21;3;1;13.72;5.07;1;1;1;1;29;24;32;0;0;33;19;11;8;0;0;39.02;7;32.02;35.54;0;0;28.1
MCOPED;2021;520000027;CENTRE HOSPITALIER DE CHAUMONT;520780032;1;;17;0;0;601;1796;2;1;1;1;1.96;1.67;0;0;1;1;8;3;9;0;0;3;3;3;5;0;0;10.07;1;5.74;11.63;0;0;4.66
MCOPED;2021;520000068;CH GENEVIEVE DE GAULLE ANTHONIOZ;520780073;1;0;12;2;251;982;2672;2;1;4;4;4.3;3.3;1;1;0;0;5;2;5;0;1;5;4;0;1;0;0;7.29;1;2.12;5.37;0;0.3;4.66
MCOPED;2021;530000264;CENTRE HOSPITALIER DE LAVAL;530000371;1;0;18;4;187;1648;4278;3;3;3;3;3.75;3.75;1;1;0;0;5;6;9;;;10;1;8;2;;;6.26;;13.08;11.12;;0.25;8.27
MCOPED;2021;540000015;CHRU NANCY - MATERNITE;540023264;1;0;;2;185;56;64;3;3;1;1;0.25;0.25;1;1;0;0;1;1;;;;1;;;;;;1;;1;;;;1
MCOPED;2021;540000155;CENTRE HOSPITALIER DE LUNEVILLE;540000080;1;0;5;;0;489;1167;1;;7;;8;;0;0;1;1;4;;2;;;;2;1;2;;;5.11;;0.86;2.83;;;0.5
MCOPED;2021;540001070;CH DE BRIEY - HOPITAL MAILLOT;540000767;1;1;8;;0;465;1557;1;1;3;1;2.89;1.95;0;0;1;1;1;;5;;1;2;7;5;3;;;4.49;2;2.45;5.53;;0.5;2.58
MCOPED;2021;540001096;CH DE MT ST MARTIN (GROUPE SOS SANTE);570010181;0;1;;;;;;;;;;;;;;;;;;;;;;;;;;;;;;;;;
MCOPED;2021;540002698;CHRU NANCY - HOPITAUX DE BRABOIS;540023264;1;1;99;31;6576;9428;29797;84;43;25;10;56.12;31.17;1;1;1;1;117;72;91;;4;78;36;10;39;;4;125.49;17;68.32;108.18;;6.16;80.01
MCOPED;2021;550000012;CH VERDUN/ST MIHIEL-HOP ST NICOLAS;550006795;1;1;11;2;91;704;1871;;;7;7;2.71;2.71;;;;1;8;6;12;;;4;;1;4;;;8.06;;6.72;14.4;;;4.5
MCOPED;2021;560000127;CHBA SITE DE VANNES;560023210;1;1;21;5;657;2619;7666;11;11;9;9;10.97;10.97;1;1;1;1;0;4;13;0;0;1;11;27;16;1;2;7.91;17;18.92;21.79;0.5;0.46;8.35
MCOPED;2021;560000135;GHBS- HÔPITAL DU SCORFF;560005746;1;1;24;4;821;1770;6205;0;0;18;18;5.99;5.99;1;1;0;0;12;10;9;;0;7;1;7;3;;1;4.94;3;8.37;11.17;;0.9;4.13
MCOPED;2021;560000143;CHCB- SITE KÉRIO;560014748;1;1;10;0;60;569;1499;2;2;1;;2.07;2;;;;;2;8;5;;;1;0;2;2;;;1.52;2;10.37;6.55;;0.06;2.44
MCOPED;2021;570000059;CH MARIE-MADELEINE DE FORBACH;570025254;1;1;22;1;305;1594;3650;5;5;1;1;3.75;3.75;0;0;1;1;4;8;2;0;1;10;8;10;8;1;1;7.71;12;13.96;7.67;0.1;0.1;17.47
MCOPED;2021;570000117;CH SAINT-NICOLAS DE SARREBOURG;570015099;1;0;10;0;0;593;1781;3;3;2;2;3.83;3.83;0;0;1;1;2;4;7;1;;;1;1;2;0;1;4.33;7;4.18;7.39;0.05;0.5;3.19
MCOPED;2021;570000349;HOPITAL BEL AIR DE THIONVILLE - CHR;570005165;1;1;15;2;32;1229;3659;3;3;5;5;3.06;3.06;0;0;1;1;1;10;6;;;4;1;2;;;;1.05;1;12.02;6.43;;;3.46
MCOPED;2021;570000901;HOPITAL ROBERT PAX DE SARREGUEMINES;570000158;1;0;16;4;8;951;2646;4;4;;;4;4;;;;;1;2;;;;6;1;8;1;;;1.01;4;7.96;0.26;;;8.77
MCOPED;2021;570026682;HOPITAL DE MERCY - CHR METZ THIONVILLE;570005165;1;1;37;3;387;2167;8046;8;8;6;6;5.27;5.27;1;1;0;0;6;14;12;;;14;7;8;2;;;8.86;4;17.17;12.62;;;9.99
MCOPED;2021;580972685;CH DECIZE;580780096;0;1;;;;;;;;;;;;;;;;;;;;;;;;;;;;;;;;;
MCOPED;2021;580972693;HOPITAL PIERRE BEREGOVOY;580780039;1;1;15;;0;1330;3427;;;5;5;0.85;0.85;1;1;0;0;2;0;3;;0;0;9;5;13;;0;7.78;2;2.68;8.57;;0.38;0.46
MCOPED;2021;590000121;CH SECLIN;590780227;1;1;11;0;67;888;2171;7;7;4;4;9.96;9.96;1;1;0;0;1;14;6;1;;7;;2;1;;;1.63;6;14.03;7.39;0.05;0.49;7.03
MCOPED;2021;590000337;CH DUNKERQUE;590781415;1;1;32;4;965;2973;6424;5;5;11;9;7.77;6.97;0;0;1;1;6;9;13;;;15;8;5;15;;2;9.61;4;11.97;20.15;;0.65;14.15
MCOPED;2021;590000428;CH CAMBRAI;590781605;1;;19;4;401;1561;3306;3;3;2;2;4;4;0;0;1;1;6;6;16;;;6;;8;4;;;5.19;4;10.64;18.82;;;7.73
MCOPED;2021;590000535;CH SAMBRE AVESNOIS MAUBEUGE;590781803;1;1;16;3;508;1361;2853;9;7;1;0;9.1;7;1;1;1;1;10;9;17;;;10;3;4;5;;;12.13;1;11.81;20.54;;;8.29
MCOPED;2021;590000618;CH VALENCIENNES;590782215;1;;52;14;1228;5722;12001;22;12;4;4;15.82;11.74;1;1;0;0;8;9;13;;1;27;4;16;1;;0;7.43;7;22.09;11.9;;0.97;26.94
MCOPED;2021;590000758;CH ARMENTIERES;590782637;1;0;13;2;384;1379;2591;;;12;12;3.74;3.74;1;1;;;3;8;13;;;1;6;6;10;1;1;6.89;1;13.03;17.73;0.1;0.54;1.88
MCOPED;2021;590001004;CH DOUAI DECHY;590783239;1;;34;;0;1952;4675;3;;;;4.15;;1;;0;;5;10;7;;;8;;2;;;1;4.93;1;11.04;7.8;;0.5;10.21
MCOPED;2021;590006607;HOP JEANNE DE FLANDRE CHR LILLE;590780193;1;;58;20;5530;6895;28054;25;21;1;;31.04;23.69;;;;;66;83;84;0;1;111;28;54;42;0;9;85.3;57;112.82;107.11;0;4.25;140.2
MCOPED;2021;590787586;HOP CARDIOLOGIQUE CHR LILLE;590780193;1;0;10;2;317;760;2414;5;2;0;0;3.39;2.05;;;;;5;4;5;0;0;10;3;8;3;0;0;6.21;2;10.99;7.16;0;0;11.3
MCOPED;2021;590796975;HOP SALENGRO - HOPITAL B CHR LILLE;590780193;1;1;15;8;1099;5978;5781;5;5;3;2;4.72;4.32;;;;;7;3;5;0;1;10;3;3;4;0;1;7.47;7;5.7;7.44;0;1.31;14.95
MCOPED;2021;590797353;HOPITAL SAINT VINCENT - SAINT ANTOINE;590051801;1;1;28;17;6156;4201;8937;11;;5;;13.7;;;;;;2;4;4;;;;5;9;23;;;5.16;;8.11;14.58;;;
MCOPED;2021;590801106;HOPITAL VICTOR PROVO;590782421;1;;50;5;1150;4786;9694;7;7;12;12;12.18;12.18;1;1;0;0;7;8;16;;;8;10;13;8;;1;14.08;2;16.18;21.45;;0.8;10.9
MCOPED;2021;590804696;CENTRE HOPITALIER DE TOURCOING;590781902;1;1;14;0;0;1489;3164;5;5;2;2;5.94;5.94;0;0;1;1;;4;3;;;6;1;4;0;;1;1.48;5;5.84;1.81;;0.25;10.05
MCOPED;2021;600000053;CH GHPSO SENLIS;600101984;0;1;;;;;;;;;;;;;;;;;;;;;;;;;;;;;;;;;
MCOPED;2021;600000194;CH BEAUVAIS;600100713;1;;28;3;160;2537;5783;6;6;5;5;7.95;7.95;;;;;9;3;5;0;1;7;2;0;2;0;0;9.38;1;3.09;6.72;0;1;8.77
MCOPED;2021;600000467;CH GHPSO CREIL;600101984;1;1;34;5;376;3651;10756;1;1;11;11;5.05;5.05;1;1;1;1;29;;11;;;19;19;4;18;;3;38.14;23;1.82;20.72;;0.73;25.55
MCOPED;2021;600113476;CH CHICN COMPIÈGNE;600100721;1;1;20;2;300;1626;4536;5;5;3;2;6.39;5.89;;;;;3;0;0;0;0;4;16;1;13;0;2;11.78;7;0.6;7.55;0;0.84;7.27
MCOPED;2021;610000051;CHICAM - SITE ALENCON;610780082;1;1;16;0;308;1252;2684;5;5;4;4;7.42;7.42;1;1;0;0;;;;;;5;12;8;15;;;6.17;4;4.02;8.63;;;6.63
MCOPED;2021;610000069;CENTRE HOSPITALIER D'ARGENTAN;610780090;1;;20;0;42;1451;2412;3;2;1;1;3.68;2.6;0;0;1;1;7;4;1;;;11;2;2;;;1;7.68;4;5.51;1;;0.22;12.14
MCOPED;2021;610000119;CH -JACQUES MONOD- - FLERS;610780165;1;;21;0;0;1362;4937;4;3;4;3;5.66;4.84;;;;;8;6;5;0;0;17;15;5;11;0;2;18.58;7;9.8;12.73;0;1.46;17.73
MCOPED;2021;620000026;ETAB HOPALE CTRE CALOT/HELIO;620003814;1;0;2;1;143;18;46;2;1;;;0.1;0.05;0;0;1;0;8;;2;2;;8;;;;;;1;;;0.25;0.25;;1
MCOPED;2021;620000034;CH ARRAS;620100057;1;1;28;6;363;2538;6359;7;7;9;9;10.33;10.33;1;1;0;0;9;9;12;;1;20;3;1;1;;;12.61;5;14.27;16.28;;1;15.39
MCOPED;2021;620000224;CH BETHUNE;620100651;1;0;20;2;419;1507;3536;2;2;8;6;5.62;4.51;;;;;3;5;8;;;6;2;7;2;1;;2.74;4;9.07;8.97;0.08;;7.99
MCOPED;2021;620000257;CH LENS;620100685;1;1;25;10;1299;3222;8053;13;8;11;7;14.92;9.56;;;;;25;12;20;;1;28;12;7;9;;1;27.74;9;15.77;24.55;;1.27;21.06
MCOPED;2021;620000323;CH CALAIS;620101337;1;1;15;4;350;1715;4204;2;;30;;10.83;;;;;;2;4;4;;;9;21;30;26;;5;5.4;10;10.2;11;;0.6;2.8
MCOPED;2021;620000349;CH REGION DE ST OMER;620101360;1;;12;0;54;1133;2329;;;6;6;2.05;1.87;0;0;1;1;3;12;8;;;4;;3;4;;;1.71;;7.02;6.01;;;2.48
MCOPED;2021;620000653;CH BOULOGNE-SUR-MER;620103440;1;1;29;2;216;2189;5168;;;13;10;3.69;2.75;;;;;6;3;8;;1;10;8;7;8;;;10.5;4;6.83;13.5;;1;12.05
MCOPED;2021;620003202;CH ARRONDISSEMENT DE MONTREUIL;620103432;1;0;18;2;175;1316;2102;1;;6;6;4.95;3.95;0;0;1;1;3;7;3;;;4;2;6;1;;1;3.99;4;10.42;3.21;;0.25;4.87
MCOPED;2021;630781268;HOPITAL ESTAING - CHU63;630780989;1;1;60;18;1247;4142;16436;25;17;4;4;22.82;15.87;1;;1;;18;18;29;;1;18;20;19;14;;2;33.8;18;31.8;40.04;;1.71;27.96
MCOPED;2021;640000162;CH DE LA COTE BASQUE - BAYONNE;640780417;1;1;22;2;755;3857;7212;6;6;10;10;8.75;8.75;;;;;1;4;7;;1;5;2;5;1;;;1.09;4;8.76;8.06;;0.73;7.96
MCOPED;2021;640000600;CENTRE HOSPITALIER DE PAU;640781290;1;1;24;4;1138;1886;5369;6;6;8;8;7.76;7.76;;;;;1;5;2;;1;2;1;20;16;1;;0.42;17;14.07;9.02;0.05;1;9.8
MCOPED;2021;650000417;CH BIGORRE SITE GESPE TARBES;650783160;1;1;18;6;405;990;2665;6;6;4;4;8.8;8.8;0;0;0;0;6;11;0;0;1;17;0;10;0;0;1;6;8;17.82;0;0;1.5;20.17
MCOPED;2021;660000084;CH PERPIGNAN;660780180;1;;25;5;1070;1949;5503;7;7;10;10;11.43;11.43;;;;;24;9;10;;;27;1;2;1;;2;22.5;5;8.02;10.27;;1;21.02
MCOPED;2021;670000157;CENTRE HOSPITALIER DE HAGUENAU;670780337;1;1;18;2;747;1200;3494;4;;9;;6.3;;1;1;0;0;7;1;0;0;1;11;5;13;0;1;3;8.52;15;9.61;0;0.07;2.13;15.47
MCOPED;2021;670000165;CH SAINTE-CATHERINE DE SAVERNE;670780345;1;1;11;6;215;483;1174;4;;4;;5.34;;0;0;0;0;2;;1;;;3;13;14;1;;1;5.18;6;7.54;1.61;;0.5;7.64
MCOPED;2021;670000397;CENTRE HOSPITALIER DE SELESTAT;670017755;1;1;14;0;0;1167;2605;8;3;5;4;6.74;4.34;0;0;1;1;4;1;4;;;4;4;2;1;;;5.77;3;1.58;4.27;;;5.72
MCOPED;2021;670780212;CLINIQUE SAINTE-ANNE;670014604;1;0;6;;0;272;387;;;18;18;9;9;;;1;1;;5;8;;;;;3;5;;;;;6.15;11.81;;;
MCOPED;2021;670783273;HOPITAL DE HAUTEPIERRE;670780055;1;1;106;33;4289;6788;26019;54;33;17;12;35.7;33.2;1;1;1;1;60;58;29;;4;56;54;36;11;2;5;85.5;39;73.84;34.72;0.3;7.26;74.78
MCOPED;2021;680000684;HOPITAL LOUIS PASTEUR;680000973;1;1;39;13;2219;2908;7814;14;14;9;9;6.92;5.29;1;1;0;0;4;11;16;;;12;8;6;8;;;11.69;6;16.14;22.85;;;17.13
MCOPED;2021;680004546;HOPITAL EMILE MULLER;680020336;1;1;77;5;1434;2888;11474;13;8;16;12;21.16;15.26;1;1;1;1;35;34;27;;1;19;;1;;1;3;31.14;14;30.23;24.79;0.2;2.51;23
MCOPED;2021;690000427;CTRE MEDICO-CHIR READAPT. LES MASSUES;750721334;1;0;;2;635;0;0;3;1;3;;1.98;1;0;0;1;1;3;;1;9;1;22;;;;1;1;1.43;7;;1;2.27;0.35;7.57
MCOPED;2021;690000575;CH NORD OUEST - VILLEFRANCHE;690782222;1;0;40;4;1814;2480;8998;2;2;30;23;9.32;8.46;1;1;0;0;11;7;8;;;7;33;12;16;;3;28.6;6;11.19;15.75;;1.02;10.75
MCOPED;2021;690000880;CENTRE LEON BERARD;690783220;1;;18;;0;2757;2532;6;6;6;6;8.23;8.23;;;;;18;6;11;;2;13;2;1;3;;;16.87;3;6.48;10.53;;1;12.71
MCOPED;2021;690007539;HOPITAL FEMME MERE ENFANT - HCL;690781810;1;1;232;70;17678;14184;47594;45;30;68;46;63.38;43.53;1;1;1;1;163;57;161;4;4;75;41;30;47;2;17;189.1;36;86.12;185.79;3.92;12.42;91.06
MCOPED;2021;690019849;IHOP - HCL;690781810;1;0;35;16;575;592;2931;3;3;6;6;5.73;5.65;;;;;22;14;20;;;15;4;2;7;;1;26.52;5;15.03;24.78;0.25;0.92;18.18
MCOPED;2021;690041132;MEDIPOLE HOPITAL MUTUALISTE;690006598;1;1;19;1;70;484;1981;2;2;21;18;11.55;10.5;0;0;1;1;3;10;44;;;5;11;8;7;;;3.33;;14.83;43.28;;;2.65
MCOPED;2021;690784186;HOPITAL LOUIS PRADEL - HCL;690781810;1;0;34;1;378;1053;8202;7;4;2;1;8.47;4;1;0;1;0;23;14;28;;;20;10;7;3;;;30.35;3;13.42;18.06;;0.14;23.08
MCOPED;2021;700000029;GH HAUTE SAONE SITE VESOUL;700004591;1;0;14;4;389;1833;3242;5;;0;;4.5;;0;;1;;7;7;8;0;0;2;1;9;5;0;2;6.69;4;13.25;11.08;0;0.47;4.81
MCOPED;2021;710010067;CH DU PAYS CHAROLAIS BRIONNAIS;710780644;1;0;10;;0;1161;1731;4;;2;;3.12;;;;;;1;5;10;;;1;3;2;5;;;2.33;;5.71;10;;;1
MCOPED;2021;710010786;CH AUTUN SITE PARPAS;710781451;1;0;5;0;0;265;602;2;;;;2;;;;1;1;4;4;3;;;11;1;;1;;;5.46;6;4;2.24;;;12.64
MCOPED;2021;710978263;CH WILLIAM MOREY CHALON SUR SAONE;710780958;1;1;18;;0;3079;5021;9;9;6;4;10.86;10.16;1;;0;;9;8;9;;1;2;1;2;2;;;8.38;2;8.54;9.21;;1.76;3.26
MCOPED;2021;710978289;CH LES CHANAUX MACON;710780263;1;1;16;1;85;1790;3529;7;;1;;6.28;;1;1;0;0;8;12;12;;;5;;4;4;;;6.65;0;14.74;15.96;;;4.17
MCOPED;2021;710978347;HOTEL DIEU DU CREUSOT;570010181;1;0;2;;0;3;3;0;;2;;1.2;;0;;1;;;;;;;;;;;;;;;;;;;
MCOPED;2021;720000033;CENTRE HOSPITALIER DU MANS;720000025;1;1;64;14;2289;5881;15555;1;0;16;10;7.07;5.23;1;1;1;1;17;9;21;;0;6;23;4;29;;1;30.64;5;10.94;39.28;;0.5;7.88
MCOPED;2021;720016179;POLE SANTE SARTHE ET LOIR;720016724;1;0;7;;157;545;1159;0;;4;4;1.9;1.9;;;;;3;2;;;;;3;;3;;3;5.1;;2;2.2;;0.8;
MCOPED;2021;730000031;CHMS CHAMBERY NH;730000015;1;1;36;6;1302;2609;9977;6;6;13;13;14.61;14.61;1;;1;;14;10;;;1;15;4;19;;;3;9.28;21;14.19;;;2.07;28.01
MCOPED;2021;730000262;CH D'ALBERTVILLE;730002839;1;0;14;;0;1196;3032;5;5;6;6;3.87;3.87;0;0;1;1;;;;;;1;9;11;15;;;5.49;8;6.92;7.61;;;4.89
MCOPED;2021;740000237;CH ANNECY-GENEVOIS SITE ANNECY;740781133;1;1;38;4;425;2921;9203;0;;;;;;;;;;;;;;;;;;;;;;;;;;;
MCOPED;2021;740000328;HOPITAUX DU LEMAN;740790381;1;1;16;4;506;1523;3656;6;5;2;;4.97;4.67;;;;;8;2;3;;;;9;1;2;;;7.96;2;1;1;;;0.86
MCOPED;2021;740781141;CH ALPES LEMAN;740790258;1;0;22;0;0;2270;5399;5;5;9;8;8.02;7.96;1;1;1;1;11;7;9;0;0;3;5;5;7;0;1;10.29;4;14.06;14.34;0;0.36;5.38
MCOPED;2021;740781224;HOPITAUX DU MONT BLANC SITE SALLANCHES;740001839;1;0;16;3;585;1363;5312;;;5;5;2.46;2.46;;;1;1;7;5;6;;;5;8;4;3;;1;11.66;7;5.79;7.66;;0.75;8.43
MCOPED;2021;750000549;HOPITAL FONDATION A DE ROTHSCHILD;750150229;1;0;13;0;585;307;1611;11;6;3;1;11.57;5.66;0;0;0;0;9;1;3;;;;2;;;;1;9.52;;1.7;3.07;;0.46;
MCOPED;2021;750100109;HU EST PARISIEN SITE TROUSSEAU APHP;750712184;1;1;163;31;7687;11386;39256;102;51;124;50;142.7;71.3;1;1;;;217;37;54;9;15;242;56;12;12;1;5;267.4;61;49.8;67.9;9.9;18.8;291.3
MCOPED;2021;750100166;HU PARIS CENTRE SITE COCHIN APHP;750712184;1;0;10;6;1770;143;3615;7;2;2;;7.27;2;0;0;0;0;10;;1;;2;15;2;;;;4;12.03;;;1;;2.43;13.8
MCOPED;2021;750100208;HU NECKER ENFANTS MALADES APHP;750712184;1;1;437;79;10578;20442;85414;237;121;160;46;295.31;137.1;1;1;1;1;453;118;209;23;20;513;77;14;27;6;17;521.32;107;142.44;230.77;27.05;24.95;563.66
MCOPED;2021;750803454;HU ROBERT DEBRE APHP;750712184;1;1;349;55;9342;13652;49201;140;;46;;150.68;;;;;;419;80;234;13;18;245;61;21;32;3;14;510;55;96;250;15;25;304
MCOPED;2021;760000018;CH DIEPPE;760780023;1;0;21;2;143;1121;2705;7;7;3;3;7.62;7.62;;1;;0;5;1;;;;5;15;6;;;1;15.14;21;5.35;;;0.7;20.09
MCOPED;2021;760000158;HOPITAL CHARLES NICOLLE CHU ROUEN;760780239;1;1;205;44;5835;8353;30422;61;37;9;7;44.58;34.62;1;1;0;0;83;45;76;;3;67;81;41;53;;4;132.62;26;70.08;99.7;;5.02;72.88
MCOPED;2021;760000364;CHI DU PAYS DES HAUTES FALAISES FECAMP;760780734;1;1;10;;0;707;1937;2;2;2;2;2.55;2.55;0;0;1;1;7;2;;;;7;3;;;;1;9.4;3;1.33;;;0.03;8.85
MCOPED;2021;760000463;CH LES FEUGRAIS CHI ELBEUF;760024042;1;0;12;0;0;1853;2812;4;4;6;6;7.6;7.6;1;1;0;0;2;0;;;;1;14;14;11;;;4.08;13;3.44;3.31;;;5.73
MCOPED;2021;760025312;CLINIQUE MATHILDE ROUEN;760000315;1;0;8;0;;264;627;2;0;0;0;2;0;0;0;1;1;3;1;1;0;0;0;1;0;0;1;1;2.83;1;1.03;1;0.5;0.2;0.2
MCOPED;2021;760780791;CLINIQUE LES ORMEAUX-VAUBAN LE HAVRE;760000414;0;1;;;;;;;;;;;;;;;;;;;;;;;;;;;;;;;;;
MCOPED;2021;760805770;HOPITAL JACQUES MONOD CH LE HAVRE;760780726;1;1;53;14;1292;5669;13491;1;;23;;7.3;;;;;;22;6;9;;0;24;33;17;7;;1;38.78;34;15.93;12.63;;1.29;44.51
MCOPED;2021;770000131;CH DE COULOMMIERS;770021145;1;;10;0;0;757;2162;6;4;2;;6.23;4;1;1;0;0;9;;8;;1;4;1;1;;;;7.8;1;1.3;6.61;;0.5;4.67
MCOPED;2021;770000149;CH SUD SEINE ET MARNE FONTAINEBLEAU;770021152;1;;15;3;323;1498;3462;5;5;3;3;4.56;4.54;;;;;21;3;12;;;4;13;2;6;;1;27.52;5;5.17;14.78;;0.5;8.46
MCOPED;2021;770000156;CH DE MELUN SITE SANTEPOLE;770110054;1;1;32;4;328;2195;5062;9;9;24;23;13.74;13.71;1;1;;;48;16;9;0;1;19;7;2;1;0;1;54.86;5;17.64;10.38;0;1.5;24.1
MCOPED;2021;770000164;CH SUD SEINE ET MARNE SITE MONTEREAU;770021152;1;0;30;1;237;215;405;1;1;;;1.77;1.77;;;;;1;2;1;;;3;;;1;;1;1;;2;1.5;;0.3;2.8
MCOPED;2021;770000172;CH DE PROVINS LEON BINET;770110070;1;;13;2;64;817;1798;2;2;3;3;4.26;4.26;;;;;9;4;4;;;1;2;1;5;;1;11.98;2;5.18;7.9;;0.45;2.5
MCOPED;2021;770000446;CH DE MEAUX SITE SAINT FARON;770021145;1;1;28;3;731;2991;8166;15;13;16;10;21.14;18.05;1;1;0;0;28;4;15;;;8;8;1;6;;3;34.78;1;5.43;20.31;;1.5;7.09
MCOPED;2021;770019032;GHEF MARNE LA VALLEE SITE JOSSIGNY;770021145;1;;25;2;365;2096;7202;15;15;13;9;18.51;17.27;1;1;0;0;7;;4;;;10;4;1;;;;12.43;1;0.64;4.2;;;9.84
MCOPED;2021;780000287;CH FRANCOIS QUESNAY MANTES;780110011;1;1;24;5;689;3701;7332;7;;;;5.09;;;;;;9;6;23;2;;12;5;;7;;2;14.09;3;6.2;27.32;0.3;0.88;10.67
MCOPED;2021;780000311;CHI POISSY ST GERMAIN SITE DE POISSY;780001236;1;1;36;6;1138;3271;10213;6;6;7;5;6.61;6.37;0;0;0;0;8;6;14;0;2;13;7;7;4;0;1;15.52;6;12.62;14.03;0;2.57;16.67
MCOPED;2021;780000329;CH DE RAMBOUILLET;780110052;1;1;8;2;236;923;2383;5;5;2;2;2.43;2.43;1;1;0;0;11;4;14;;;5;1;0;0;;1;11.46;1;2.58;11.37;;0.06;5.72
MCOPED;2021;780630026;CENTRE PEDIATRIQUE DES COTES;750803900;1;0;1;8;1462;53;516;3;3;6;6;2.74;2.74;1;1;0;0;18;;9;;;;3;;4;;;2.46;1;;1.88;;;0.9
MCOPED;2021;780800256;CH DE VERSAILLES SITE ANDRE MIGNOT;780110078;1;;30;6;761;3673;8569;6;6;16;16;12.13;12.13;;;;;29;7;14;;1;13;6;4;6;;2;22.31;3;10.3;15.59;;2.37;12.15
MCOPED;2021;790000087;CENTRE HOSPITALIER DE NIORT;790000012;1;1;19;5;116;1839;4374;8;8;4;4;8.95;8.95;1;1;0;0;7;7;14;;1;6;10;1;7;1;2;14.83;9;6.62;17.59;0.2;1.59;9.68
MCOPED;2021;800000143;CH ABBEVILLE;800000028;1;1;19;1;85;1084;2558;3;3;5;5;4.52;4.48;0;0;1;1;6;3;4;1;;8;5;1;2;;1;9.29;5;3.6;3.41;0.33;0.23;9.13
MCOPED;2021;800006124;CHU AMIENS SUD;800000044;1;1;98;16;2534;7024;22177;12;9;40;27;22.76;15.46;1;1;0;0;33;14;21;;;16;43;11;16;;3;64.33;14;19.85;32.96;;1.5;25.62
MCOPED;2021;810000505;CH ALBI;810000331;1;1;12;3;239;988;2938;1;1;5;5;2.25;2.25;0;0;1;1;6;1;2;;;4;2;2;3;;;7.3;3;3.35;3.99;;;3.42
MCOPED;2021;810000521;CHIC CASTRES MAZAMET SITE AUTAN;810000380;1;0;11;1;157;1223;2335;4;4;5;5;6.21;6.21;0;0;1;1;2;14;9;2;;5;;7;4;7;1;1.11;2;9.14;9.65;0.19;0.15;2.88
MCOPED;2021;820000032;CH MONTAUBAN;820000016;1;0;15;2;309;1230;2754;;;10;6;4.25;3.96;0;0;1;1;4;6;9;;;6;4;6;2;;;7.42;6;8.73;8.67;;;8.62
MCOPED;2021;830000287;CH LA DRACENIE DE DRAGUIGNAN;830100525;1;0;11;2;13;997;2171;5;5;3;2;5.05;4.78;0;0;1;1;;2;;;;1;5;8;5;3;2;2.96;12;6.8;2.74;0.44;0.32;7.46
MCOPED;2021;830000295;CH DE HYERES MARIE JOSEE TREFFOT;830100533;1;1;20;;0;1713;3613;3;3;4;4;3.33;3.33;0;0;1;1;4;9;8;;;3;0;3;4;;;2.79;6;11.9;7.75;;;5.9
MCOPED;2021;830000311;CHI DE FREJUS SAINT RAPHAEL;830100566;1;1;9;6;108;1452;2717;0;0;5;5;0.51;0.51;0;0;1;1;1;2;;;;6;5;11;12;;;3.89;8;8.99;8.86;;;10.53
MCOPED;2021;830000345;CHITS CH SAINTE MUSSE;830100616;1;1;31;1;276;3936;8500;;;;;;;;;;;;;;;;;13;19;23;;2;7.13;17;12.63;17.86;;0.33;13.04
MCOPED;2021;830100558;HOPITAL RENEE SABRAN HYERES;690781810;1;0;2;2;229;8;53;1;;;;0.2;0.2;1;0;0;0;;;;;;;;;;;;;;;;;;
MCOPED;2021;840000418;CHI DE CAVAILLON LAURIS;840004659;1;0;1;0;0;2;0;;;4;;1.2;;;;1;;;;;;;;;;;;;;;;;;;
MCOPED;2021;840001861;CH D'AVIGNON HENRI DUFFAUT;840006597;1;1;50;1;422;5743;10833;1;;10;6;5.01;2.47;1;1;;;3;18;16;;1;13;11;35;25;1;3;7.19;33;24.9;24.69;0.55;2.5;19.92
MCOPED;2021;850000142;CHD SITE LA ROCHE SUR YON;850000019;1;1;23;3;317;3741;7621;6;5;16;11;9.87;8.83;;;;;;;1;;;;25;14;32;;1;15.8;16;8.79;18.05;;0.1;9.77
MCOPED;2021;850000241;CENTRE HOSPITALIER COTE DE LUMIÈRE;850000084;1;;7;0;98;482;1436;3;3;1;1;2.05;2.05;0;0;1;1;8;1;2;0;0;15;0;1;4;0;0;4.79;3;0.74;1.72;0;0;3.52
MCOPED;2021;850009630;CH FONTENAY SITE POLE SANTE SUD VENDEE;850000035;1;0;10;;0;709;1519;1;1;1;1;1.5;1.5;0;0;1;1;3;1;1;0;0;0;3;1;6;0;0;4.96;0;1.19;3.63;0;0;0
MCOPED;2021;860000223;CHU LA MILETRIE;860014208;1;1;37;3;492;4174;10801;15;14;25;22;27.75;25.42;0;0;1;1;12;6;15;2;0;11;11;5;11;2;0;17.34;2;7.7;17.97;2;0;7.73
MCOPED;2021;870014859;HOPITAL DE LA MERE ET DE L'ENFANT;870000015;1;1;80;19;2660;4199;10341;39;23;2;1;25.05;15.95;1;1;1;1;57;43;32;6;2;66;32;25;8;1;;81.25;19;62.69;37.02;6.89;1.37;81.52
MCOPED;2021;880000021;CHI E.DURKHEIM - PLATEAU DE LA JUSTICE;880007059;1;1;18;0;0;1071;2606;9;9;2;2;9.5;9.5;1;;;;3;;;;;2;18;17;23;;;17.19;6;12.34;10.77;;;4.9
MCOPED;2021;880000047;CENTRE HOSPITALIER DE SAINT-DIE;880780077;1;;10;0;0;858;1914;1;1;2;2;2.59;2.25;0;0;1;1;4;8;11;;;1;1;2;;;;4.19;;9.53;9.75;;;1
MCOPED;2021;880000054;CHI L'OUEST VOSGIEN SITE NEUFCHATEAU;880007299;1;0;8;2;107;553;1301;1;1;3;3;2.28;2.28;0;0;1;1;;7;;;;;0;;;;;0.59;1;6.09;;;;6.76
MCOPED;2021;880000062;CENTRE HOSPITALIER DE REMIREMONT;880780093;1;1;7;3;729;895;2163;3;3;3;2;5.2;4.4;;;1;1;;;;;;;15;7;;;3;7.51;25;1.87;;;1.29;10.89
MCOPED;2021;890975527;CH AUXERRE;890000037;1;1;18;2;184;1359;3533;5;5;4;4;5.32;5.32;1;;0;;14;10;10;;;8;7;;3;;;19.49;1;10;11.86;;;8.86
MCOPED;2021;890975550;CH SENS;890970569;1;1;22;2;52;1239;3658;10;;2;;5.06;;0;0;1;1;6;3;7;;;3;1;2;;;1;5.08;1;4.97;7.42;;0.55;3.09
MCOPED;2021;900003039;HNFC SITE TREVENANS;900000365;1;1;19;6;121;2098;4669;7;6;11;10;8.31;7.98;1;;;;10;3;12;0;0;2;4;2;3;0;0;12.42;0;4.61;14.32;0;0;2
MCOPED;2021;910000272;CH D ARPAJON;910110014;1;1;13;2;225;1503;2945;9;9;1;;9.65;8.85;1;1;1;1;2;3;;0;0;6;14;3;9;0;1;13.64;0;4.8;4.94;0;0.3;3.56
MCOPED;2021;910000280;CH DOURDAN ETAMPES SITE DOURDAN;910019447;1;1;16;2;11;656;1569;4;4;2;2;4.52;4.52;;;;;17;3;19;;;6;3;1;6;;;11.44;;2.86;13.4;;;4.49
MCOPED;2021;910000298;CH DES DEUX VALLEES SITE LONGJUMEAU;910110055;1;1;22;4;559;2592;5463;7;2;3;2;8.05;1.98;1;1;;;0;0;4;;;1;12;2;11;;;6.62;1;1.48;7.52;;;0.47
MCOPED;2021;910000306;CH D ORSAY;910110055;1;1;1;2;670;89;1;2;;3;;6.49;;;;;;2;;1;;;;;;;;1;2;1;;1;;0.25;0.27
MCOPED;2021;910020254;CH SUD FRANCILIEN SITE JEAN JAURES;910002773;1;1;34;6;929;3410;11125;12;12;8;8;12.48;12.48;1;1;0;0;20;7;14;0;2;14;2;3;2;0;2;20.77;5;8.95;13.78;0;2.85;16.22
MCOPED;2021;920000585;CH RIVES DE SEINE SITE NEUILLY S/SEINE;920026374;1;;18;0;0;2171;4028;2;2;1;1;2.1;2.1;;;;;14;3;17;;;10;2;;3;;3;8.66;4;2.24;11.34;;1.66;9.02
MCOPED;2021;920000684;HOPITAL MARIE LANNELONGUE;750150120;1;0;32;2;224;1811;11816;9;;5;2;10.38;0.95;0;0;0;0;45;12;30;;;;5;;;;;50.29;;14.6;35.4;;;
MCOPED;2021;920100013;HU OUEST SITE AMBROISE PARE APHP;750712184;1;1;30;8;791;1965;6530;12;;5;;16.35;;1;1;1;1;22;3;26;;2;7;6;;6;;1;26.27;2;3;29.33;;2.2;8.82
MCOPED;2021;920100021;HU PARIS SUD SITE ANTOINE BECLERE APHP;750712184;1;1;45;4;494;3688;7772;10;;8;;14.69;;1;1;0;0;34;10;21;;3;13;12;6;6;;;45.2;4;15.99;26.14;;3;16.43
MCOPED;2021;920100047;HU PARIS NORD SITE LOUIS MOURIER APHP;750712184;1;;25;5;931;3060;6139;15;;11;;19.3;;1;1;0;0;41;6;33;;1;18;2;0;2;;1;41.35;0;5.62;29.52;1;1;12.98
MCOPED;2021;920100054;HU PARIS SITE RAYMOND POINCARE APHP;750712184;1;0;31;9;2494;676;4292;8;8;10;10;16.31;16.21;1;1;0;;30;2;52;0;1;12;7;0;5;0;2;34.91;4;2;55.2;0;2.71;14.77
MCOPED;2021;920300191;CLINIQUE MARCEL SEMBAT CCBB;920000767;1;0;14;14;3401;443;583;22;0;68;0;45;0;0;0;1;0;12;1;1;0;0;0;2;0;0;0;0;13;0;1;1;0;0;0
MCOPED;2021;920300787;HOPITAL AMERICAIN;920000981;0;1;;;;;;;;;;;;;;;;;;;;;;;;;;;;;;;;;
MCOPED;2021;930000286;GHI LE RAINCY MONTFERMEIL;930021480;1;1;18;2;3352;1265;3602;1;1;8;7;2.88;2.28;;;;;11;2;11;;;8;2;;1;;2;12.43;4;2.34;11.44;;0.9;8.78
MCOPED;2021;930000302;CHI ANDRE GREGOIRE;930110036;1;;17;3;478;1904;4028;9;9;4;4;10.62;10.62;1;1;0;0;12;1;10;;;5;2;;1;;1;10.3;1;1;8.12;;0.72;5.89
MCOPED;2021;930000328;CH GENERAL DELAFONTAINE;930110051;1;1;30;2;478;4359;9993;8;;2;;8.91;;;;;;23;6;19;;2;;2;;2;;1;23.79;;5.35;18.97;;1.29;
MCOPED;2021;930000336;CHI ROBERT BALLANGER;930110069;1;0;42;4;2257;2605;8326;5;2;24;11;14.12;8.31;;;;;20;6;21;;;14;4;2;2;;;21.14;8;5.29;19.56;;;16.3
MCOPED;2021;930100045;HU PARIS SITE JEAN VERDIER APHP;750712184;1;;36;8;1934;2401;8510;14;11;23;22;25.61;24;;;;;58;10;13;;;36;3;;2;;1;60.16;7;9.08;16.15;;0.55;37.05
MCOPED;2021;940000573;CHI DE CRETEIL;940110018;1;1;31;5;1301;5396;14033;18;12;9;8;23.06;16.56;1;1;0;0;57;4;27;0;0;37;2;0;0;0;3;57.4;6;4;23.69;0;2.2;38.64
MCOPED;2021;940000599;CHI LUCIE ET RAYMOND AUBRAC;940110042;1;1;48;7;1046;4053;11090;23;13;6;6;32.83;16.47;1;1;0;0;41;6;30;0;3;46;2;1;1;0;0;43.45;1;6.05;29.32;0;1.8;30.25
MCOPED;2021;940000649;HOPITAL SAINT CAMILLE;940150014;1;1;36;8;1049;3259;6769;2;2;8;6;5.64;4.12;;;;;13;3;9;;;5;2;1;1;;;10.17;;3.15;9.95;;;4.41
MCOPED;2021;940000664;INSTITUT GUSTAVE ROUSSY;940160013;1;;32;8;3051;1109;4835;17;17;4;4;17.57;17.57;;;;;51;8;4;;2;48;4;1;;;;47.89;4;7.78;2.93;;1.97;48.17
MCOPED;2021;940100043;HU PARIS SUD SITE KREMLIN BICETRE APHP;750712184;1;1;150;22;3966;6596;27996;67;67;19;19;79.51;79.51;1;1;0;;131;39;125;1;4;47;7;6;22;0;6;136.85;15;43.52;138.71;1;6.48;57.7
MCOPED;2021;940300551;HOPITAL PRIVE DE VITRY SITE NORIETS;940000912;1;0;1;0;0;24;49;1;;1;;1;;1;;0;;;;;;;;;;;;;;;;;;;
MCOPED;2021;950000307;CH VICTOR DUPOUY;950110015;1;1;17;4;576;2400;5010;6;6;8;7;9.17;9.17;1;1;0;0;11;1;11;;1;4;3;;1;1;1;11.78;1;1.29;10.18;0.2;1.08;5.19
MCOPED;2021;950000315;GH CARNELLE PORTES OISE SITE BEAUMONT;950001370;1;0;8;1;100;555;1734;;;5;5;1.35;1.35;;;;;7;2;3;;;5;1;1;;;1;7.61;2;2.8;2.82;;0.52;5.51
MCOPED;2021;950000323;GHEM SIMONE VEIL SITE EAUBONNE;950013870;1;1;28;5;385;3460;7412;7;6;6;5;8.45;7.35;1;1;1;1;7;4;9;0;0;4;4;3;7;0;2;10.2;6;3.97;11.35;0;1.17;5.87
MCOPED;2021;950000331;CH GENERAL DE GONESSE;950110049;1;1;46;3;836;4318;11419;16;;15;;21.13;;;;;;69;17;28;;1;5;11;3;5;;1;78.79;;18.86;31.77;;1.5;5.47
MCOPED;2021;950000364;CH RENE DUBOS;950110080;1;1;46;5;266;4158;9747;10;10;6;6;12.9;12.9;1;;0;;;;;;;2;;;;;;;;;;;;2
MCOPED;2021;950630012;HOPITAL D ENFANTS MARGENCY;750721334;1;0;5;0;;228;1042;1;1;0;0;0.65;0.65;1;1;1;1;3;0;1;0;;3;1;1;0;1;1;3.4;0;0.5;1;0.24;0.16;2.67
MCOPED;2021;970100392;CENTRE HOSPITALIER DE LA BASSE -TERRE;970100178;1;1;12;2;365;558;2021;2;1;6;6;3.66;2.97;;;;;3;14;;;;3;5;1;1;;;7.85;13;13.84;0.9;;;12.33
MCOPED;2021;970100400;C.H. LOUIS CONSTANT FLEMING;970100186;1;;6;6;20;391;929;0;0;2;2;0.4;0.4;;;;;2;7;0;0;0;0;0;0;0;0;0;2;0;6.69;0;0;0;0
MCOPED;2021;970100442;C.H.U. DE POINTE-A-PITRE/ABYMES;970100228;1;1;30;8;1346;3090;8723;11;11;;;11;11;1;1;;;15;15;18;;1;;;;;;;15;;15;18;;1;
MCOPED;2021;970211223;CHU DE MARTINIQUE SITE DE TRINITE;970211207;1;0;14;;0;262;810;7;4;2;;6.83;3.28;1;1;;;7;2;17;;;7;;;;;;6.44;;0.92;16.45;;;6.43
MCOPED;2021;970211256;CHU DE MARTINIQUE SITE MERE ENFANT;970211207;1;1;40;8;892;3761;14751;11;;;;10.5;;;;;;19;9;;;1;27;;;;;;18.53;;8.05;0;;0.13;26.98
MCOPED;2021;970300026;CENTRE HOSPITALIER DE CAYENNE;970302022;1;1;35;4;589;2332;10165;21;13;6;4;22.81;13.97;1;1;0;0;67;12;49;0;1;15;3;1;2;0;0;65.3;1;10.74;40.54;0;1;13.16
MCOPED;2021;970300083;CENTRE HOSPITALIER -FRANCK-JOLY-;970302121;1;0;15;4;181;1222;5981;9;9;3;2;11.87;10.99;1;1;1;1;22;9;12;0;0;26;2;2;1;0;0;24.82;3;13.1;14.8;0;0;27.09
MCOPED;2021;970305637;CENTRE HOSPITALIER INTERCOM DE KOUROU;970305629;1;0;10;0;0;524;2178;3;3;;;1.71;1.71;0;0;1;1;6;1;6;;;7;;;1;;;5.62;1;1.07;7.5;;;4.67
MCOPED;2021;970400024;CHU SITE FELIX GUYON (SAINT DENIS);970408589;1;1;61;11;1449;3944;15514;9;9;3;3;9.65;9.65;1;1;0;0;20;5;24;;1;8;4;2;1;;;23.15;1;6.3;24.08;;1;9.8
MCOPED;2021;970400057;CHU SITE SUD (SAINT PIERRE);970408589;1;1;52;6;892;4198;14355;5;;7;;11.05;;1;1;;;28;19;30;1;2;17;3;3;2;;2;24.8;6;19;26.6;1;2.5;19
MCOPED;2021;970400065;CH OUEST REUNION;970421038;1;1;20;0;0;4128;6499;7;7;10;9;9.37;9.22;1;1;0;0;7;8;5;;;14;6;2;;;1;8.9;5;6.09;4.8;;0.3;15.49
MCOPED;2021;970400073;GHER (SAINT-BENOIT);970403606;1;0;8;2;47;789;1554;5;5;0;0;4.3;4.3;;;;;10;5;12;0;0;4;2;0;3;1;0;9.47;1;4.81;12.97;0.31;0;4.47
MCOPED;2021;980500011;CHM;980500003;1;1;38;4;358;2109;14261;10;10;4;4;12.6;12.6;1;1;0;0;20;15;21;7;1;37;;;1;;;19.7;1;4.34;13.82;6.45;0.7;20.44
