BOR;AN;FI;RS;FI_EJ;PSY_A22;PSY_A23;PSY_A24;PSY_A25;PSY_A26;PSY_A27;PSY_A28;PSY_B23;PSY_B24;PSY_B25;PSY_B26;PSY_B27;PSY_B28;PSY_C22;PSY_C23;PSY_C24;PSY_C25;PSY_C26;PSY_C27;PSY_C28;PSY_D22;PSY_D23;PSY_D24;PSY_D25;PSY_D26;PSY_D27;PSY_D28;PSY_E22;PSY_E23;PSY_E24;PSY_E25;PSY_E26;PSY_E27;PSY_E28;PSY_A38;PSY_B38;PSY_A39;PSY_B39;PSY_A40;PSY_B40;PSY_A41;PSY_B41;PSY_A42;PSY_B42;PSY_A43;PSY_A44
PSY2;2021;010000495;CENTRE PSYCHOTHERAPIQUE DE L'AIN;010783009;14489;54;9;0;34;510;268;66;2;0;42;735;275;61310;4172;1882;0;308;20053;7046;8736;66;0;0;0;248;50;164367;618;114;0;49;2512;690;1;8.22;1;9.52;0;;0;;0;;0;0
PSY2;2021;010010171;CLINIQUE DE CHATILLON;010011559;985;;;;;;;;;;;;;35018;;;;;;;1694;;;;;;;;;;;;;;0;;0;;0;;0;;0;;0;0
PSY2;2021;020000386;CLINIQUE DE LA ROSERAIE;020000600;537;;;;;;;;;;;;;23909;;;;;;;1927;;;;;;;;;;;;;;0;;1;18.36;0;;0;;0;;0;0
PSY2;2021;020000543;ETS PUB SANTÉ MENTALE DE L'AISNE;020000295;2045;37;2;0;66;183;155;72;2;0;125;255;197;95955;4414;671;0;887;6748;3108;18130;0;0;0;0;23;0;155643;1066;0;0;120;1215;883;1;5;1;1;1;0.5;1;;0;;0;0
PSY2;2021;020004156;CLINIQUE TEMPS DE VIE SAINT-QUENTIN;590805065;391;;;;;;;;;;;;;18344;;;;;;;2787;;;;;;;;;;;;;;0;;1;13.24;0;;0;;0;;0;0
PSY2;2021;020006664;CENTRE PSYCHOTHÉRAPIE CH ST QUENTIN;020000063;4030;16;0;0;0;45;55;23;0;0;0;48;61;14827;2249;0;0;0;1341;2144;7291;64;0;0;0;229;115;22895;6;0;0;0;0;4;1;1.5;1;1.5;0;;0;;0;;0;0
PSY2;2021;030000061;CH DE MOULINS;030780092;4680;29;1;0;17;104;16;23;1;0;17;119;22;36641;1857;364;0;147;6239;1046;9476;93;0;0;0;543;78;53092;258;0;0;16;397;50;1;1;1;34.07;1;24.25;0;0;0;0;0;0
PSY2;2021;030000087;CH JACQUES LACARIN VICHY;030780118;3455;19;0;0;0;131;21;19;0;0;0;131;21;18902;2300;0;0;0;6050;38;1812;118;0;0;0;326;15;61886;351;0;0;0;1723;14;0;;1;35.31;1;2.3;0;;0;;0;0
PSY2;2021;030000160;CENTRE HOSPITALIER SPECIALISE D'AINAY;030780282;836;0;0;0;0;0;0;0;0;0;0;0;0;112398;0;0;0;0;0;0;0;0;0;0;0;0;0;22890;0;0;0;0;0;0;0;;1;1.38;0;;0;;0;;0;0
PSY2;2021;030781637;SERVICE DE PSYCHIATRIE CHATELARD;030780100;187;15;;;;11;;28;;;;143;;7919;985;;;;3580;;5831;139;;;;554;;43051;1978;;86;;4436;;1;0.5;1;19;1;3.6;0;;0;;0;0
PSY2;2021;040000911;CENTRE HOSPITALIER DE DIGNE LES BAINS;040788879;4982;33;2;0;2;110;53;33;2;0;3;110;55;17841;2360;438;0;93;6924;3076;10704;150;0;0;0;398;146;45884;42;0;0;0;477;223;1;;1;28.88;1;16.31;0;;0;;0;0
PSY2;2021;050000132;CH BUECH DURANCE;050007145;4460;25;1;1;0;59;56;19;0;0;;48;51;21960;1037;52;4;;1594;1552;5521;79;;;;104;108;70009;291;109;9;;721;754;0;;0;;0;;0;;0;;0;0
PSY2;2021;050000231;CH DES ESCARTONS DE BRIANCON;050000116;956;;;;;;;;;;;;;4074;;;;;;;2045;;;;;;;12811;;;;;;;;;;;;;0;;0;;0;0
PSY2;2021;050000454;LE FUTUR ANTERIEUR;050000645;74;;;;;;;;;;;;;8348;;;;;;;;;;;;;;;;;;;;;0;;0;;1;25.22;0;;0;;0;0
PSY2;2021;050000991;CENTRE MEDICAL CHANTOURS;050000546;279;;;;;;;;;;;;;11388;;;;;;;;;;;;;;;;;;;;;0;;;;0;;0;;0;;0;0
PSY2;2021;060000478;CENTRE HOSPITALIER DE GRASSE;060780897;1689;27;1;;4;79;6;30;1;;4;101;6;5231;1308;23;;1;4055;376;1834;;;;;;;21945;71;;;;82;;;;0;;0;;0;;0;;0;
PSY2;2021;060000510;CH D'ANTIBES JUAN LES PINS;060780954;5203;46;0;0;0;159;8;12;0;0;0;120;5;14711;2376;0;0;0;5860;129;3424;204;0;0;0;74;0;48430;646;0;0;0;721;26;0;;0;;0;;0;;0;;0;0
PSY2;2021;060000544;CH DE CANNES SIMONE VEIL;060780988;4828;41;4;;2;152;8;41;4;;2;189;8;8435;1712;261;;25;4129;263;1488;;;;;36;;42186;558;65;;;1847;80;1;3.64;0;;1;6.25;0;;0;;0;0
PSY2;2021;060780442;CLINIQUE SAINT FRANCOIS;060000213;601;;;;;;;;;;;;;20770;;;;;;;4741;;;;;;;;;;;;;;0;;0;;0;;0;;0;;0;0
PSY2;2021;060780525;CLINIQUE LE VAL D'ESTREILLES;060000247;666;;;;;;;;;;;;;23424;;;;;;;;;;;;;;;;;;;;;;;;;;;0;;0;;0;0
PSY2;2021;060780541;CLINIQUE LA GRANGEA;060000262;664;;;;;;;;;;;;;21871;;;;;;;;;;;;;;;;;;;;;0;;0;;0;;0;;0;;0;0
PSY2;2021;060780749;CLINIQUE SAINT LUC;060000395;449;;;;;;;;;;;;;14448;;;;;;;2665;;;;;;;;;;;;;;0;;0;;0;;0;;0;;0;0
PSY2;2021;060780996;CHS SAINTE MARIE NICE;630786754;1008;211;29;0;16;474;92;202;27;;20;556;97;48076;16706;4744;;712;22908;4010;14129;667;227;;;77;2;135794;5942;1058;253;;1648;142;1;16.14;1;58.4;0;;1;36.43;1;19.12;0;0
PSY2;2021;060781929;CLINIQUE DE LA COSTIERE;060000858;773;;;;;;;;;;;;;27392;;;;;;;6836;;;;;;;;;;;;;;0;;0;;0;;0;;0;;0;0
PSY2;2021;060785003;CHU DE NICE HOPITAL PASTEUR;060785011;2800;86;14;;1;120;18;;;;;;;10505;3418;876;;17;5061;652;2972;68;17;;;93;;23851;692;174;;;371;18;1;4.32;;;;;0;;0;;0;0
PSY2;2021;060800174;FONDATION LENVAL;060800174;5127;;;0;;;;;;;;;;4368;;;0;;;;13060;;;;;;;36579;;;;;;;1;;0;;1;13.28;0;;0;;0;0
PSY2;2021;070005046;CH DROME-VIVARAIS - HDJ/CMP ADU GUIL.;260003264;1907;9;2;0;2;20;13;9;2;0;2;20;13;;;;;;;;1946;;;;;;;15085;307;2;0;12;477;192;;;;;;;0;;0;;0;0
PSY2;2021;070780317;CHS SAINTE-MARIE PRIVAS;630786754;9598;73;4;0;8;430;184;78;4;0;11;462;187;48353;4075;539;;55;18056;3848;14522;193;1;;;500;91;81385;460;13;;24;1137;478;1;0.43;1;37.31;1;1.06;0;;0;;0;0
PSY2;2021;080000318;CENTRE HOSPITALIER BELAIR;080000086;6784;30;4;0;12;191;212;30;4;0;14;202;222;45095;800;298;0;;6857;4976;15888;128;4;0;0;466;325;79542;931;221;0;15;3064;1717;1;0.18;1;37.38;1;6.37;0;;0;;0;0
PSY2;2021;090000183;CH ARIEGE COUSERANS SITE ST LIZIER;090781816;6301;79;2;0;5;180;40;47;5;0;3;133;44;21238;3129;340;0;78;7165;2268;4428;230;26;0;0;350;0;69013;685;0;0;0;740;127;1;;1;;1;;0;;0;;0;0
PSY2;2021;100000108;EPSMA;100000033;8547;71;8;0;13;257;83;49;9;0;8;246;76;40112;2896;876;0;18;7549;1948;13728;840;357;0;;351;394;90228;1191;348;0;50;2328;893;1;1.12;1;40.3;1;33.55;0;;0;;0;0
PSY2;2021;110002953;CH NARBONNE HJ PSY ADULTE PSYCHOTIQUE;110780137;400;19;2;;;108;32;19;2;;;108;32;6421;450;;;;4236;545;2917;;;;;;;;;;;;;;1;;0;;1;;0;;0;;0;0
PSY2;2021;110780152;CLINIQUE DE MIREMONT;110000064;472;;;;;;;;;;;;;26401;;;;;;;;;;;;;;;;;;;;;0;;0;;0;;0;;0;;0;0
PSY2;2021;110786324;USSAP;110786324;7201;69;;1;;244;56;45;;4;;243;54;37223;2567;;12;;10006;1607;9444;95;;;;105;;66210;694;;;;1546;127;1;1.72;1;8.44;1;27.13;0;;0;;0;0
PSY2;2021;120000039;CH DE RODEZ HOPITAL JACQUES PUEL;120780044;;;;;;;;;;;;;;;;;;;;;;;;;;;;;;;;;;;0;;0;;1;;0;;0;;0;0
PSY2;2021;120004569;CH MILLAU;120004528;1599;;;;;;;;;;;;;7002;;;;;;;5827;;;;;;;28089;;;;;;;1;;0;;1;;0;;0;;0;0
PSY2;2021;120780283;CHS STE MARIE;630786754;9129;66;2;;5;211;230;30;2;;2;194;235;64624;824;377;;3;8214;6007;9225;56;96;;;43;45;110118;977;189;;17;1857;1049;0;;1;6.41;0;;0;;0;;0;0
PSY2;2021;130000235;CHS EDOUARD TOULOUSE;130780554;10969;146;30;2;22;310;144;147;30;3;26;339;154;39718;9449;3061;112;357;13534;5447;20102;547;667;0;0;314;143;222127;3086;1469;24;12;3205;1031;1;2.32;0;;1;28.27;0;;0;;0;0
PSY2;2021;130000433;CHS MONTPERRIN;130781131;18934;121;3;1;59;501;195;186;4;1;81;724;307;52776;5709;472;7;586;16942;8384;15174;205;;;;511;215;213563;1332;33;;372;3645;1505;1;2.51;1;25.58;1;32.22;0;;0;;0;0
PSY2;2021;130002496;CHS VALVERT MARSEILLE;130786494;9210;74;5;1;16;207;128;120;11;1;15;253;144;24381;3126;351;;88;5843;2892;19732;298;;;;265;122;201646;1349;115;83;22;1832;551;1;2.19;1;6.92;1;20.4;0;;0;;0;0
PSY2;2021;130002827;CH JOSEPH IMBERT D'ARLES;130789274;2723;19;;;2;67;7;12;;;2;33;2;;;;;;;;;;;;;;;36403;42;;;2;62;3;0;;0;;1;12.22;0;;0;;0;0
PSY2;2021;130010648;CLINIQUE SAINT MICHEL;130010648;446;;;;;;;;;;;;;29233;;;;;;;8363;;;;;;;;;;;;;;0;;0;;0;;0;;0;;0;0
PSY2;2021;130780273;MAISON DE SANTE DE SAINTE MARTHE;130000151;339;;;;;;;;;;;;;23435;;;;;;;2614;;;;;;;;;;;;;;0;;0;;0;;0;;0;;0;0
PSY2;2021;130780521;APHM HOPITAL NORD;130786049;;;;;;;;;;;;;;;;;;;;;;;;;;;;;;;;;;;;;;;;;;;;;1;
PSY2;2021;130781065;CLINIQUE PSYCHIATRIQUE LA JAUBERTE;130000417;597;;;;;;;;;;;;;26034;;;;;;;1795;;;;;;;0;;;;;;;0;;0;;0;;0;0;0;0;0;0
PSY2;2021;130783236;APHM HOPITAL DE LA CONCEPTION;130786049;8858;57;13;0;10;179;53;57;13;0;11;195;58;21595;3220;1165;0;190;6574;2634;8022;122;74;0;0;327;501;97878;311;25;;51;1159;421;0;;0;;0;;0;;0;;0;
PSY2;2021;130783764;CLINIQUE MON REPOS;920030269;1418;;;;;;;;;;;;;95881;;;;;;;3346;;;;;;;;;;;;;;0;;1;;0;;0;;0;;0;0
PSY2;2021;130784085;CLINIQUE L'EMERAUDE;920030921;1297;;;;;;;;;;;;;77993;;;;;;;10275;;;;;;;;;;;;;;0;;0;;1;;0;;0;;0;0
PSY2;2021;130784234;APHM HOPITAUX SUD SAINTE MARGUERITE;130786049;3504;48;10;;11;156;53;49;10;;12;166;40;3464;3879;1127;;316;6042;1354;9115;307;50;;139;1053;223;43642;107;19;;22;411;156;0;;0;;1;43.12;0;;1;;0;0
PSY2;2021;130784291;CLINIQUE DES TROIS CYPRES;130001696;656;;;;;;;;;;;;;41957;;;;;;;4493;;;;;;;;;;;;;;0;;0;;1;31.85;0;;0;;0;0
PSY2;2021;130784606;CLINIQUE SAINT ROCH MONTFLEURI;130001860;875;;;;;;;;;;;;;73072;;;;;;;;;;;;;;;;;;;;;;;0;;0;;0;;0;;0;0
PSY2;2021;130784697;CLINIQUE DES QUATRE SAISONS;130001902;251;;;;;;;;;;;;;30885;;;;;;;9058;;;;;;;;;;;;;;0;;0;;0;;0;;0;;0;0
PSY2;2021;130786015;CLINIQUE VALFLEUR;130002322;186;;;;;;;;;;;;;28670;;;;;;;;;;;;;;;;;;;;;0;;0;;0;;0;;0;;0;0
PSY2;2021;130786742;HIA LAVERAN;750821092;1859;;;;;;;;;;;;;5044;;;;;;;818;;;;;;;6489;;;;;;;;;;;;;0;;0;;0;
PSY2;2021;130786890;HJ LE RELAIS SERENA;130001688;63;;;;;;;;;;;;;2372;;;;;;;2349;;;;;;;;;;;;;;0;;0;;1;22.79;0;;0;;0;0
PSY2;2021;130786973;CLINIQUE PSYCHIATRIQUE MEDIAZUR;130002702;199;;;;;;;;;;;;;26867;;;;;;;;;;;;;;;;;;;;;0;;0;;0;;0;;0;;0;0
PSY2;2021;130790157;CH DE MARTIGUES HOPITAL DU VALLON;130789316;6805;53;5;;;288;42;37;4;;;233;44;14338;1343;427;;;7199;1645;11428;382;11;;;840;157;76561;1119;120;;;3612;454;1;6.54;1;5.83;1;1.8;0;;0;;0;0
PSY2;2021;130798002;CLINIQUE LA LAURANNE;130004807;987;;;;;;;;;;;;;73600;;;;;;;;;;;;;;;;;;;;;0;;0;;0;;0;;0;;;0
PSY2;2021;130804032;ASSOCIATION REGIONALE POUR INTEGRATION;130804032;37;;;;;;;;;;;;;;;;;;;;1552;;;;;;;;;;;;;;0;;0;;0;;0;;0;;0;0
PSY2;2021;130806011;MS SAINT PAUL DE MAUSOLE;750720534;306;;;;;;;;;;;;;23133;;;;;;;;;;;;;;;;;;;;;0;;0;;0;;0;;0;;0;0
PSY2;2021;140000209;CHU COTE DE NACRE - CAEN;140000100;492;84;0;1;0;16;8;167;0;1;0;16;8;13145;5397;0;31;0;938;271;756;551;0;0;0;6;2;14469;2;0;0;0;2;0;1;;0;;1;;1;16.29;0;;0;0
PSY2;2021;140000456;ETS PUBLIC DE SANTE MENTALE;140000316;16995;150;7;1;61;200;237;152;8;1;92;215;272;61583;13821;692;126;546;8907;9818;22131;1605;6;0;0;710;244;141615;1518;40;0;1;627;688;1;1;1;9.72;1;21.73;0;;1;22.1;0;0
PSY2;2021;140004136;UNITE PSYCHIATRIQUE - CH BAYEUX;140000092;4182;6;;1;0;41;15;4;;1;;30;9;9283;307;0;81;0;644;302;6787;0;0;0;0;0;0;46588;29;0;0;0;83;6;1;0.22;0;;0;;0;;0;;0;0
PSY2;2021;140004383;CHR GEORGES CLEMENCEAU - CAEN;140000100;1299;;;;;;;;;;;;;3172;;;;;;;1593;;;;;;;11732;;;;;;;1;;0;;1;;0;;0;;0;0
PSY2;2021;150000040;CH HENRI MONDOR;150780096;4311;26;0;0;31;114;63;31;0;0;31;160;95;26967;364;0;0;114;3680;3379;6893;180;0;0;0;441;460;41970;497;0;0;88;922;222;1;8.9;1;1;0;;0;;0;;0;0
PSY2;2021;150780773;SERVICE DE PSYCHIATRIE - CH ST FLOUR;150780088;735;8;;1;;29;1;3;;1;;19;1;3463;86;;8;;510;24;562;0;;0;;660;0;6404;38;;0;;51;0;1;0.03;0;;0;;0;;0;;0;0
PSY2;2021;150780823;CH ANNEXE CUEILHES;150780096;109;2;;2;;;;2;;2;;;;1445;2;;25;;;;3976;;;;;;;;;;;;;;;;;;;;0;;0;;0;0
PSY2;2021;150782944;CENTRE DE READAPTATION DE MAURS;150002566;52;1;0;0;0;0;0;1;0;0;0;0;0;8930;93;0;0;0;0;0;0;0;0;0;0;0;0;0;0;0;0;0;0;0;0;;0;;0;;0;;0;;0;0
PSY2;2021;160000345;CH CAMILLE CLAUDEL - LA COURONNE;160000501;13501;106;4;1;5;218;169;106;4;1;5;235;194;37315;4705;734;14;87;9096;7691;3667;48;0;0;0;294;49;94229;1074;2;16;13;2047;1301;0;;1;2.87;1;45.42;0;;0;;0;0
PSY2;2021;160008231;KORIAN VILLA BLEUE - JARNAC;160001038;395;;;;;;;;;;;;;11306;;;;;;;;;;;;;;;;;;;;;0;;0;;0;;0;;0;;0;0
PSY2;2021;170000103;CTRE HOSP. DE SAINTONGE - SAINTES;170780175;1268;20;;;;77;2;22;;;;83;2;6166;4772;;;;6310;306;3706;101;;;;483;5;6229;;;;;;;1;2.05;0;;1;21.72;;;;;;
PSY2;2021;170020994;C.A.T.T.P. + HOP JOUR PSY ADULT - S5;170780175;3665;10;;;;7;;;;;;;;0;;;;;;;5083;;;;;;;36742;694;;;;541;;0;;0;;0;;0;;0;;0;0
PSY2;2021;170780282;MAISON MEDICALE HIPPOCRATE - SAUJON;170000186;432;;;;;;;;;;;;;19820;;;;;;;;;;;;;;;;;;;;;0;;0;;0;;0;;0;;0;0
PSY2;2021;170780290;VILLA DU PARC - SAUJON;170000194;787;;;;;;;;;;;;;28033;;;;;;;;;;;;;;;;;;;;;0;;0;;0;;0;;0;;0;0
PSY2;2021;170782981;HOPITAL MARIUS LACROIX;170024194;9828;43;;;1;282;60;43;;;1;282;60;63893;2383;;;;13652;1283;17184;10;;;;;;96256;2401;;;24;396;54;1;3;1;5.23;1;28.64;0;;0;;0;0
PSY2;2021;170783146;CENTRE HOSPITALIER JONZAC (CHS);170780050;6568;19;1;0;3;76;28;29;1;0;3;79;27;6911;724;271;0;29;1995;621;2098;0;0;0;0;14;6;90847;353;18;0;1;1620;757;1;;1;5.2;1;4.88;0;;0;;0;0
PSY2;2021;170784086;ETABLISSEMENT THERAPEUTIQUE ADO;330785072;57;;;;;;;;;;;;;3653;;;;;;;712;;;;;;;;;;;;;;0;;0;;1;28.7;0;;0;;0;0
PSY2;2021;180000176;CH GEORGE SAND BOURGES;180001158;1862;34;4;;;145;107;36;4;;;157;116;137621;1044;334;;;5114;1246;7860;64;;;;150;58;;;;;;;;1;0.21;1;28.82;1;36.47;0;;0;;0;0
PSY2;2021;180000382;CLINIQUE LA GAILLARDIERE;180008518;326;;;;;;;;;;;;;11084;;;;;;;2005;;;;;;;;;;;;;;0;;0;;0;;0;;0;;0;0
PSY2;2021;180004533;CHS CTRE READAP.SOCIO-PROFESSIONNEL;580780971;29;;;;;1;1;;;;;1;1;;;;;;;;2245;;;;;45;81;;;;;;;;0;;0;;0;;0;;0;;0;0
PSY2;2021;190000026;CENTRE HOSPITALIER COEUR DE CORREZE;190000059;324;4;;;;40;8;;;;;;;7501;19;;;;630;119;4005;;;;;;;18908;;;;;;;0;;1;3.3;0;;0;;0;;0;0
PSY2;2021;190000117;ASSO DE GESTION DU CH PAYS EYGURANDE;190000117;2730;74;3;;14;85;51;32;2;;12;59;34;21591;12480;562;;666;8164;2415;5854;4;;;;222;276;28980;8;;;;30;49;1;1;1;25.68;0;;1;;0;;0;0
PSY2;2021;190011601;SITE SPECIALISE HENRI LABORIT;190000042;3898;20;1;2;0;84;48;4;0;0;0;318;146;9251;370;0;0;0;2056;949;2836;90;0;0;0;104;10;30885;42;1;4;0;61;34;1;0.1;1;2.5;0;;0;;0;;0;0
PSY2;2021;210013157;POLE PSYCHIATRIE SANTE MENTALE;210780706;1382;31;;1;;62;;32;;1;;64;;7439;678;;9;;1809;;1712;38;;;;19;;7910;221;;;;27;;1;0.1;0;;1;5.64;0;;0;;0;0
PSY2;2021;210780425;HÔPITAL DE JOUR LES CIGOGNES PEP21;210781282;118;;;;;;;;;;;;;0;;;;;;;2712;;;;;;;492;;;;;;;0;;0;;1;4.57;0;;0;;0;0
PSY2;2021;210987558;HOPITAL LE BOCAGE CHRU DIJON;210780581;3944;10;;;;71;26;10;;;;78;28;8734;1879;;;;4481;1344;;;;;;;;;;;;;;;1;1;1;0.3;1;41.66;0;;0;;0;0
PSY2;2021;210987632;CH LA CHARTREUSE DIJON;210780607;11512;34;11;;28;354;267;38;12;;31;388;312;65436;1413;2117;;277;8958;5202;11336;9;;;;61;29;146500;215;27;;1;1010;444;1;1;1;30.46;1;11.72;1;;1;;0;0
PSY2;2021;220000210;FONDATION BON SAUVEUR;220000210;12422;48;;;;199;126;51;;;;305;143;38830;2022;;;;6101;2546;13947;449;;;;398;337;119736;668;;;;795;338;1;1;1;21.89;1;12.57;0;;0;;0;0
PSY2;2021;220000236;CENTRE HOSPITALIER DE PLOUGUERNEVEL;220017974;1880;77;22;;3;141;86;82;22;;3;146;87;22249;11877;2146;;661;5026;1336;1;;;;;;;9945;15;;;;39;14;0;;1;9.9;0;;1;;0;;0;0
PSY2;2021;220000319;CLINIQUE LA CERISAIE;220000681;399;;;;;;;;;;;;;22137;;;;;;;3967;;;;;;;;;;;;;;0;;0;;0;;0;;0;;0;0
PSY2;2021;220000327;CLINIQUE DU VAL JOSSELIN;220024384;887;;;;;;;;;;;;;32208;;;;;;;9208;;;;;;;;;;;;;;;;;;;;0;;0;;0;0
PSY2;2021;220012751;HOP DE JOUR ENFANTS ROSTRENEN;220017974;3447;17;;;;35;17;17;;;;35;17;;;;;;;;7173;;;;;;;34456;173;;;;64;76;0;;0;;0;;0;;0;;0;0
PSY2;2021;230000853;CENTRE HOSPITALIER SAINT VAURY;230780074;573;23;;;;71;53;35;;;;82;59;22609;1730;;;;1419;1029;9093;99;;;;36;49;42236;193;;;;356;94;0;;1;5.12;1;9.54;0;;0;;0;0
PSY2;2021;230780181;CLINIQUE CHATELGUYON VIERSAT;230000879;312;;;;;;;;;;;;;17520;;;;;;;;;;;;;;;;;;;;;0;;0;;0;;0;;0;;0;0
PSY2;2021;240000463;CENTRE HOSPITALIER VAUCLAIRE;240000083;8802;83;1;14;6;250;126;83;1;15;7;263;132;37911;2509;0;181;75;8707;4223;16275;505;43;584;0;620;169;117327;818;35;116;0;1462;995;1;0.5;1;51.79;1;18.35;1;22.73;0;;0;0
PSY2;2021;240000489;CENTRE HOSPITALIER DE PERIGUEUX;240000117;5085;21;1;0;4;106;36;27;1;0;7;95;35;16336;834;69;0;41;2535;661;2615;;;;;;;52905;;;;;;;1;9.25;0;0;1;31.94;0;;0;;0;0
PSY2;2021;240000646;FONDATION JOHN BOST;240000265;264;;;;;;;;;;;;;75072;;;;;;;345;;;;;;;;;;;;;;0;;0;;0;;0;;0;;0;0
PSY2;2021;240000687;CENTRE HOSPITALIER SARLAT;240000448;162;18;;;;42;3;23;;;;46;3;4973;722;;;;1505;108;1666;0;;;;53;0;7678;526;;;;205;15;0;;0;;0;;0;;0;;0;0
PSY2;2021;240017046;CH VAUCLAIRE - SITE CH PERIGUEUX;240000083;1793;1;0;0;0;6;3;1;0;0;0;6;3;1743;0;0;0;0;0;0;36;0;0;0;0;0;0;14931;4;0;0;0;15;35;0;;0;;0;;0;;0;;0;0
PSY2;2021;250000023;CHRU SAINT-JACQUES;250000015;542;;;;;;;;;;;;;13756;;;;;;;;;;;;;;;;;;;;;;;;;1;2;0;;0;;0;0
PSY2;2021;250000619;UNITE PSY ADULTE LE GRANDVALLIER CHIHC;250000452;1402;13;;;;64;2;14;;;;88;2;10294;729;;;;2681;7;2926;;;;;196;;13168;172;;;;1663;1;1;;0;;0;;0;;0;;0;0
PSY2;2021;250000718;CHS NOVILLARS;250000460;8605;55;9;2;22;269;71;60;9;2;25;293;74;55869;1888;1406;29;252;11765;2310;7685;11;0;0;0;144;36;78528;572;127;0;3;1011;214;0;;1;77.64;1;39.32;0;;0;;0;0
PSY2;2021;250005196;HOPITAL DE JOUR VELOTTE;250001013;12;;;;;;;;;;;;;;;;;;;;3711;;;;;;;;;;;;;;0;;0;;0;;0;;0;;0;0
PSY2;2021;250006954;CHRU JEAN MINJOZ;250000015;;;;;;;;;;;;;;;;;;;;;;;;;;;;15596;;;;;;;1;1.12;0;;1;;0;;0;;0;0
PSY2;2021;250014008;CHS ST REMY ET NFC CTRE JEAN MESSAGIER;700004096;2156;40;8;1;7;143;65;45;11;1;7;172;82;11604;1357;1633;40;29;4629;1645;1924;;;;;;;19211;353;29;;;64;49;1;0.3;0;;1;36.6;0;;0;;0;0
PSY2;2021;260000302;ETABLISSEMENT MEDICAL LA TEPPE;260000161;527;;;;;;;;;;;;;10399;;;;;;;;;;;;;;1282;;;;;;;0;;0;;0;;0;;0;;0;0
PSY2;2021;260000823;CH DROME-VIVARAIS - SITE DE MONTELEGER;260003264;12477;75;10;7;24;565;434;115;28;8;22;678;512;47839;2469;1124;136;115;16897;12258;12332;490;310;0;0;1016;519;124085;1991;481;71;312;2880;2164;1;1.68;1;34.84;1;15.28;0;;0;;0;0
PSY2;2021;260005277;HOPITAL DE JOUR ADULTES MONTELIMAR;630786754;4755;16;3;0;;47;16;17;3;;;50;19;;;;;;;;4001;72;120;;;144;64;37653;203;35;;;524;149;1;;0;;0;;0;;0;;0;0
PSY2;2021;270000573;NOUVEL HOPITAL DE NAVARRE;270000219;16612;58;8;1;35;351;277;61;10;1;43;392;302;69490;3275;2184;812;239;14919;7084;8674;;;;;69;;202790;132;92;445;;774;558;1;4.65;1;5.28;1;38.5;0;;0;;0;0
PSY2;2021;270025984;CLINIQUE LA MARE Ô DANS;270029275;974;;;;;;;;;;;;;33922;;;;;;;8048;;;;;;;;;;;;;;0;;0;;0;;0;;0;;0;0
PSY2;2021;270027279;CLINIQUE DES PORTES DE L'EURE;270027881;838;;;;;;;;;;;;;30384;;;;;;;5129;;;;;;;0;;;;;;;0;;1;24;0;;0;;0;;0;0
PSY2;2021;280000050;CH BONNEVAL;280000142;1023;28;5;2;6;193;148;16;2;2;7;189;137;36607;1396;603;34;21;11243;4468;14197;15;173;0;0;293;121;59144;711;32;0;64;1523;932;1;4.98;1;35.85;1;0.35;0;;0;;0;0
PSY2;2021;280000084;CH DREUX;280000183;626;20;1;;;54;3;20;1;;;58;3;11354;632;;;;1861;68;3264;;;;;;;12992;56;6;;;134;1;1;1;1;1.1;1;15.59;0;;0;;0;0
PSY2;2021;280000696;CH CHARTRES - VAL DE L'EURE;280000134;940;;;;;;;;;;;;;2158;;;;;;;7098;;;;;;;8191;;;;;;;0;;0;;1;5.1;0;;0;;0;0
PSY2;2021;290000033;C.H. DES PAYS DE MORLAIX;290021542;7076;49;8;;;218;87;42;9;;;249;91;50362;1861;723;;;5197;3215;17541;121;215;;;364;49;65344;661;254;;;740;314;0;;1;22.28;0;;0;;0;;0;0
PSY2;2021;290000058;CHRU BREST SITE HOPITAL MORVAN;290000017;84;;;;;;;;;;;;;;;;;;;;;;;;;;;;;;;;;;1;;1;;1;;0;;0;;0;0
PSY2;2021;290000173;CH FERDINAND GRALL LANDERNEAU;290000041;1979;6;;;;52;6;6;;;;51;6;8778;1096;;;;2035;175;4215;;;;;;;27313;;;;;;;1;;1;1;1;;0;;0;;0;0
PSY2;2021;290000363;CLINIQUE DE KERFRIDEN;920030269;663;;;;;;;;;;;;;28930;;;;;;;4261;;;;;;;;;;;;;;0;;1;21;0;;0;;0;;0;
PSY2;2021;290000728;HOPITAL INSTRUCTION DES ARMEES;750821092;1113;;;;;;;;;;;;;2601;;;;;;;1124;;;;;;;2451;;;;;;;0;;0;;0;;0;;0;;0;0
PSY2;2021;290000736;CLINIQUE DE L'IROISE;290000991;721;;;;;;;;;;;;;24321;;;;;;;2571;;;;;;;;;;;;;;0;;0;;0;;0;;0;;0;0
PSY2;2021;290000744;CLINIQUE PEN AN DALAR;290001007;1222;;;;;;;;;;;;;42793;;;;;;;7898;;;;;;;;;;;;;;0;;0;;0;;0;;0;;0;0
PSY2;2021;290000785;ETABLISSEMENT DE SOINS HOTEL DIEU;220020739;371;;;;;;;;;;;;;6055;;;;;;;;;;;;;;302;;;;;;;0;;0;;0;;0;;0;;0;0
PSY2;2021;290000918;EPSM FINISTERE SUD SITE QUIMPER;290000298;11482;73;5;;;236;76;77;5;;;272;91;55793;4235;848;;;4979;1053;19313;87;2;;;57;41;115515;871;110;;;1180;245;1;1.65;1;3.8;1;2;0;;0;;0;0
PSY2;2021;290000934;GHBS - HOPITAL LA VILLENEUVE;560005746;170;;;;;8;;;;;;0;;4047;;;;;172;;;;;;;;;;;;;;;;;;;;;;0;;0;;0;0
PSY2;2021;290003995;GHBS - HOPITAL KERGLANCHARD;560005746;2242;30;1;;1;45;5;8;0;;0;1;0;8061;1106;;;;1131;;2604;57;;;;47;;15512;417;1;;1;124;20;1;;1;;0;;0;;0;;0;0
PSY2;2021;290004324;CHRU BREST SITE HOPITAL CAVALE BLANCHE;290000017;;;;;;;;;;;;;;;;;;;;;;;;;;;;;;;;;;;1;2;0;;0;;0;;0;;0;0
PSY2;2021;290004340;CHRU BREST SITE HOPITAL BOHARS;290000017;1202;51;9;;25;317;36;52;9;;33;368;39;;;;;;;;;;;;;;;;;;;;;;1;;1;;1;;0;;0;;0;0
PSY2;2021;2A0000287;CENTRE HOSPITALIER DE CASTELLUCCIO;2A0000386;1123;51;3;1;22;83;119;69;3;1;23;161;162;34408;2462;455;3;217;4087;3704;;;;;;;;;;;;;;;1;0.3;0;;;;1;40.3;0;;0;0
PSY2;2021;2B0000012;CENTRE HOSPITALIER DE BASTIA;2B0000020;3033;0;0;0;33;0;0;0;0;0;48;0;0;9786;0;0;0;3884;0;0;2000;0;0;0;0;0;0;39074;0;0;0;0;0;0;1;1;0;;0;;0;;0;;0;0
PSY2;2021;2B0003016;CLINIQUE DU CAP;2B0003990;258;;;;;;;;;;;;;17513;;;;;;;;;;;;;;;;;;;;;0;;0;;0;;0;;0;;0;0
PSY2;2021;2B0003917;CENTRE JOUR VILLA SAN ORNELLO;2B0003891;429;;;;;;;;;;;;;;;;;;;;12573;;;;;;;;;;;;;;0;;0;;0;;0;;0;;0;0
PSY2;2021;2B0004113;CLINIQUE SAN ORNELLO;2B0000467;326;48;3;;45;68;28;53;7;;61;68;29;21543;3553;822;;4165;4916;2082;;;;;;;;;;;;;;;0;;0;;0;;0;;0;;0;0
PSY2;2021;300000023;CH ALES CEVENNES;300780046;4203;78;6;1;0;147;12;63;6;1;0;135;8;12654;2078;0;14;0;3395;99;5096;123;0;0;0;202;0;41499;381;12;0;0;661;12;1;1;0;;0;;0;0;0;0;0;0
PSY2;2021;300000080;HOSPIT COMPLETE CH LE MAS CAREIRON;300780103;7966;92;10;;45;293;129;106;11;;60;390;144;32397;2900;1961;;1070;9487;3020;12984;203;6;;;722;93;87924;1012;27;;;2730;602;0;;1;36.34;0;;0;;0;;0;0
PSY2;2021;300000387;AEMC;300000387;195;;;;;;;;;;;;;5130;;;;;;;3976;;;;;;;3814;;;;;;;0;;0;;0;;0;;0;;0;0
PSY2;2021;300000759;CIGALIERES;300000759;197;0;0;0;0;0;0;0;0;0;0;0;0;0;0;0;0;0;0;0;686;0;0;0;0;0;0;5767;0;0;0;0;0;0;0;;0;;0;;0;;0;;0;0
PSY2;2021;300780210;CL BELLE RIVE;300000148;1359;;;;;;;;;;;;;42637;;;;;;;8219;;;;;;;;;;;;;;0;;0;;0;;0;;0;;0;0
PSY2;2021;300780244;CL DU PONT DU GARD;920030269;462;;;;;;;;;;;;;23517;;;;;;;;;;;;;;;;;;;;;0;;0;;0;;0;;0;;0;0
PSY2;2021;300780251;CL NEURO PSYCHIATRIQUE QUISSAC;300000189;891;;;;;;;;;;;;;62876;;;;;;;;;;;;;;;;;;;;;0;;0;;0;;0;;0;;0;0
PSY2;2021;300780269;CL LES SOPHORAS;300000197;880;;;;;;;;;;;;;31445;;;;;;;3691;;;;;;;;;;;;;;0;;0;;0;;0;;0;;0;0
PSY2;2021;300780384;CENTRE PROTECTION INFANTILE MONTAURY;750721334;231;;;;;;;;;;;;;642;;;;;;;1189;;;;;;;4178;;;;;;;0;;0;;0;;0;;0;;0;0
PSY2;2021;300781424;CL LA CAMARGUE MONT DUPLAN;300000692;490;0;0;0;0;0;0;0;0;0;0;0;0;20123;0;0;0;0;0;0;4430;0;0;0;0;0;0;;0;0;0;0;0;0;0;0;0;0;0;0;0;;0;;0;0
PSY2;2021;300782117;CHU NIMES CAREMEAU;300780038;6911;109;;;;272;26;;;;;;;8985;3168;;;;4406;315;5577;60;;;;90;0;57458;916;;;;1078;106;1;16.38;1;22.5;1;31.84;1;34;0;;0;0
PSY2;2021;310000369;CH GERARD MARCHANT;310780754;12546;304;61;4;;464;66;213;8;4;12;307;53;52774;19020;9514;74;;23102;3749;23040;362;425;;;115;;204735;2822;1134;1;;3878;216;0;;0;;0;;0;;1;37.74;1;0
PSY2;2021;310018650;SECTORISATION PSY NEBOUZAN ASEI;310781562;70;;;;;;;;;;;;;;;;;;;;;;;;;;;1621;;;;;;;;;;;1;2.08;0;;0;;0;0
PSY2;2021;310780119;CL DE MONTBERON;310000047;656;;;;;;;;;;;;;39980;;;;;;;1518;;;;;;;;;;;;;;0;;0;;0;;0;;0;;0;0
PSY2;2021;310780143;CL DU CHATEAU DE SEYSSES;920030269;1135;;;;;;;;;;;;;46497;;;;;;;4937;;;;;;;;;;;;;;0;;1;11.5;0;;0;;0;;0;0
PSY2;2021;310780358;MAISON DE SANTE DE MAILHOL;310000146;803;;;;;;;;;;;;;34309;;;;;;;1303;;;;;;;0;;;;;;;0;;0;;0;;0;;0;;0;0
PSY2;2021;310780390;CL DE BEAUPUY;310000187;695;;;;;417;;;;;;417;;52528;;;;;7642;;;;;;;;;;;;;;;;0;;0;;0;;0;;0;;0;0
PSY2;2021;310781000;CL DES CEDRES;310788880;1595;;;;;;;;;;;;;41475;;;;;;;8202;;;;;;;;;;;;;;0;;0;;0;;0;;0;;0;0
PSY2;2021;310781133;CLINIQUE D'AUFRERY;310000427;1365;;;;;;;;;;;;;48471;;;;;;;5645;;;;;;;;;;;;;;0;;1;1;0;;0;;0;;0;0
PSY2;2021;310781141;CL DU VIEUX CHATEAU D'OC;310000435;1740;;;;;;;;;;;;;51967;;;;;;;4303;;;;;;;;;;;;;;0;;0;;0;;0;;0;;0;0
PSY2;2021;310781158;CL MARIGNY;920031762;1114;;;;;;;;;;;;;47036;;;;;;;3917;;;;;;;;;;;;;;0;;0;;0;;0;;0;;0;0
PSY2;2021;310781430;CENTRE POSTCURE ROUTE NOUVELLE;310788906;90;;;;;;;;;;;;;;;;;;;;10425;;;;;;;;;;;;;;0;;0;;0;;0;;0;;0;0
PSY2;2021;310782446;ARSEAA;310782446;3684;;;;;;;;;;;;;;;;;;;;8905;;;;;;;51984;;;;;;;0;;0;;1;28;0;;0;;0;0
PSY2;2021;310783063;HOPITAL LA GRAVE CHU TLSE;310781406;5320;17;5;;;114;13;20;6;;;129;15;21642;1274;611;;;5713;1079;9053;;;;;4;;77040;40;105;;;277;27;0;;1;7;1;10.1;0;;0;;0;0
PSY2;2021;310783097;CENTRE DE SANTE MENTALE MGEN TOULOUSE;750005068;200;;;;;;;;;;;;;0;;;;;;;9525;;;;;;;;;;;;;;0;;0;;0;;0;0;0;0;0;0
PSY2;2021;310795463;CENTRE DE POST CURE APRES;310785068;73;;;;;;;;;;;;;5237;;;;;;;4163;;;;;;;;;;;;;;0;;0;;0;;0;;0;;0;0
PSY2;2021;320000094;CH GERS;320780125;5150;46;1;0;0;112;137;45;1;0;0;142;112;44743;2179;365;0;0;8797;4229;5477;32;0;0;0;70;3;50971;716;0;0;0;623;729;1;0.6;1;30;1;21.1;0;;0;;0;0
PSY2;2021;320780109;CL PSY D'EMBATS;320000078;476;;;;;;;;;;;;;20944;;;;;;;5029;;;;;;;;;;;;;;0;;0;;0;;0;;0;;0;
PSY2;2021;330000431;MONTALIER;330000431;146;;;;;;;;;;;;;21307;;;;;;;1659;;;;;;;;;;;;;;0;;0;;0;;0;;0;;0;0
PSY2;2021;330000639;CH CHARLES PERRENS;330781287;26396;365;14;12;2;783;90;420;14;12;2;860;93;103384;14540;1020;204;103;30198;3519;26579;305;110;0;0;343;12;106392;4057;131;3;0;1302;156;1;2.79;1;30.07;1;24.17;0;;1;19.03;0;0
PSY2;2021;330000647;C.H. DE CADILLAC;330781295;1642;277;32;1;77;432;94;283;32;1;84;452;100;67076;28681;6909;46;6333;23753;3625;14144;254;94;;8;466;128;151671;4700;358;;79;6310;1652;1;1.5;1;45;1;25.5;1;194.67;0;;1;0
PSY2;2021;330000779;SOCIETE D'HYGIENE MENTALE D'AQUITAINE;330000779;369;;;;;;;;;;;;;;;;;;;;9711;;;;;;;7597;;;;;;;0;;0;;0;;0;;0;;0;0
PSY2;2021;330058504;CENTRE DE PSYCHIATRIE AMBULATOIRE-CPAC;330059825;291;;;;;;;;;;;;;;;;;;;;4275;;;;;;;;;;;;;;0;;0;;0;;0;;0;;0;0
PSY2;2021;330780289;HOPITAL DE JOUR L'OISEAU LYRE;330790809;39;;;;;;;;;;;;;;;;;;;;4782;;;;;;;;;;;;;;0;;0;;0;;0;;0;;0;0
PSY2;2021;330780297;CLINIQUE ANOUSTE;330000175;468;;;;;;;;;;;;;13377;;;;;;;10619;;;;;;;;;;;;;;0;;0;;0;;0;;0;;0;0
PSY2;2021;330780313;MAISON DE SANTE LES PINS;330000191;588;;;;;;;;;;;;;29663;;;;;;;;;;;;;;;;;;;;;0;;0;;0;;0;;0;;0;0
PSY2;2021;330780321;CLINIQUE BETHANIE;330000209;1127;;;;;;;;;;;;;25079;;;;;;;8927;;;;;;;;;;;;;;0;;0;;1;5.78;0;;0;;0;0
PSY2;2021;330780636;CSMI RENOVATION - CMP BORDEAUX-NORD;330785072;1948;;;;;;;;;;;;;;;;;;;;;;;;;;;25164;;;;;;;0;;0;;1;;0;;0;;0;0
PSY2;2021;330780776;CLINIQUE LES HORIZONS;330056839;421;;;;;;;;;;;;;28748;;;;;;;;;;;;;;;;;;;;;0;;0;;0;;0;;0;;0;0
PSY2;2021;330781170;CENTRE READAPT PASTEUR - RENOVATION;330785072;96;;;;;;;;;;;;;11908;;;;;;;206;;;;;;;;;;;;;;0;;0;;0;;0;;0;;0;0
PSY2;2021;330781188;CTRE DE REHABILITATION PSYCHO-SOCIALE;330056540;279;;;;;;;;;;;;;3784;;;;;;;4255;;;;;;;;;;;;;;0;;0;;0;;0;;0;;0;0
PSY2;2021;330781303;HIA ROBERT PICQUE;750821092;1565;0;0;0;0;0;0;0;0;0;0;0;0;3736;0;0;0;0;0;0;0;0;0;0;0;0;0;4275;0;0;0;0;0;0;0;;0;;0;;0;;0;;0;0
PSY2;2021;330782350;CENTRE PSYCHOTHERAPIQUE LES PLATANES;330000480;94;;;;;;;;;;;;;7862;;;;;;;;;;;;;;;;;;;;;0;;0;;0;;0;;0;;0;0
PSY2;2021;330783614;HOPITAL DE JOUR DU PARC - RENOVATION;330785072;197;;;;;;;;;;;;;;;;;;;;9985;;;;;;;;;;;;;;0;;0;;1;;0;;0;;0;0
PSY2;2021;330783721;HOPITAL GARDEROSE;330781253;6242;67;0;1;2;242;54;27;0;1;1;132;28;35831;2763;0;0;0;6068;1022;;;;;;;;61952;877;0;2;12;3391;452;0;;0;;1;7.7;0;;0;;0;0
PSY2;2021;330783960;HOPITAL DE JOUR CENTRE SANTE MENT MGEN;750005068;544;;;;;;;;;;;;;;;;;;;;10839;;;;;;;2491;;;;;;;0;;0;;0;;0;;0;;0;0
PSY2;2021;330802752;CENTRE JEAN ABADIE - CHU;330781196;126;;;;;;;;;;;;;2897;;;;;;;;;;;;;;;;;;;;;0;;0;;1;;0;;0;;0;0
PSY2;2021;340000033;CH BEZIERS;340780055;3578;21;2;0;31;149;43;21;2;;31;149;43;2645;;;;;12;3;;;;;;;;15698;174;15;0;38;432;65;1;2.1;1;4.51;1;3.1;0;;0;;0;0
PSY2;2021;340000223;HOPITAL ST CLAIR HBT SETE;340011295;244;13;;;;55;14;7;;;;58;10;3453;471;;;;1466;269;2263;36;;;;20;0;;;;;;;;1;1;1;1.1;0;;0;;0;;0;0
PSY2;2021;340010149;CL ST CLEMENT;340010099;323;;;;;;;;;;;;;23728;;;;;;;5586;;;;;;;;;;;;;;0;;0;;0;;0;;0;;0;0
PSY2;2021;340016732;HJ PSY ADULTES SITE PERREAL;340780055;4785;60;7;2;32;281;84;115;28;3;35;338;115;18043;3281;753;119;236;9640;3553;16228;352;10;;;1119;304;32237;522;33;2;;922;135;1;0.6;1;4.51;1;3.1;;;;;;
PSY2;2021;340780121;CL LA PERGOLA;340000082;482;;;;;;;;;;;;;33213;;;;;;;10247;;;;;;;;;;;;;;0;;0;;0;;0;;0;;0;0
PSY2;2021;340780485;CHS LA COLOMBIERE CHU MONTPELLIER;340780477;18579;165;23;0;77;934;217;264;29;0;152;1815;483;29262;7417;1356;0;1284;28813;7767;38765;1143;549;0;256;3822;907;155702;4738;2488;0;128;20375;5583;1;0.2;0;;1;26.4;1;33;0;;0;0
PSY2;2021;340780758;CL RECH;340000355;1004;;;;;;;;;;;;;61372;;;;;;;4556;;;;;;;;;;;;;;0;;0;;0;;0;;;;0;
PSY2;2021;340780766;CLINIQUE LA LIRONDE;920030269;748;;;;;;;;;;;;;41292;;;;;;;;;;;;;;;;;;;;;0;;0;;1;17.56;0;;0;;0;0
PSY2;2021;340780782;CL STELLA;340000371;690;;;;;;;;;;;;;51176;;;;;;;;;;;;;;;;;;;;;0;;0;;0;;0;;0;;0;0
PSY2;2021;340780790;CL ST ANTOINE;340000389;322;;;;;;;;;;;;;19159;;;;;;;;;;;;;;;;;;;;;0;;1;72.25;0;;0;;0;;0;0
PSY2;2021;340780931;CL ST MARTIN VIGNOGOUL;340000454;301;;;;;;;;;;;;;31786;;;;;;;6265;;;;;;;;;;;;;;0;;0;;0;;0;;0;;0;0
PSY2;2021;340782036;HOPITAL ST ELOI CHU MONTPELLIER;340780477;3189;;;;;;;;;;;;;2690;;;;;;;10863;;;;;;;15299;;;;;;;1;0.05;0;;1;37.2;0;;0;;0;0
PSY2;2021;340787266;HJ PSY INFANTO JUVENILE HBT SETE;340011295;1073;;;;;;;;;;;;;0;;;;;;;2187;;;;;;;10239;;;;;;;1;0.3;0;;1;10;0;;0;;0;0
PSY2;2021;350000147;CENTRE HOSPITALIER SAINT-MALO;350000022;6410;10;1;0;0;85;39;5;1;0;2;68;36;23897;976;0;0;0;3632;1432;4686;0;0;0;0;17;14;65267;38;4;0;0;616;155;1;0.77;0;;1;15.92;0;;0;;0;1
PSY2;2021;350000162;CHIRC SITE REDON;350000048;2422;23;6;;;114;;6;6;;;52;15;5176;486;84;;;1925;;1078;36;134;;;135;;15040;483;58;;;755;;1;0.63;0;;0;;0;;0;;0;0
PSY2;2021;350000337;C.H. GUILLAUME REGNIER RENNES;350000246;26566;231;9;9;2;736;425;293;31;10;2;895;509;146506;15041;807;96;366;28666;14856;35458;705;329;;;730;474;309857;391;5;;;1327;625;1;;1;;1;;0;;1;24.35;1;1
PSY2;2021;350002119;CLINIQUE DU MOULIN;350000386;371;;;;;;;;;;;;;28435;;;;;;;5205;;;;;;;;;;;;;;0;;0;;0;;0;;0;;0;0
PSY2;2021;350002176;CLINIQUE DE L'ESPERANCE;350000402;599;;;;;;;;;;;;;25733;;;;;;;3352;;;;;;;;;;;;;;0;;0;;0;;;;;;;
PSY2;2021;350002234;CLINIQUE FSEF RENNES BEAULIEU;750720575;50;;;;;;;;;;;;;1692;;;;;;;983;;;;;;;;;;;;;;0;;0;;1;8.23;0;;0;;0;0
PSY2;2021;350002754;CENTRE RÉADAPTATION ESCALE THÉBAUDAIS;440042844;95;;;;;;;;;;;;;;;;;;;;10736;;;;;;;860;;;;;;;0;;0;;0;;0;;0;;0;0
PSY2;2021;350039574;HOPITAL DE JOUR LA MAISON BLEUE;350023495;65;;;;;;;;;;;;;1083;;;;;;;;;;;;;;;;;;;;;0;;0;;0;;0;;0;;0;0
PSY2;2021;350054680;POLYCLINQUE SAINT LAURENT;220020739;654;;;;;;;;;;;;;26142;;;;;;;1611;;;;;;;;;;;;;;0;;1;0.2;0;;0;;0;;0;0
PSY2;2021;360000137;CH CHATEAUROUX;360000053;5934;60;1;;6;355;78;15;1;;7;176;43;37535;1904;365;;56;6462;2321;2616;13;;;;27;7;74311;1166;;;31;3981;703;1;1;0;;0;;0;;0;;0;0
PSY2;2021;360000210;CLINIQUE DU HAUT-CLUZEAU;920031036;371;;;;;;;;;;;;;20804;;;;;;;3369;;;;;;;;;;;;;;0;;0;;0;;0;;0;;0;0
PSY2;2021;370000119;CLINIQUE VONTES;370013062;978;;;;;;;;;;;;;54750;;;;;;;;;;;;;;;;;;;;;0;;0;;0;;0;;0;;0;0
PSY2;2021;370000127;CLINIQUE RONSARD;370000259;713;;;;;;;;;;;;;30113;;;;;;;;;;;;;;;;;;;;;0;;1;0.6;0;;0;;0;;0;0
PSY2;2021;370000143;CLINIQUE DU VAL DE LOIRE;370000291;445;0;0;0;0;0;0;0;0;0;0;0;0;20153;0;0;0;0;0;0;2109;0;0;0;0;0;0;0;0;0;0;0;0;0;0;;0;;0;;0;;0;;0;0
PSY2;2021;370000499;CHRU CLOCHEVILLE - TOURS;370000481;1519;;;;;;;;;;;;;;;;;;;;;;;;;;;16304;;;;;;;;;;;;;0;;0;;0;0
PSY2;2021;370000531;CH DU CHINONAIS;370000606;2569;8;0;0;0;47;9;8;0;0;;47;9;14870;213;0;0;0;1568;523;16286;114;0;0;0;968;341;29345;150;0;0;0;411;25;0;;0;;1;16.53;0;;0;;0;0
PSY2;2021;370000580;CHIC CHÂTEAU-RENAULT HÔP DR J.DELANEAU;370000564;1251;18;;;;60;5;20;;;;67;5;13257;769;;;;2343;170;1164;32;;;;74;;8949;145;;;;145;3;0;;0;;0;;0;;0;;;0
PSY2;2021;370000861;CHRU BRETONNEAU - TOURS;370000481;1813;15;;;;88;16;12;;;;104;16;8486;595;;;;3553;325;10068;;;;;;;20851;3;;;;1;;;;;;;;;;;;;
PSY2;2021;370000879;CHIC - AMBOISE- HÔPITAL ROBERT DEBRÉ;370000564;1776;;1;;;3;;;1;;;3;;1818;;;;;;;2706;;52;;;52;;16586;;;;;;;0;;0;;0;;0;;0;;0;0
PSY2;2021;370000903;CH PAUL MARTINAIS - LOCHES;370000614;1209;2;0;0;0;17;21;2;0;0;0;17;21;0;0;0;0;0;0;0;2898;0;0;0;0;31;12;9332;2;0;0;0;128;149;1;1.8;0;;0;;0;;0;;0;0
PSY2;2021;370004467;CHRU TROUSSEAU - CHAMBRAY;370000481;1837;22;1;;2;176;30;12;1;;2;149;25;18504;1595;365;;6;10063;1872;7324;;;;;;;35183;51;;;;257;17;;;;;;;;;;;;
PSY2;2021;370005050;CENTRE PSY.UNIVERSITAIRE-CHRU TOURS;370000481;3538;16;;;;133;13;20;;;;164;13;11907;1397;;;;4818;227;;;;;;;;16875;;;;;2;;;;;;;;;;;;;
PSY2;2021;380000034;CH PIERRE OUDOT BOURGOIN JALLIEU;380780049;1709;;;;;;;;;;;;;2607;;;;;;;1288;;;;;;;18812;;;;;;;0;;0;;;;0;;0;;0;0
PSY2;2021;380000067;HOPITAL NORD - CHU38;380780080;3006;;;1;;16;6;;;1;;91;12;7281;;;;;1031;410;581;;;;;;;6677;;;1;;0;0;0;;0;;0;;0;;0;;0;0
PSY2;2021;380000133;CH ALPES ISERE;380780247;17770;311;9;12;8;661;247;246;12;9;7;587;223;58790;17272;908;204;118;24671;12361;26818;205;50;0;0;606;209;256008;6141;230;25;1;8941;3067;1;;1;35.68;1;50.41;0;;1;9.78;0;0
PSY2;2021;380024257;PSYPRO GRENOBLE;690048798;175;;;;;;;;;;;;;;;;;;;;2591;;;;;;;;;;;;;;0;;0;;0;;0;;0;;0;0
PSY2;2021;380780296;CLINIQUE DU DAUPHINE;380021550;1258;;;;;;;;;;;;;47622;;;;;;;;;;;;;;;;;;;;;0;;1;22;0;;0;;0;;0;0
PSY2;2021;380780312;CLINIQUE FSEF GRENOBLE LA TRONCHE;750720575;363;;;;;;;;;;;;;24175;;;;;;;4879;;;;;;;358;;;;;;;0;;0;;1;;;;0;;0;0
PSY2;2021;380784462;ETAB. DE SANTE MENTALE DE GRENOBLE;750005068;234;;;;;;;;;;;;;255;;;;;;;5644;;;;;;;849;;;;;;;0;;0;;0;;0;;0;;0;0
PSY2;2021;380794297;FONDATION GEORGES BOISSEL;380794297;7204;78;5;1;;265;127;26;5;1;;215;114;35172;3779;896;15;;5723;2861;8968;165;;;;325;16;74682;1231;49;;;1225;340;0;;1;2.1;1;1.83;0;;0;;0;0
PSY2;2021;380795773;CTRE SOCIAL LUTTE CONTRE L'ISOLEMENT;380795765;240;;;;;;;;;;;;;;;;;;;;101;;;;;;;4062;;;;;;;0;;0;;0;;0;;0;;0;0
PSY2;2021;390000164;CHS SAINT YLIE JURA;390780476;8465;29;6;4;0;244;195;29;4;7;0;269;217;57098;3215;704;372;0;16002;7750;17510;57;24;0;0;228;99;85879;300;210;50;12;1050;550;1;1.8;1;66.43;1;59.7;0;;0;;0;0
PSY2;2021;390008019;CLINIQUE VAL JURA;710016387;138;;;;;;;;;;;;;2908;;;;;;;;;;;;;;;;;;;;;0;;0;;0;;0;;0;;0;0
PSY2;2021;400000105;CENTRE HOSPITALIER DAX;400780193;4922;7;2;;;36;13;;;;;;;4740;320;2;;;1717;451;5248;;;;;;;49655;;;;;;;1;10.43;1;6.53;1;11.7;0;;0;;0;0
PSY2;2021;400000113;CH MONT DE MARSAN - SITE DE STE ANNE;400011177;960;51;1;0;21;259;58;88;1;0;28;337;68;40510;4572;354;0;271;9852;1961;9422;63;0;0;0;348;69;83034;;;;;;;1;5;1;0.45;1;2.2;0;;0;;0;1
PSY2;2021;400014072;HOPITAL DE JOUR CMPA;400014064;257;;;;;;;;;;;;;;;;;;;;6690;;;;;;;;;;;;;;0;;0;;0;;0;;0;;0;0
PSY2;2021;400015533;CLINIQUE HEGALDIA SUD LANDES;400015491;84;;;;;;;;;;;;;;;;;;;;675;;;;;;;;;;;;;;0;;0;;0;;0;;0;;0;0
PSY2;2021;400780367;CLINIQUE FSEF AIRE-SUR-L'ADOUR;750720575;298;;;;;;;;;;;;;12829;;;;;;;2017;;;;;;;1829;;;;;;;0;;0;;1;110.24;0;;0;;0;0
PSY2;2021;400780375;CLINIQUE MAYLIS;400013801;672;;;;;;;;;;;;;21699;;;;;;;5631;;;;;;;;;;;;;;0;;0;;0;;0;;0;;0;0
PSY2;2021;410000020;CH BLOIS SIMONE VEIL;410000087;3643;22;2;3;296;104;16;22;2;3;296;116;17;8808;2234;163;32;;5142;567;2116;54;;;;114;1;36000;190;8;6;1174;779;137;1;0.8;0;;1;8.29;0;;0;;0;0
PSY2;2021;410000046;CH ROMORANTIN-LANTHENAY;410000103;2138;4;;11;;35;7;1;;2;;31;3;12566;345;;73;;860;126;3560;;;;;;;19321;;;;155;79;31;0;;0;;0;;0;;0;;0;0
PSY2;2021;410000277;CLINIQUE DE COUR CHEVERNY;410000467;420;;;;;;;;;;;;;37293;;;;;;;7398;;;;;;;;;;;;;;0;;0;;0;;0;;0;;;0
PSY2;2021;410000293;CLINIQUE DE CHAILLES;410000491;220;;;;;;;;;;;;;37503;;;;;;;7760;;;;;;;;;;;;;;0;;0;;0;;0;;0;;0;0
PSY2;2021;410000475;CLINIQUE MEDICALE DU CENTRE DE SAUMERY;410000475;255;;;;;;;;;;;;;20379;;;;;;;4949;;;;;;;;;;;;;;0;;0;;1;;0;;0;;0;0
PSY2;2021;410003768;SERVICE PSYCHIATRIE-ANNEXE-CH VENDOME;410000095;160;7;;;;28;5;10;;;;33;5;3862;564;;;;2164;90;4326;32;;;;250;;4664;16;5;2;;20;7;1;3.1;0;;0;;0;;0;;0;0
PSY2;2021;420000010;CH DE ROANNE;420780033;5273;25;;;6;124;16;523;;;38;882;197;7671;1428;;;54;3327;505;7219;590;;;;1268;;49932;;;;;0;;1;0.6;1;2.63;1;3.75;0;;0;;0;0
PSY2;2021;420000226;CH DU FOREZ SITE DE MONTBRISON;420013831;3902;33;0;0;0;85;18;23;0;0;0;94;7;8483;897;;;;1458;;5356;;;;;;;38139;358;;;;155;75;0;;0;;0;;0;0;0;0;0;0
PSY2;2021;420781767;CLINIQUE DES MONTS DU FOREZ;420000523;495;;;;;;;;;;;;;23240;;;;;;;;;;;;;;;;;;;;;0;;1;2;0;;0;;0;;0;0
PSY2;2021;420782559;HOPITAL DE BELLEVUE - CHU42;420784878;2312;8;;;;37;4;;;;;;;12633;978;;;;1098;230;6272;41;;;;;;29480;1;;;;122;;0;;0;;1;13.56;0;;0;;0;0
PSY2;2021;420782567;HOPITAL DE LA CHARITE - CHU42;420784878;2318;23;;;;15;1;;;;;;;;;;;;;;1918;73;;;;53;0;18107;214;;;;82;13;0;;1;5.15;0;;0;;0;;0;0
PSY2;2021;420783102;CENTRE DE POST-CURE LA MUSARDIÈRE;420000929;232;;;;;;;;;;;;;12051;;;;;;;;;;;;;;;;;;;;;0;;0;;0;;0;;0;;0;0
PSY2;2021;420785354;HOPITAL NORD - CHU42;420784878;8677;67;7;3;337;310;22;;;;;;;31772;3361;275;13;116;10265;508;7781;175;;;;;;55350;8;3;;1579;29;;1;7;0;;0;;0;;0;;0;0
PSY2;2021;420788440;CLINIQUE DE SAINT VICTOR;420001794;929;;;;;;;;;;;;;34485;;;;;;;3722;;;;;;;;;;;;;;0;;0;;0;;0;;0;;0;0
PSY2;2021;420790081;KORIAN LE CLOS MONTAIGNE;750056335;525;;;;;;;;;;;;;25288;;;;;;;;;;;;;;;;;;;;;0;;0;;0;;0;;0;;0;0
PSY2;2021;430000026;CHS SAINTE MARIE LE PUY;630786754;7497;38;7;;4;228;55;42;9;;3;243;54;39182;2710;607;;8;12654;3005;14588;251;86;;;648;136;81905;550;155;;6;1889;322;1;0.82;1;73.8;1;87.79;0;;0;;0;0
PSY2;2021;440000180;CHS BLAIN;440000263;7803;49;5;;3;306;88;47;5;;3;331;89;50371;2606;438;;19;9669;2782;9608;161;147;;;753;30;77008;767;83;;;2524;524;0;;1;;1;;0;;0;;0;0
PSY2;2021;440000800;CLINIQUE DU PARC;440001246;540;;;;;;;;;;;;;19798;;;;;;;3631;;;;;;;;;;;;;;0;;0;;0;;0;;0;;0;0
PSY2;2021;440001972;CH GEORGES DAUMEZON;440003309;8345;39;9;8;4;293;68;767;231;36;7;3631;514;29728;1624;599;79;43;7693;1122;12003;231;49;2;0;617;118;76461;634;157;28;1;3058;394;0;;1;15;1;18;0;;0;;0;0
PSY2;2021;440003390;CLINIQUE LA BRIERE;440001998;868;;;;;;;;;;;;;21556;;;;;;;4447;;;;;;;;;;;;;;0;;0;;0;;0;;0;;0;0
PSY2;2021;440007482;PSY'ACTIV;440007482;237;;;;;;;;;;;;;17482;;;;;;;2984;;;;;;;705;;;;;;;0;;0;;0;;0;;0;;0;0
PSY2;2021;440007607;CH ST NAZAIRE - HEINLEX;440000057;6997;40;1;6;;276;100;38;;5;;401;94;27397;991;;61;;7662;2423;8960;147;;19;;1677;348;66971;724;1;51;;2044;539;1;2;1;0.4;1;26.76;0;;0;;0;0
PSY2;2021;440018729;LES APSYADES;440018729;1894;;;;;;;;;;;;;5035;;;;;;;1899;;;;;;;30914;;;;;;;0;;0;;1;2.73;0;;0;;0;0
PSY2;2021;440021392;HOP PSY STJACQUES CHU NANTES;440000289;20429;139;0;0;0;489;244;1702;0;0;0;2863;3025;61739;4992;0;0;0;8924;5116;16471;244;0;0;0;262;63;117098;1100;0;0;0;2014;635;1;48.79;1;13.54;1;25.1;0;;1;28.85;0;1
PSY2;2021;450000062;CH AGGLOMERATION MONTARGOISE;450000104;3106;18;5;;;67;31;24;7;;;134;63;9794;149;405;;;1739;694;3387;64;;;;30;;32582;84;14;;;203;13;1;;0;;0;;0;;0;;0;0
PSY2;2021;450000252;CLINIQUE BELLE ALLEE;450000559;559;;;;;;;;;;;;;30022;;;;;;;;;;;;;;;;;;;;;0;;0;;0;;0;;0;;0;0
PSY2;2021;450000930;EPSM DU LOIRET G. DAUMEZON;450002423;17424;172;11;;120;347;166;201;14;;153;413;190;53826;5926;902;;3225;9200;2427;13647;136;201;;2;150;104;135103;2247;102;;44;1095;527;1;2.13;1;35;1;37.12;0;;1;20.22;1;1
PSY2;2021;450011507;AIDAPHI;450011507;46;0;0;0;0;0;0;0;0;0;0;0;0;0;0;0;0;0;0;0;3834;0;0;0;0;0;0;0;0;0;0;0;0;0;0;0;0;;0;;0;;0;;0;0
PSY2;2021;450018924;CLINIQUE DU PONT DE GIEN;450015409;290;;;;;;;;;;;;;27248;;;;;;;;;;;;;;;;;;;;;0;;0;;0;;0;;0;;0;0
PSY2;2021;460785090;INSTITUT CAMILLE MIRET;460785090;7092;39;2;2;0;123;212;40;2;3;0;126;240;24325;3123;716;21;0;3732;9432;9642;44;0;4;0;203;517;64796;507;0;1;0;570;1960;1;0.46;1;76.38;1;33.68;0;;0;;0;0
PSY2;2021;470000563;CH DEPARTEMENTAL DE LA CANDELIE;470000381;11919;200;2;2;35;183;251;195;7;3;37;187;256;49905;11515;0;4;235;7837;6188;16165;574;51;15;0;441;365;117631;3352;28;33;189;949;1377;1;0.3;1;37.81;1;64.51;0;;0;;0;0
PSY2;2021;480000058;CHS FRANCOIS TOSQUELLES;480780147;3830;15;0;0;5;53;29;15;0;0;8;57;32;19917;1065;0;0;31;2388;469;5777;11;0;0;0;145;33;46780;220;0;0;0;720;197;1;0.85;1;40.28;1;20.85;0;;0;;0;0
PSY2;2021;490000106;CESAME CHS STE GEMMES SUR LOIRE;490000163;15238;123;12;2;35;337;293;134;7;2;51;398;347;70549;5327;931;60;289;11809;8919;6087;114;90;0;0;111;106;166720;1971;147;3;1;285;322;;;;;;;0;;0;;0;0
PSY2;2021;490000247;CLINIQUE SAINT-DIDIER;490000130;292;;;;;;;;;;;;;11631;;;;;;;;;;;;;;;;;;;;;0;;0;;0;;0;;0;;0;0
PSY2;2021;490000635;CH DE CHOLET;490000676;6165;10;;;2;165;11;13;;;2;294;11;15575;1464;;;;6282;;5025;;;;;984;;57514;6;;;2;107;11;1;0.98;1;11.23;1;1.59;0;;0;;0;0
PSY2;2021;490001765;CH DE SAUMUR;490528452;2511;35;;;;37;;35;;;;29;;4380;947;;;;549;;1951;83;;;;44;;15083;203;;;;75;;1;0.49;1;1.1;1;3.46;0;;0;;0;0
PSY2;2021;490002979;INSTITUT PSYCHOTHERAPIQUE;490535705;183;;;;;;;;;;;;;20046;;;;;;;;;;;;;;;;;;;;;0;;0;;0;;0;;0;;0;0
PSY2;2021;500000575;CENTRE HOSPITALIER DE L'ESTRAN;500000245;7092;16;;;;62;53;16;;;;63;54;19323;1528;;;;1526;2038;18978;164;;;;316;366;61958;206;;;;454;435;1;;1;;1;5.1;0;;0;;0;0
PSY2;2021;500010384;FONDATION BON SAUVEUR DE LA MANCHE;500010384;16991;91;29;12;10;239;119;121;39;12;12;370;127;93228;3756;1260;0;136;5647;2101;20942;144;152;0;0;257;174;157011;1341;271;12;0;466;328;1;1.09;0;;1;15.91;0;;0;;0;0
PSY2;2021;510000219;ETABT PUBLIC DE SANTE MENTALE MARNE;510000052;16864;216;20;2;10;392;104;226;20;2;13;435;113;61183;21108;2718;25;275;21285;3792;13413;514;;;;286;213;236498;2602;171;;;1623;385;1;0.79;1;21.54;1;12.77;1;88.07;1;10.34;0;0
PSY2;2021;510000284;MAISON DE SANTE;920035599;497;;;;;;;;;;;;;13969;;;;;;;;;;;;;;;;;;;;;0;;0;;0;;0;;0;;0;0
PSY2;2021;510000813;CENTRE DE POST-CURE L'AMITIÉ;510000854;47;;;;;;;;;;;;;9473;;;;;;;;;;;;;;;;;;;;;0;;0;;0;;0;;0;;0;0
PSY2;2021;510002447;HOPITAL ROBERT DEBRE CHU REIMS;510000029;3719;;;;;;;;;;;;;4150;;;;;;;1618;;;;;;;37857;;;;;;;0;;0;;1;42;0;;0;;0;0
PSY2;2021;510025471;CLINIQUE FSEF VITRY-LE-FRANCOIS;750720575;72;;;;;;;;;;;;;9004;;;;;;;23;;;;;;;;;;;;;;0;;0;;1;38.47;0;;0;;0;0
PSY2;2021;520000076;CH DE LA HAUTE MARNE-HOP ANDRE BRETON;520780081;5323;41;5;1;3;162;174;34;5;2;4;126;145;33403;1702;396;28;15;4532;3912;7582;244;81;65;;167;97;66354;571;69;64;;1385;1392;1;;0;;1;86.61;0;;0;;0;0
PSY2;2021;530000017;CH HAUT ANJOU SITE CHATEAU GONTIER;530000025;161;7;;;;43;8;9;;;;57;13;4609;702;;;;1888;243;2272;1022;;;;1053;138;6570;379;;;;1011;222;1;;0;;0;;0;;0;;0;0
PSY2;2021;530000124;CLINIQUE NOTRE DAME DE PRITZ;530000249;421;;;;;;;;;;;;;22238;;;;;;;;;;;;;;;;;;;;;0;;0;;0;;0;;0;;0;0
PSY2;2021;530000173;CH DU NORD MAYENNE;530000074;2853;23;0;0;0;49;22;23;0;0;0;49;22;22586;2330;0;0;0;1418;1104;7748;479;0;0;0;271;315;24462;1101;0;0;0;798;760;1;0.72;0;;0;;0;;0;;0;0
PSY2;2021;530000264;CENTRE HOSPITALIER DE LAVAL;530000371;6249;21;1;0;0;109;21;13;1;0;0;102;38;18159;855;27;0;0;2399;497;7335;0;0;0;0;0;0;55406;85;0;0;0;246;14;1;0.77;0;;0;;0;;0;;0;0
PSY2;2021;540001070;CH DE BRIEY - HOPITAL MAILLOT;540000767;263;;;;;;;;;;;;;5626;;;;;;;;;;;;;;;;;;;;;1;1;0;;0;;0;;0;;0;0
PSY2;2021;540001096;CH DE MT ST MARTIN (GROUPE SOS SANTE);570010181;188;11;;;;37;14;11;;;;37;14;2877;257;;;;819;122;;;;;;;;;;;;;;;1;;0;;1;;0;;0;;0;0
PSY2;2021;540006830;CMP CATTP HJ ENF DU CH BRIEY A BRIEY;540000767;2562;;;;;;;;;;;;;;;;;;;;3248;;;;;;;28431;;;;;;;;;;;;;0;;0;;0;0
PSY2;2021;540014073;CHS CENTRE PSYCHOTHERAPIQUE DE NANCY;540000056;26721;190;11;1;137;594;343;131;6;1;156;446;329;69083;4760;827;0;4288;15358;9108;10485;62;0;0;0;387;166;225358;3018;186;12;255;7538;2179;1;5.28;1;44.89;1;92.4;0;;0;;1;0
PSY2;2021;550000186;CH VERDUN/ST MIHIEL-UNITE D'HOSP. ADOS;550006795;890;;;1;;2;;;;;;;;1995;;;;;;;3562;;;;;;;10429;;;8;;7;;1;0.3;0;;1;4.04;0;;0;;0;
PSY2;2021;550000251;CHS DE FAINS-VEEL;550000095;4524;26;1;1;12;186;33;26;1;1;12;186;33;24800;2212;160;15;64;9117;1548;7444;60;;;;1121;24;36294;244;;;;1379;160;1;0.2;1;0.8;1;;0;;0;;0;0
PSY2;2021;550003362;CH VERDUN/ST MIHIEL - HOP DESANDROUINS;550006795;2594;35;0;3;26;151;28;41;0;3;0;195;28;8891;2211;;102;;3603;429;1084;50;;;;925;14;25657;378;0;63;148;1679;405;1;2;1;3;1;1;0;;0;;0;0
PSY2;2021;560000242;CPCR BILLIERS;560022246;134;;;;;;;;;;;;;23240;;;;;;;;;;;;;;;;;;;;;0;;0;;0;;0;;0;;0;0
PSY2;2021;560000382;ETABLISSEMENT PUBLIC DE SANTE MENTALE;560002032;15555;85;14;1;3;528;206;58;8;1;3;475;189;56472;5839;2049;14;39;37659;7620;16786;382;226;;;1579;423;132182;1129;247;;;4593;1428;1;1;1;81.46;1;39.43;0;;0;;0;0
PSY2;2021;560000697;EPSM JEAN-MARTIN CHARCOT;560002677;10119;55;8;1;20;274;105;56;8;1;21;293;110;46116;2536;1620;10;120;9520;2989;13460;101;11;;;382;131;94182;379;134;;;2527;490;1;0.63;1;28.45;1;12.15;0;;0;;0;0
PSY2;2021;560002081;CLINIQUE DU GOLFE;560000416;688;;;;;;;;;;;;;26288;;;;;;;2239;;;;;;;;;;;;;;0;;0;;0;;0;;0;;0;0
PSY2;2021;560002123;CLINIQUE SAINT VINCENT;920030269;774;;;;;;;;;;;;;27632;;;;;;;1299;;;;;;;;;;;;;;0;;0;;0;;0;;0;;0;0
PSY2;2021;560002685;ETABLISSEMENT SPECIALISE KER JOIE;750043713;542;;;;;;;;;;;;;13841;;;;;;;1300;;;;;;;1478;;;;;;;0;;0;;0;;0;;0;;0;0
PSY2;2021;560004277;CENTRE DE KERVILLARD;750721029;56;;;;;;;;;;;;;2029;;;;;;;3030;;;;;;;;;;;;;;0;;0;;0;;0;;0;;0;0
PSY2;2021;560006991;HOP DE JOUR CMP ENFANTS ADO PONTIVY;220017974;5017;4;;;;7;4;4;;;;7;4;5898;;;;;45;67;3290;;;;;;;43281;14;;;;19;9;1;0.5;0;;1;3.83;0;;0;;0;0
PSY2;2021;570000281;HOPITAL D'HAYANGE - CHR;570005165;193;1;;;;145;33;1;;;;264;50;7107;7;;;;6662;1246;;;;;;;;;;;;;;;0;;0;;0;;0;;0;;0;0
PSY2;2021;570000349;HOPITAL BEL AIR DE THIONVILLE - CHR;570005165;297;1;;;;21;4;1;;;;22;4;1180;1;;;;101;12;;;;;;;;;;;;;;;1;1.01;0;;0;;0;;0;;0;0
PSY2;2021;570000596;HIA LEGOUEST;750821092;232;;;;;;;;;;;;;4369;;;;;;;786;;;;;;;3969;;;;;;;0;;0;;0;;0;;0;;0;0
PSY2;2021;570000885;CENTRE HOSPITALIER DE LORQUIN;570000133;8503;30;;;1;225;114;24;;;0;159;95;35453;2411;;;;6233;3155;14391;50;;;;25;108;69739;281;;;2;979;290;1;4.26;1;4.21;1;4.4;0;;1;18.63;0;0
PSY2;2021;570000893;CHS DE SARREGUEMINES;570000141;7937;271;35;;29;177;291;298;35;;40;295;366;33737;39824;6614;;2276;5168;6546;9276;214;21;;;127;68;63737;958;85;;53;675;955;1;0.62;0;;0;;1;;0;;0;0
PSY2;2021;570001016;CHS DE JURY;570000513;1855;93;14;;;341;499;77;4;;;335;224;28841;4324;1193;;;14850;10227;4913;;;;;;;130724;1223;35;;;4555;2321;1;6.04;1;9.06;1;39.04;0;;0;;0;0
PSY2;2021;570001057;HOPITAL BELLE-ISLE DE METZ - HPM;570023630;271;;;;;;;;;;;;;6669;;;;;;;;;;;;;;;;;;;;;;;;;;;0;;0;;0;0
PSY2;2021;570002287;MAISON DE SANTE STE MARGUERITE NOVEANT;570001230;763;;;;;;;;;;;;;28002;;;;;;;;;;;;;;;;;;;;;0;;0;;0;;0;;0;;0;0
PSY2;2021;570010181;ASSOCIATION GROUPE SOS SANTE;570010181;1825;0;;;;0;0;0;;;;0;0;0;0;;;;0;0;;;;;;;;22668;;;;;;;1;;0;;1;;0;;0;;0;0
PSY2;2021;570015750;HOPITAL DE JOUR ENFANTS DE YUTZ;570005165;3901;;;;;;;;;;;;;;;;;;;;823;;;;;;;51071;;;;;;;0;;0;;0;;0;;0;;0;0
PSY2;2021;570023309;CENTRE MATHILDE SALOMON DE PHALSBOURG;670014604;49;;;;;;;;;;;;;4802;;;;;;;552;;;;;;;;;;;;;;0;;0;;0;;0;;0;;0;0
PSY2;2021;570027441;CLINIQUE CENTRE DE SOINS DU GRAND EST;920030269;293;;;;;;;;;;;;;13081;;;;;;;2397;;;;;;;;;;;;;;0;;0;;0;;0;;0;;0;0
PSY2;2021;570027631;CNPA ST AVOLD;570029504;89;;;;;;;;;;;;;;;;;;;;1658;;;;;;;;;;;;;;0;;0;;0;;0;;0;;0;0
PSY2;2021;580780237;CLINIQUE DU CHATEAU DU TREMBLAY;580000099;513;;;1;;;;;;1;;;;33690;;;24;;;;;;;;;;;;;;;;;;0;;0;;1;16.17;0;;0;;0;0
PSY2;2021;580972636;CENTRE HOSPITALIER PIERRE LÔO;580780971;6776;49;2;;7;112;146;51;2;;9;117;156;35513;3074;653;;44;3786;5121;5940;264;30;;;599;607;59858;751;3;;;1445;1464;1;0.2;0;;0;;0;;0;;0;0
PSY2;2021;580972693;HOPITAL PIERRE BEREGOVOY;580780039;3324;;;;;;;;;;;;;;;;;;;;4773;;;;;;;18095;;;;;;;1;0.9;0;;1;19.1;0;;0;;;0
PSY2;2021;590000014;CH SOMAIN;590780052;2087;9;2;;;52;13;33;1;;;61;12;9012;782;1;;;1964;156;2905;;;;;;;14530;28;9;;;108;3;0;;0;;0;;0;;0;;0;0
PSY2;2021;590000105;CHR LILLE;590780193;10631;68;0;0;1;52;24;45;0;0;1;58;28;32397;1861;0;0;6;1422;417;9832;0;0;0;0;0;0;46264;176;0;0;0;7;0;1;4;1;49.5;1;12.5;0;;1;60.52;1;1
PSY2;2021;590000428;CH CAMBRAI;590781605;566;16;0;;;143;11;18;4;;;168;13;15499;2261;;;;8791;346;5122;;;;;257;;37334;;;;;64;;;;;;;;0;;0;;0;0
PSY2;2021;590000469;CH FOURMIES;590781662;188;12;;;;32;1;16;;;;38;1;4288;557;;;;528;12;606;;;;;24;;4510;96;;;;6;;0;;0;;0;;0;;0;;0;0
PSY2;2021;590000535;CH SAMBRE AVESNOIS MAUBEUGE;590781803;613;14;4;;7;123;8;22;4;;7;142;8;15197;1509;1289;;48;4175;154;1966;26;;;;13;;41055;;;;;;;1;4.22;0;;0;;0;;0;;0;0
PSY2;2021;590000592;CH DENAIN;590782165;277;11;2;;1;78;3;24;0;;1;75;1;6349;916;;;1;2234;18;6652;2;85;;;;;26875;147;168;;;258;2;1;0.2;;;1;5.04;0;;0;;0;0
PSY2;2021;590000600;CH SAINT- AMAND LES EAUX;590782207;2538;3;;;;43;7;4;;;;44;9;11004;71;;;;1914;99;2554;;;;;;;16572;;;;;;;0;;0;;0;;0;;0;;0;0
PSY2;2021;590000618;CH VALENCIENNES;590782215;9524;15;4;2;18;253;34;15;4;2;19;294;37;18891;1356;1341;550;120;8791;966;11401;730;364;;;;;99367;232;115;4;5;47;3;1;;0;;0;;0;;0;;0;0
PSY2;2021;590000782;EPSM LILLE METROPOLE;590782660;24103;138;7;3;28;641;295;90;1;1;16;406;248;46513;3563;491;6;83;8465;5391;18816;195;12;;;434;134;284526;1416;124;3;58;6525;1704;1;0.43;1;8.68;1;66.79;0;;0;;0;0
PSY2;2021;590000790;EPSM DES FLANDRES;590782678;15203;30;4;1;11;256;87;60;4;0;6;285;99;46304;3383;581;0;58;6345;1703;10573;204;85;0;0;132;140;147987;715;138;11;74;1821;432;1;;0;;1;10.76;0;;0;;0;0
PSY2;2021;590001004;CH DOUAI DECHY;590783239;7696;43;3;1;15;141;23;;;;;;;11945;911;11;22;48;2060;370;3992;61;;;;;;73310;334;1;;3717;140;2;1;1;0;;0;;0;;0;;0;0
PSY2;2021;590001418;EPSM AGGL LILLOISE ST-ANDRE;590034740;22731;177;;2;24;495;319;291;;2;28;596;425;60370;6622;;23;439;15306;8381;11452;357;;;0;163;154;240526;1607;;1;17;2440;707;0;;0;;1;42.13;0;;0;;0;0
PSY2;2021;590002317;CENTRE CHATEAU MAINTENON;590799912;29;;;;;;;;;;;;;;;;;;;;2063;;;;;;;;;;;;;;0;;0;;0;;0;;0;;0;0
PSY2;2021;590005245;S.A CLINIQUE DE L'ESCREBIEUX;590005245;702;;;;;;;;;;;;;33571;;;;;;;2416;;;;;;;;;;;;;;0;;1;14.7;0;;0;;0;;0;0
PSY2;2021;590016408;CLINIQUE LAUTREAMONT LOOS;590016358;420;;;;;;;;;;;;;15424;;;;;;;3134;;;;;;;;;;;;;;0;;0;;1;24;0;;0;;0;0
PSY2;2021;590044665;CLINIQUE FSEF VILLENEUVE D'ASCQ;750720575;66;;;;;;;;;;;;;5750;;;;;;;5152;;;;;;;;;;;;;;0;;0;;0;;0;;0;;0;0
PSY2;2021;590049060;CLINIQUE MARIE SAVOIE;920030269;107;;;;;;;;;;;;;15541;;;;;;;;;;;;;;;;;;;;;0;;0;;0;;0;;0;;0;0
PSY2;2021;590053955;SAS HPM NORD;590053955;797;;;;;;;;;;;;;38830;;;;;;;;;;;;;;;;;;;;;0;;0;;0;;;;;;;
PSY2;2021;590056479;CLINIQUE DE L'EPINOY;590062238;617;;;;;;;;;;;;;20733;;;;;;;1874;;;;;;;;;;;;;;0;;0;;1;;0;;0;;0;0
PSY2;2021;590785341;HOPITAL DE JOUR DE LA M.G.E.N.;750005068;530;;;;;;;;;;;;;;;;;;;;5725;;;;;;;4174;;;;;;;0;;0;;0;;;;;;;
PSY2;2021;590797353;HOPITAL SAINT VINCENT - SAINT ANTOINE;590051801;166;;;;;;;;;;;;;3715;;;;;;;992;;;;;;;16303;;;;;;;0;;0;;1;13.35;0;;0;;0;0
PSY2;2021;600000012;CTRE HOSPIT ISARIEN - EPSM DE L'OISE;600100028;18718;80;6;;38;498;278;79;6;;51;569;317;98678;13180;1326;;470;40289;17004;11889;516;71;;;743;131;228223;1381;71;;114;3050;1655;1;5.3;1;65.7;1;61.48;0;;0;;0;0
PSY2;2021;600009054;CLINIQUE EUGENIE;600000798;460;0;0;0;0;0;0;0;0;0;0;0;0;20260;0;0;0;0;0;0;0;0;0;0;0;0;0;0;0;0;0;0;0;0;0;;0;;0;;0;;0;;0;0
PSY2;2021;600107049;ASSOCIATION LA NOUVELLE FORGE;600107049;1626;;;;;;;;;;;;;1544;;;;;;;6712;;;;;;;9019;;;;;;;0;;0;;1;1.08;0;;0;;0;0
PSY2;2021;610000028;CENTRE PSYCHOTHERAPIQUE DE L'ORNE;610780025;709;5;0;1;16;67;92;6;0;1;21;70;101;28855;2387;0;17;90;5800;1422;6076;341;0;0;0;10;55;10294;29;0;2;23;255;;1;1;0;;1;29.7;0;;0;;0;0
PSY2;2021;610788325;CENTRE MAUBERT (61G03) - CH FLERS;610780165;240;8;;;;41;4;8;;;;48;4;10461;261;;;;1080;191;2170;0;;;;0;0;26136;219;;;;715;83;1;;1;0.2;1;;0;;0;;0;0
PSY2;2021;620000034;CH ARRAS;620100057;5964;14;;;15;152;10;1757;;;15;152;10;35678;2067;;;552;6260;1120;4141;258;;;;188;11;59209;1775;;;;1670;79;1;1;1;1.5;0;;;;;;;
PSY2;2021;620000059;CH BAPAUME;620100073;503;3;;;;;;3;;;;;;6936;;;;;;;;;;;;;;4591;3;;;;;;0;;0;;0;;0;;0;;0;0
PSY2;2021;620000240;CH HENIN BEAUMONT;620100677;5592;15;;;;128;73;17;;;;159;91;17679;1428;;;;5696;1609;5587;111;;;;172;101;47038;96;;;;240;255;;;;;;;0;;0;;0;0
PSY2;2021;620000281;EPSM VAL DE LYS ARTOIS;620101287;20857;52;10;2;52;613;258;22;10;1;14;339;180;44619;1066;2366;27;101;8418;3445;13372;261;37;0;0;262;115;211316;827;16;9;596;4876;1457;1;;0;;0;;0;;0;;0;0
PSY2;2021;620000323;CH CALAIS;620101337;616;9;;;1;118;8;7;;;1;118;8;9764;574;;;7;2954;96;6198;142;;;;61;;51327;844;;;24;1499;;1;4.17;0;;1;16.81;0;;0;;0;0
PSY2;2021;620000638;ASSOC REGIONALE ESPOIR ET VIE;620000638;75;;;;;;;;;;;;;8832;;;;;;;;;;;;;;10;;;;;;;0;;0;;0;;0;;0;;0;0
PSY2;2021;620000653;CH BOULOGNE-SUR-MER;620103440;3422;13;;;;96;;13;;;;96;;17723;1490;;;;4468;;1601;0;;;;0;;36546;562;;;;1018;;1;4;0;;0;;;;;;;
PSY2;2021;620001834;ASSO GROUPE AHNAC;620001834;238;6;;;;48;40;7;;;;56;42;15324;155;;;;1562;972;2993;;;;;35;;11162;;;;;260;243;0;;0;;0;;0;;0;;0;0
PSY2;2021;620002154;INSTITUT ALBERT CALMETTE A CAMIERS;620112607;41;;;;;;;;;;;;;9103;;;;;;;6964;;;;;;;27979;;;;;;;1;6.76;0;;1;23.8;0;;0;;0;0
PSY2;2021;620003202;CH ARRONDISSEMENT DE MONTREUIL;620103432;418;2;;;;5;;2;;;;1;;12770;412;;;;516;;;;;;;;;;;;;;;;0;;0;;0;;0;;0;;0;0
PSY2;2021;620003475;CTRE TRAITEMENT DEPENDANCES CH LENS;620100685;3588;12;3;;4;98;34;44;2;;4;115;39;22521;1233;364;;28;2693;753;6996;0;99;;;0;0;35400;24;59;;;8;1;1;0.6;0;;0;;0;;0;;0;0
PSY2;2021;620018143;CENTRE DE SOINS PSY ROGER MISES;620100057;625;;;;;;;;;;;;;2583;;;;;;;1043;;;;;;;4356;;;;;;;1;;0;;1;;0;;0;;0;0
PSY2;2021;620024349;SAS CLINIQUE DU VIRVAL;620024299;1342;;;;;;;;;;;;;27917;;;;;;;4902;;;;;;;;;;;;;;0;;0;;1;;0;;0;;0;0
PSY2;2021;620025387;CLINIQUE DU LITTORAL;620025361;1174;;;;;;;;;;;;;24288;;;;;;;4733;;;;;;;;;;;;;;0;;1;;1;;0;;0;;0;0
PSY2;2021;620030726;CLINIQUE LES OYATS;620030718;199;;;;;;;;;;;;;18677;;;;;;;;;;;;;;;;;;;;;0;;0;;0;;0;;0;;0;0
PSY2;2021;620100347;CLINIQUE PSYCHIATRIQUE -LE RYONVAL-;590039863;516;;;;;;;;;;;;;20404;;;;;;;2513;;;;;;;;;;;;;;0;;0;;0;;0;;0;;0;0
PSY2;2021;620105973;CTRE ANTOINE DE SAINT EXUPERY;590039863;35;;;;;;;;;;;;;10915;;;;;;;;;;;;;;;;;;;;;0;;0;;0;;0;;0;;0;0
PSY2;2021;630000412;CH D'AMBERT;630780997;354;1;0;0;0;1;0;1;0;0;0;1;0;0;0;0;0;0;0;0;339;13;0;0;0;0;0;2721;11;0;0;0;5;0;0;;0;;0;;0;0;0;0;0;0
PSY2;2021;630000446;CH DE THIERS;630781029;214;13;;;;51;8;10;;;;51;10;6467;364;;;;1013;140;1584;;;;;;;18173;;;;;;;1;;0;;0;;0;;0;;0;0
PSY2;2021;630780195;CHS SAINTE-MARIE CLERMONT-FERRAND;630786754;7943;118;9;3;76;287;158;78;5;3;49;272;154;65414;6806;1621;28;539;12942;8274;19042;68;33;0;2;84;1;100520;607;170;1;1582;388;98;0;;1;;1;;0;;0;;0;0
PSY2;2021;630780401;CLINIQUE PSYCHIATRIQUE DE L AUZON;630000172;627;;;;;;;;;;;;;34572;;;;;;;8890;;;;;;;;;;;;;;0;;0;;0;;;;0;;0;0
PSY2;2021;630781417;CLINIQUE PSYCHIATRIQUE LES QUEYRIAUX;630000578;528;;;;;;;;;;;;;23163;;;;;;;4380;;;;;;;;;;;;;;0;;0;;0;;0;;0;;0;0
PSY2;2021;630781771;CMP - CHU63;630780989;8477;1;;2;;193;26;1;;2;;273;16;47891;1;;42;;5911;934;9400;;;;;53;4;47059;;;;;1;;1;;1;6;1;1.1;0;;0;;0;0
PSY2;2021;630781821;CLINIQUE PSYCHIATRIQUE LE GRAND PRE;920030269;1286;;;;;;;;;;;;;56483;;;;;;;4812;;;;;;;;;;;;;;0;;1;12.64;0;;0;;0;;0;0
PSY2;2021;640000162;CH DE LA COTE BASQUE - BAYONNE;640780417;7313;57;;6;;336;82;39;;6;;222;82;22337;2854;;36;;10621;2705;5544;28;;0;;94;5;75875;606;;24;;3961;563;1;0.3;0;;1;6.77;0;;0;;0;0
PSY2;2021;640000436;CENTRE HOSPITALIER DES PYRENEES;640780862;13464;96;5;3;43;484;89;99;5;4;66;518;90;56881;6382;156;57;644;23984;3075;17500;491;422;1;0;714;323;166603;1878;520;12;0;8477;1128;1;0.76;1;69.48;1;85.42;1;29.19;0;;0;0
PSY2;2021;640018255;CLINIQUE CHATEAU CARADOC;640007019;2515;;;;;;;;;;;;;33148;;;;;;;21152;;;;;;;;;;;;;;0;;0;;1;1.5;0;;0;;0;0
PSY2;2021;640018818;CENTRE DE SOINS LA NOUVELLE AQUITAINE;920030269;1076;;;;;;;;;;;;;37372;;;;;;;4324;;;;;;;;;;;;;;0;;1;2.7;1;4.5;0;;0;;0;0
PSY2;2021;640780334;CLINIQUE D'AMADE;640017893;1025;;;;;;;;;;;;;21360;;;;;;;4162;;;;;;;;;;;;;;0;;1;2.5;0;;0;;0;;0;0
PSY2;2021;640780409;CLINIQUE MIRAMBEAU;640000154;1950;;;;;;;;;;;;;18552;;;;;;;6359;;;;;;;;;;;;;;0;;0;;0;;0;;0;;0;0
PSY2;2021;650000060;CH LANNEMEZAN;650780174;11252;58;2;2;9;369;398;42;5;2;13;280;364;47127;4901;0;48;33;10189;12756;14755;140;0;0;0;560;645;141123;1041;35;13;207;5063;5031;1;0.1;1;16.98;1;25.16;0;;0;;0;0
PSY2;2021;650780729;CL REPUBLIQUE;650000276;289;;;;;;;;;;;;;16173;;;;;;;1071;;;;;;;;;;;;;;;;0;;0;;0;;0;;0;0
PSY2;2021;650780737;CLINIQUE MALADIES MENTALES LE PIETAT;650000284;251;;;;;;;;;;;;;12239;;;;;;;;;;;;;;;;;;;;;0;;0;;0;;0;;0;;0;0
PSY2;2021;660000092;CHS LEON JEAN GREGORY;660780198;16472;165;9;0;15;402;310;170;9;0;15;428;328;43203;7065;870;0;199;13869;11152;12636;145;85;0;0;773;388;157957;1001;84;0;6;3689;1618;1;6.5;1;13.91;1;50.25;0;;1;23.6;0;0
PSY2;2021;660000142;SA CL DU PRE;660000142;938;;;;;8;;;;;;8;;41255;;;;;30;;;;;;;;;;;;;;;;0;;0;;0;;0;;0;;0;0
PSY2;2021;660780735;CL DU ROUSSILLON;920030269;803;;;;;;;;;;;;;51177;;;;;;;9074;;;;;;;;;;;;;;0;;1;;0;;0;;0;;0;0
PSY2;2021;670000025;HOPITAL CIVIL / NOUVEL HOPITAL CIVIL;670780055;11440;94;18;5;4;88;85;37;0;5;1;55;51;19617;1749;0;86;5;1392;1268;10027;0;0;0;0;0;0;52775;110;65;0;3;53;51;1;1;0;;1;28;0;;0;;0;0
PSY2;2021;670000058;EPSAN BRUMATH;670013366;17856;134;23;1;28;603;627;216;26;0;23;568;679;76089;6814;2304;;228;21678;17786;40171;33;71;;1;1;3;196750;636;6;28;991;869;507;1;2.2;1;116.64;1;6.02;0;;1;15.15;0;0
PSY2;2021;670000603;CENTRE HOSPITALIER D'ERSTEIN;670781152;9041;88;20;5;6;338;238;99;17;3;6;262;229;45533;5579;1257;0;58;7696;6239;12540;213;232;1;0;240;143;122037;1701;1285;36;9;2801;1747;1;1.13;1;45.18;1;38.11;0;;0;;0;0
PSY2;2021;670013754;UGECAM ALSACE;670013754;873;4;;;;42;10;4;;;;42;10;12034;305;;;;1479;197;3363;0;;;;161;198;9463;35;;;;126;20;0;;0;;0;;0;;0;;0;0
PSY2;2021;680000627;HOPITAL DU HASENRAIN;680020336;7429;48;0;0;7;118;44;13;;;8;57;23;15723;633;0;;51;2869;1408;7287;;;;;;;55788;585;0;;;19;12;1;;1;;1;;0;;0;;0;0
PSY2;2021;680000684;HOPITAL LOUIS PASTEUR;680000973;5126;10;;;;9;6;10;;;;9;6;13056;;;;;;;10318;106;;;;75;4;35275;87;;;;94;100;1;5;1;1.6;1;10.8;0;;0;;0;0
PSY2;2021;680000874;CENTRE HOSPITALIER DE ROUFFACH;680001179;14955;124;29;0;14;473;186;130;29;0;16;511;204;57584;7719;2099;0;88;18631;8370;12616;173;34;0;0;270;52;119206;1916;1060;0;39;1494;604;1;0.94;1;85.75;1;22.93;0;;0;;0;0
PSY2;2021;680001294;CLINIQUE KORIAN SOLISANA;680000890;392;0;0;0;0;0;0;0;0;0;0;0;0;14192;0;0;0;0;0;0;0;0;0;0;0;0;0;0;0;0;0;0;0;0;0;;0;;0;;0;;0;;0;0
PSY2;2021;690000088;CH LE VINATIER;690780101;27000;368;43;;231;1179;528;396;46;;277;1344;586;97301;23784;5934;;8656;36821;14411;22051;477;56;;41;1108;344;284882;3426;379;;;6189;1950;0;;1;159.12;1;33.94;1;138.37;1;35.7;1;0
PSY2;2021;690000096;CHS DE SAINT CYR AU MONT D'OR;690780119;10522;68;12;0;3;284;196;69;12;0;3;310;219;27369;3737;1563;0;24;13714;7989;8421;14;45;0;0;192;98;102772;303;101;0;0;899;465;1;1.43;1;5.72;1;27.4;0;;0;;0;0
PSY2;2021;690000310;CLINIQUE MON REPOS;690000310;1393;;;;;;;;;;;;;48201;;;;;;;9306;;;;;;;;;;;;;;0;;1;23.1;0;;0;;0;;0;0
PSY2;2021;690000336;MAISON DE SANTE DE VAUGNERAY;690780564;859;;;;;;;;;;;;;29031;;;;;;;2658;;;;;;;1146;;;;;;;0;;0;;0;;0;;0;;0;0
PSY2;2021;690002092;CLINIQUE NOTRE DAME;010783009;734;;;;;;;;;;;;;18465;;;;;;;2712;;;;;;;1520;;;;;;;0;;0;;0;;0;;0;;0;0
PSY2;2021;690007539;HOPITAL FEMME MERE ENFANT - HCL;690781810;;;;;;;;;;;;;;;;;;;;;;;;;;;;;;;;;;;0;;0;;1;;0;;0;;0;0
PSY2;2021;690022959;HOPITAL PRIVE NATECIA;690000732;56;;;;;;;;;;;;;321;;;;;;;1163;;;;;;;;;;;;;;0;;0;;0;;0;;0;;0;0
PSY2;2021;690036108;CLPA - INICEA;690036090;350;;;;;;;;;;;;;;;;;;;;11117;;;;;;;;;;;;;;0;;0;;0;;0;;0;;0;0
PSY2;2021;690041488;ADDIPSY;690041488;626;;;;;;;;;;;;;;;;;;;;11612;;;;;;;;;;;;;;0;;0;;0;;0;;0;;0;0
PSY2;2021;690041579;CTRE CALADOIS DE PSY AMBU - CCPA;690044052;207;;;;;;;;;;;;;;;;;;;;7835;;;;;;;;;;;;;;0;;0;;0;;0;;0;;0;0
PSY2;2021;690043393;C2RBP LYON METROPOLE;690043385;183;;;;;;;;;;;;;;;;;;;;2519;;;;;;;;;;;;;;0;;0;;0;;0;;0;;0;0
PSY2;2021;690044623;CENTRE PSYPRO LYON;690042593;489;;;;;;;;;;;;;;;;;;;;11862;;;;;;;;;;;;;;0;;0;;0;;0;;0;;0;0
PSY2;2021;690780093;HIA DESGENETTES;750821092;28;;;;;;;;;;;;;1555;;;;;;;2266;;;;;;;3812;;;;;;;0;;0;;0;;0;;0;;0;0
PSY2;2021;690780507;CLINIQUE MEDICALE DE CHAMPVERT;920031721;1559;;;;;;;;;;;;;65007;;;;;;;5196;;;;;;;;;;;;;;0;;1;;1;;0;;0;;0;0
PSY2;2021;690780515;CLINIQUE VILLA DES ROSES;690000294;686;;;;;;;;;;;;;20214;;;;;;;7685;;;;;;;;;;;;;;0;;0;;0;;0;;0;;0;0
PSY2;2021;690780523;CLINIQUE LA CHAVANNERIE;920031739;458;;;;;;;;;;;;;19566;;;;;;;4151;;;;;;;;;;;;;;0;;0;;0;;0;;0;;0;0
PSY2;2021;690780549;CLINIQUE LYON LUMIERE;920030269;3001;;;;;;;;;;;;;62717;;;;;;;2148;;;;;;;;;;;;;;0;;1;23.2;0;;0;;0;;0;0
PSY2;2021;690781745;CLINIQUE SAINT VINCENT DE PAUL LYON;690000542;1334;;;;;;;;;;;;;43001;;;;;;;6999;;;;;;;;;;;;;;0;;0;;0;;0;;0;;0;0
PSY2;2021;690782081;CTRE DE SANTÉ MENTALE HJ MGEN;750005068;332;;;;;;;;;;;;;;;;;;;;6246;;;;;;;;;;;;;;0;;0;;1;4.81;0;;0;;0;0
PSY2;2021;690782172;SANTE MENTALE ET COMMUNAUTES;690782172;877;;;;;;;;;;;;;9366;;;;;;;1991;;;;;;;6683;;;;;;;0;;0;;0;;0;;0;;0;0
PSY2;2021;690796727;FONDATION ARHM;690796727;13705;192;31;1;0;556;266;197;40;1;0;610;265;55744;14594;3434;15;0;24956;10909;11529;398;204;0;0;890;384;155168;1985;909;0;0;2627;1415;0;;1;107.3;1;61.3;0;;0;;0;0
PSY2;2021;700780075;CHS ST REMY ET NFC SITE SAINT REMY;700004096;7987;31;3;4;1;169;61;33;3;7;1;198;68;71893;1714;152;376;1;5527;2189;11053;2;;;;64;;88134;117;21;;;94;;1;0.48;1;52.88;1;44.31;0;;0;;0;0
PSY2;2021;710015587;CLINIQUE LE GOUZ;750060246;141;;;;;;;;;;;;;7788;;;;;;;335;;;;;;;;;;;;;;0;;0;;0;;0;;0;;0;0
PSY2;2021;710780818;CLINIQUE VAL DRACY;710000233;762;;;;;295;180;;;;;317;190;29876;;;;;6957;2947;4003;;;;;;;;;;;;;;0;;0;;0;;0;;0;;0;0
PSY2;2021;710978230;CENTRE HOSPITALIER SPECIALISE SEVREY;710781329;12099;14;11;26;5;245;203;14;12;29;6;254;213;58079;2980;2696;1882;80;14995;10966;17189;0;1;1;0;7;1;112675;64;148;607;82;2010;1184;1;2;1;1.81;1;10.93;0;;0;;0;0
PSY2;2021;710978289;CH LES CHANAUX MACON;710780263;442;32;3;;;83;21;32;2;;;84;22;9803;5851;655;;;9232;940;;;;;;;;1105;;;;;;;1;2;0;;0;;0;;0;;0;0
PSY2;2021;720000041;EPSM DE LA SARTHE;720000058;19802;100;28;2;24;392;282;105;29;2;27;416;321;59179;5848;2253;5;349;12694;10307;12331;261;126;0;0;977;611;181456;1596;782;19;104;3463;1851;1;;1;;1;;0;;0;;0;0
PSY2;2021;720017748;CENTRE MEDICO CHIRURGICAL DU MANS;720000561;414;;;;;;;;;;;;;16666;;;;;;;2730;;;;;;;;;;;;;;0;;0;;0;;0;;0;;0;0
PSY2;2021;720018100;CLINIQUE FSEF SABLE SUR SARTHE;750720575;224;;;;;;;;;;;;;20782;;;;;;;1469;;;;;;;;;;;;;;0;;0;;1;125.5;0;;0;;0;0
PSY2;2021;730000304;CHS DE LA SAVOIE;730780582;14799;30;15;3;24;376;285;48;20;3;40;471;380;38233;1414;1882;37;304;15218;10169;3627;24;17;1;;36;24;137856;155;169;7;14;1676;904;1;0.81;1;4.88;1;38.67;0;;0;;0;0
PSY2;2021;730007978;CLINIQUE MEDICALE LE SERMAY;730011731;742;;;;;;;;;;;;;32133;;;;;;;3896;;;;;;;;;;;;;;0;;0;;0;;0;;0;;0;0
PSY2;2021;740000583;EPSM 74 INTRA & ADMIN;740785035;8940;67;11;2;23;403;202;21;8;;24;256;158;31742;4012;1669;5;187;12629;5284;8485;84;8;;;59;82;96738;494;35;1;8;732;194;1;0;1;20.07;1;18.51;0;;0;;0;0
PSY2;2021;740013412;UNITE D'HOSPIT PSYCHIATRIQUE ADULTE;740781133;6908;37;8;;;212;57;57;9;;;280;96;15390;2167;602;;;7983;1949;4181;12;;;;92;37;55596;341;44;;;837;166;1;7;1;0.8;1;5.64;0;;0;;0;0
PSY2;2021;740780184;CLINIQUE PSYCHIATRIQUE PARASSY;920030269;472;;;;;;;;;;;;;19393;;;;;;;;;;;;;;;;;;;;;0;;0;;0;;0;;0;;0;0
PSY2;2021;740781026;CLINIQUE NOUVELLE DES VALLEES;740000211;1354;;;2;;;;;;3;;;;49318;;;90;;;;13225;;;;;;;;;;;;;;0;;1;19.44;1;45.54;0;;0;;0;0
PSY2;2021;740781034;CLINIQUE REGINA;920030905;817;;;;;;;;;;;;;24862;;;;;;;11968;;;;;;;;;;;;;;0;;0;;1;;0;;0;;0;0
PSY2;2021;750000499;CH SAINTE ANNE;750062036;58480;786;44;3;13;2386;1575;805;47;3;22;2622;1738;164143;43830;4323;122;667;76644;49844;34830;1968;197;64;;1999;1074;632346;10950;1214;26;30;14303;7096;0;;0;;1;47;0;;1;30.6;0;0
PSY2;2021;750006538;CMP CATTP ADULTE REPUBLIQUE;940016819;9888;89;2;0;0;216;243;61;2;0;0;230;273;11783;4528;84;0;0;3771;4167;2;0;0;0;0;91;83;235626;1326;0;0;0;423;467;0;;0;;0;;0;;0;;0;0
PSY2;2021;750007528;HOPITAL DE JOUR GRANGE BATELIERE;750804940;58;;;;;;;;;;;;;;;;;;;;11922;;;;;;;;;;;;;;0;;0;;1;27.7;0;;0;;0;0
PSY2;2021;750007668;HOPITAL DE JOUR LES AILES DEPLOYEES;750719270;592;;;;;;;;;;;;;;;;;;;;27578;;;;;;;;;;;;;;0;;1;10.24;1;8.74;0;;0;;0;0
PSY2;2021;750039448;CTRE ACCUEIL FAM THERAPEUTIQUE ENFANTS;750720914;6733;102;4;0;0;261;173;102;4;;;298;211;15843;1659;;;;2261;1242;19395;1477;7;;;753;366;91744;1504;67;0;0;991;291;0;;1;0.6;1;0.9;;;0;;0;0
PSY2;2021;750052037;FONDATION SAINT JEAN DE DIEU;750052037;11361;46;7;2;15;195;101;50;13;2;18;239;109;48405;2485;1428;246;305;5869;1866;17364;270;108;;;290;21;99754;595;58;16;3;731;72;1;0.5;1;53.06;1;36.39;0;;0;;0;0
PSY2;2021;750057028;ETB SANTE MENTALE DE PARIS MGEN;750005068;1084;;;;;;;;;;;;;0;;;;;;;21889;;;;;;;;;;;;;;0;;0;;0;;0;;0;;0;0
PSY2;2021;750100018;HU PARIS CENTRE SITE HOTEL DIEU APHP;750712184;3519;;;;;1;;;;;;1;;5976;;;;;7;;;;;;;;;8377;;;;;;;1;11;0;;0;;0;;0;;0;0
PSY2;2021;750100042;HU SAINT LOUIS SITE LARIBOISIERE APHP;750712184;2094;;;;;;;;;;;;;7652;;;;;;;466;;;;;;;6283;;;;;;;1;;0;;0;;0;;0;;0;0
PSY2;2021;750100091;HU EST PARISIEN SITE ST ANTOINE APHP;750712184;3557;;;;;;;;;;;;;9824;;;;;;;1510;;;;;;;10219;;;;;;;1;1.5;0;;0;;0;;0;;0;0
PSY2;2021;750100109;HU EST PARISIEN SITE TROUSSEAU APHP;750712184;43;;;;;;;;;;;;;;;;;;;;;;;;;;;58;;;;;;;;;;;;;;;;;;
PSY2;2021;750100125;HU PITIE SALPETRIERE APHP;750712184;5938;;;;;;;;;;;;;30003;;;;;;;7084;;;;;;;17749;;;;;;;1;1;;;1;;;;;;;
PSY2;2021;750100166;HU PARIS CENTRE SITE COCHIN APHP;750712184;4606;;;;;;;;;;;;;5432;;;;;;;1509;;;;;;;20388;;;;;;;1;2.5;0;;1;28.87;;;;;;
PSY2;2021;750100208;HU NECKER ENFANTS MALADES APHP;750712184;2134;;;;;;;;;;;;;;;;;;;;797;;;;;;;14073;;;;;;;1;2;0;;1;8.7;0;;0;;0;0
PSY2;2021;750100232;HU PARIS NORD SITE BICHAT APHP;750712184;160;;;;;;;;;;;;;1968;;;;;;;1188;;;;;;;;;;;;;;1;;0;;0;;;;;;;
PSY2;2021;750100273;HU EST PARISIEN SITE TENON APHP;750712184;523;;;;;;;;;;;;;4634;;;;;;;;;;;;;;2196;;;;;;;1;1.6;0;;0;;0;;0;;0;0
PSY2;2021;750140022;CLINIQUE FSEF PARIS 13;750720575;944;;;;;;;;;;;;;11106;;;;;;;2623;;;;;;;3933;;;;;;;0;;0;;0;;0;;0;;0;0
PSY2;2021;750150104;INSTITUT MUTUALISTE MONTSOURIS;750720476;2027;;;2;;;;;;2;;;;11206;;;44;;;;2098;;;;;;;23809;;;59;;;;0;;0;;1;104.92;0;;0;;0;0
PSY2;2021;750170102;HDJ INSTITUT PAUL SIVADON;750721391;2847;;;;;;;;;;;;;40;;;;;;;26892;;;;;;;35783;;;;;;;0;;0;;0;;0;;0;;;0
PSY2;2021;750170128;HOPITAL DE JOUR CENTRE SERGE LEBOVICI;750710428;55;;;;;;;;;;;;;;;;;;;;3334;;;;;;;;;;;;;;0;;0;;0;;0;;;;0;0
PSY2;2021;750170243;HOPITAL DE JOUR GOMBAULT DARNAUD;750720922;119;;;;;;;;;;;;;13257;;;;;;;;;;;;;;;;;;;;;0;;0;;0;;0;;0;;0;0
PSY2;2021;750170268;HDJ L ETINCELLE;750721334;23;0;0;0;0;0;0;0;0;0;0;0;0;0;0;0;0;0;0;0;1971;0;0;0;0;0;0;0;0;0;0;0;0;0;0;;0;;0;;0;0;0;0;0;0
PSY2;2021;750170490;HDJ ENTRAIDE UNIVERSITAIRE;750719312;20;;;;;;;;;;;;;;;;;;;;;;;;;;;2218;;;;;;;0;;0;;0;;0;;0;;0;0
PSY2;2021;750310013;CLINIQUE VILLA MONTSOURIS;920030269;318;;;;;;;;;;;;;19133;;;;;;;;;;;;;;;;;;;;;0;;0;;0;;0;;0;;0;0
PSY2;2021;750719361;ASSOCIATION AURORE;750719361;152;;;;;;;;;;;;;0;;;;;;;30738;;;;;;;;;;;;;;0;;0;;0;;0;;0;;0;0
PSY2;2021;750720674;CEREP FBG POISSONNIERE PARIS;750720674;241;;;;;;;;;;;;;146;;;;;;;14874;;;;;;;1284;;;;;;;0;;0;;1;25;0;;0;;0;0
PSY2;2021;750802316;CMP ENFANTS SOCIETE PHILANTHROPIQUE;750720492;235;;;;;;;;;;;;;;;;;;;;;;;;;;;6732;;;;;;;0;;0;;0;;0;;0;;0;0
PSY2;2021;750802985;ASSOCIATION RENE CAPITANT;750802985;608;;;;;;;;;;;;;7064;;;;;;;4535;;;;;;;6340;;;;;;;0;;0;;0;;0;;0;;0;0
PSY2;2021;750803447;HU PARIS OUEST SITE G POMPIDOU APHP;750712184;4993;2;;;;5;8;2;;;;5;8;;;;;;;;;;;;;;;14693;2;;;;5;8;1;6.9;0;;0;;0;;0;;0;0
PSY2;2021;750803454;HU ROBERT DEBRE APHP;750712184;5588;;;;;;;;;;;;;5209;;;;;;;4478;;;;;;;11562;;;;;;;;;;;;;0;;0;;0;0
PSY2;2021;750813016;CMP EPE IDF;750001711;331;;;;;;;;;;;;;;;;;;;;;;;;;;;952;;;;;;;0;;0;;0;;0;;0;;0;0
PSY2;2021;750826141;HOPITAL DE JOUR CENTRE ETIENNE MARCEL;750825960;83;;;;;;;;;;;;;;;;;;;;7623;;;;;;;;;;;;;;0;;0;;0;;0;;0;;0;0
PSY2;2021;750827214;CMP POPINCOURT;750815607;250;;;;;;;;;;;;;;;;;;;;;;;;;;;3415;;;;;;;0;;1;0.1;0;;0;;0;;0;0
PSY2;2021;760000018;CH DIEPPE;760780023;4335;28;;;;232;47;7;;;;62;13;18441;705;;;;4827;487;4487;21;;;;37;27;12313;219;;;;369;61;0;;1;;1;;0;;0;;0;0
PSY2;2021;760000158;HOPITAL CHARLES NICOLLE CHU ROUEN;760780239;49;;;;;;;;;;;;;3224;;;;;;;;;;;;;;;;;;;;;;;;;;;0;;0;;0;0
PSY2;2021;760000190;CHS DU ROUVRAY SOTTEVILLE-LES-ROUEN;760780270;29964;184;25;0;138;878;408;186;25;0;236;983;426;122654;19058;2006;0;2857;38706;17485;34724;1344;336;0;22;1268;970;292193;3860;394;0;35;7941;3560;1;4;1;49.22;1;72.84;1;92.79;1;27.65;0;0
PSY2;2021;760000356;HOPITAL GUSTAVE FLAUBERT CH LE HAVRE;760780726;2403;;;;;;;;;;;;;10803;;;;;;;0;;;;;;;13627;;;;;;;0;;1;5.17;0;;0;;0;;0;0
PSY2;2021;760026674;CLINIQUE OCEANE;750035578;654;;;;;;;;;;;;;26001;;;;;;;1775;;;;;;;;;;;;;;0;;0;;0;;0;;0;;0;0
PSY2;2021;760035147;CLINIQUE DES BOUCLES DE LA SEINE;760035139;506;;;;;;;;;;;;;30695;;;;;;;0;;;;;;;;;;;;;;0;;1;;0;;0;;0;;0;0
PSY2;2021;760780288;HOPITAL PRIVE DE JOUR MGENASS;750005068;300;;;;;;;;;;;;;;;;;;;;10353;;;;;;;482;;;;;;;0;;0;;1;3;0;;0;;0;0
PSY2;2021;760781070;CENTRE PIERRE JANET CH LE HAVRE;760780726;12760;30;;0;16;222;102;72;6;0;19;229;104;78997;2361;;;154;3512;463;12285;18;;;;65;;123187;;;;;;;0;;0;;1;47.55;0;;0;;0;0
PSY2;2021;760783563;INSTITUT DE JOUR ALFRED BINET;760919373;15;;;;;;;;;;;;;;;;;;;;3001;;;;;;;;;;;;;;0;;0;;0;;0;;0;;0;0
PSY2;2021;760800938;CENTRE DE JOUR WINNICOTT CH DIEPPE;760780023;30;;;;;;;;;;;;;0;;;;;;;;;;;;;;;;;;;;;0;;0;;0;;0;;0;;0;0
PSY2;2021;760805770;HOPITAL JACQUES MONOD CH LE HAVRE;760780726;1677;;;;;;;;;;;;;;;;;;;;;;;;;;;7345;;;;;;;1;;0;;1;;0;;0;;0;0
PSY2;2021;770000131;CH DE COULOMMIERS;770021145;357;8;;1;;15;;8;;1;;15;;11487;588;;315;;911;;1766;0;;0;;0;;16207;17;;0;;12;;;;;;1;0.93;0;;0;;0;0
PSY2;2021;770000156;CH DE MELUN SITE SANTEPOLE;770110054;397;45;1;;22;208;28;54;3;;35;248;30;16043;3689;348;;462;9130;485;1852;;;;;;;;;;;;;;1;;0;;1;;0;;0;;0;0
PSY2;2021;770000172;CH DE PROVINS LEON BINET;770110070;1383;13;1;1;;84;2;13;1;1;;160;2;4330;70;;2;;1424;7;1556;4;1;;;;;9390;54;;;;586;;;;;;;;0;;0;;0;0
PSY2;2021;770000214;CH SUD SEINE ET MARNE SITE DE NEMOURS;770021152;385;29;0;0;;103;20;29;0;0;;103;20;10379;1238;0;0;;4298;840;4569;22;;;;;;39643;399;10;1;;438;27;;;;;;;;;;;;
PSY2;2021;770000446;CH DE MEAUX SITE SAINT FARON;770021145;656;8;0;0;0;5;0;8;;;;5;;27524;1075;0;0;0;268;0;3023;0;0;0;0;0;0;23243;0;0;0;0;0;0;;;1;1.89;1;50.94;0;;0;;0;0
PSY2;2021;770006138;CLINIQUE PSYCHIATRIQUE PAYS DE SEINE;770020113;590;;;;;;;;;;;;;39296;;;;;;;;;;;;;;;;;;;;;0;;0;;0;;0;;0;;0;0
PSY2;2021;770019032;GHEF MARNE LA VALLEE SITE JOSSIGNY;770021145;6714;108;;;0;194;19;108;;;;194;19;30003;4083;;;;5498;505;;;;;;;;35560;781;;;;386;5;;;1;18.66;1;79.1;0;;0;;0;0
PSY2;2021;770150027;CLINIQUE FSEF NEUFMOUTIERS EN BRIE;750720575;579;;;;;;;;;;;;;9413;;;;;;;3362;;;;;;;2494;;;;;;;0;;0;;1;61.39;0;;0;;0;0
PSY2;2021;770310019;CLINIQUE DU CHATEAU DE PERREUSE;770000370;733;;;;;;;;;;;;;33283;;;;;;;;;;;;;;;;;;;;;0;;0;;0;;0;;0;;0;0
PSY2;2021;770310027;CLINIQUE PSYCHIATRIQ DE L ANGE GARDIEN;770000388;403;;;;;;;;;;;;;14948;;;;;;;;;;;;;;;;;;;;;0;;0;;0;;0;;0;;0;0
PSY2;2021;770510055;MAISON HOSPITALIERE CHANTEMERLE;750719270;284;;;;;;;;;;;;;17940;;;;;;;;;;;;;;;;;;;;;0;;0;;0;;0;;0;;0;0
PSY2;2021;780000287;CH FRANCOIS QUESNAY MANTES;780110011;;;;;;;;33;;;;127;28;;;;;;;;;;;;;;;;;;;;;;0;;0;;1;22.25;0;;0;;0;0
PSY2;2021;780000303;CENTRE HOSPITALIER DE PLAISIR;780024113;120;;;;;;;;;;;;;;;;;;;;1068;;;;;;;;;;;;;;0;;0;;0;;0;;0;;0;0
PSY2;2021;780000311;CHI POISSY ST GERMAIN SITE DE POISSY;780001236;1522;25;1;;;81;15;28;1;;;88;22;7952;1171;365;;;1497;463;;;;;;;;;;;;;;33;1;;0;;0;;0;;0;;0;0
PSY2;2021;780000337;CHI POISSY ST GERMAIN SITE ST GERMAIN;780001236;1155;23;0;0;5;156;31;23;0;0;5;166;31;4973;496;0;0;43;2906;540;5159;181;0;0;0;228;29;13966;100;0;0;0;91;28;;;;;;;0;;0;;0;0
PSY2;2021;780000402;CHS JEAN MARTIN CHARCOT;780024113;11077;115;6;0;10;352;142;130;10;0;10;389;140;15186;4130;925;0;205;14170;4876;18018;22;1;0;0;2;0;133752;368;1;0;0;297;84;0;;1;3.93;1;;0;;1;15.22;0;0
PSY2;2021;780000410;CHS THEOPHILE ROUSSEL;780140059;4202;23;0;1;5;168;47;23;;12;5;119;37;14042;2289;0;29;70;9175;2367;8353;101;0;0;0;154;11;52447;42;0;0;0;369;6;1;1.8;1;2.01;1;2;0;;0;;0;0
PSY2;2021;780000428;CHI MEULAN (SITE DE BECHEVILLE);780002697;411;13;;;;;13;13;;;;;13;17212;1062;;0;0;;481;16;0;;0;;;;15620;239;;12;;;;1;0.5;0;;1;32.02;0;;0;;0;0
PSY2;2021;780020111;ARISSE;780020111;465;;;;;;;;;;;;;;;;;;;;;;;;;;;6223;;;;;;;0;;0;;0;;0;;0;;0;0
PSY2;2021;780023909;HDJ CTRE AUBERGENVILLOIS PSY AMBUL;780025441;123;;;;;;;;;;;;;;;;;;;;4904;;;;;;;;;;;;;;0;;0;;0;;0;;0;;0;0
PSY2;2021;780140018;INSTITUT MARCEL RIVIERE;750005068;1507;10;2;;4;98;24;11;2;;4;111;25;34930;1101;730;;26;4717;1608;3163;25;245;;;270;;10454;23;;;;113;31;0;;1;21.41;1;1;0;;0;;0;0
PSY2;2021;780140042;CLINIQUE D YVELINES;780017455;1560;;;;;;;;;;;;;52398;;;;;;;2004;;;;;;;;;;;;;;0;;0;;0;;0;;0;;0;0
PSY2;2021;780140075;CENTRE POST CURE GILBERT RABY;750721391;428;;;;;;;;;;;;;13271;;;;;;;822;;;;;;;;;;;;;;0;;0;;0;;0;;0;;0;0
PSY2;2021;780170049;HDJ POUR ENFANTS ASOIMEEP;780009528;35;;;;;;;;;;;;;4168;;;;;;;;;;;;;;;;;;;;;;;;;;;0;;0;;0;0
PSY2;2021;780170056;HDJ L ENVOL;780825097;31;;;;;;;;;;;;;;;;;;;;4141;;;;;;;;;;;;;;0;;0;;1;;0;;0;;0;0
PSY2;2021;780310025;CLINIQUE VILLA DES PAGES;920030269;418;;;;;;;;;;;;;15935;;;;;;;2757;;;;;;;;;;;;;;0;;0;;1;14.68;0;;0;;0;0
PSY2;2021;780800256;CH DE VERSAILLES SITE ANDRE MIGNOT;780110078;6689;65;1;0;8;410;148;35;1;0;9;308;85;8999;790;1;0;36;3209;1283;1791;6;0;0;0;5;0;39314;224;0;0;3;547;179;1;10.3;0;;1;28.16;0;;0;;0;0
PSY2;2021;790000087;CENTRE HOSPITALIER DE NIORT;790000012;4383;75;1;0;1;309;52;24;0;;1;226;33;32908;1934;14;;2;14262;1423;5114;21;;;;266;2;18646;10;;;;182;19;0;;1;54.41;1;32.68;0;;0;;0;0
PSY2;2021;790003537;SITE HOSPITALIER DE THOUARS;790006654;357;7;0;0;0;41;6;23;2;0;0;67;17;13940;537;0;0;0;2173;82;0;0;0;0;0;0;0;0;0;0;0;0;0;0;0;0.05;1;2.5;0;;0;;0;;0;0
PSY2;2021;790007694;PSY. ADULTES - HOP DE JOUR MALADRY;790006654;4261;;;;;;;;;;;;;0;;;;;;;8164;;;;;;;39874;;;;;;;0;;0;;0;;0;;0;;0;0
PSY2;2021;790012355;CEAA - CTRE EXPERTISE AUTISME ADULTES;790000012;8904;23;;;;139;20;23;;;;139;20;2928;0;;;;;;1166;12;;;;52;9;69654;30;;;;27;49;0;;1;2.7;0;;0;;0;;0;0
PSY2;2021;800000143;CH ABBEVILLE;800000028;4367;37;;;;200;35;22;;;;166;28;7509;747;;;;4215;342;2963;30;;;;61;0;45091;607;;;;1272;138;1;11;0;;1;1.17;0;;0;;0;0
PSY2;2021;800000390;CH CHIMR MONTDIDIER;800000085;;;;;;;;;;;;;;;;;;;;;;;;;;;;;;;;;;;1;;0;;0;;0;;0;;0;0
PSY2;2021;800000457;ET PUBLIC DE SANTÉ MENTALE DE LA SOMME;800000119;9309;38;6;0;52;355;114;46;2;0;77;428;143;41196;3212;918;0;118;20076;5227;14194;184;103;0;9;861;206;156936;1087;255;0;0;1712;120;1;0.8;1;32.35;1;53.54;0;;1;16.4;0;1
PSY2;2021;800004111;CENTRE HENRY EY CH PERONNE;800000093;2219;8;;;;22;8;3;;;;18;14;2528;15;;;;291;538;1011;;;;;;;14186;71;;;;1;;1;0.05;0;;0;;0;;0;;0;0
PSY2;2021;800018228;CLINIQUE DU CAMPUS PSYCHIATRIQUE;800018210;1227;;;;;;;;;;;;;23369;;;;;;;5217;;;;;;;;;;;;;;0;;1;;0;;0;;0;;0;0
PSY2;2021;810000562;CH LAVAUR;810000455;5069;22;0;0;403;136;17;41;0;0;403;283;34;24003;831;0;0;0;6262;412;13255;104;0;0;8;229;15;40609;0;0;0;6070;0;0;;;;;;;0;;0;;0;0
PSY2;2021;810100008;FONDATION BON SAUVEUR D'ALBY;810100008;10836;105;15;0;15;202;98;100;16;0;18;236;127;43727;11592;2376;0;1368;7699;4229;15907;59;11;0;0;205;121;113850;1105;102;0;1;940;365;1;0;1;10.14;1;3.25;1;101.62;0;;0;0
PSY2;2021;820000032;CH MONTAUBAN;820000016;2903;46;;;11;171;23;55;;;14;195;28;27278;1418;;;99;6362;932;11;;;;;;;17477;100;;;1;27;2;0;;0;;0;;0;;0;;0;1
PSY2;2021;820003911;FONDATION JOHN BOST PAVILLON LOU CAMIN;240000265;38;;;;;;;;;;;;;9076;;;;;;;148;;;;;;;;;;;;;;0;;0;;0;;0;;0;;0;0
PSY2;2021;820004067;PSYCHIATRIE III CAPOU CH MONTAUBAN;820000016;4969;32;;;2;48;6;33;;;2;55;6;26624;123;;;;1703;120;4054;;;;;;;48452;155;;;9;70;176;0;;1;5.4;1;5.4;0;;0;;0;0
PSY2;2021;830000287;CH LA DRACENIE DE DRAGUIGNAN;830100525;2740;25;4;;15;92;6;24;4;;16;98;7;8724;1468;7;;85;2509;224;2542;8;47;;;25;;23340;259;70;;21;294;;1;5.64;0;;1;0.5;0;;0;;0;0
PSY2;2021;830000311;CHI DE FREJUS SAINT RAPHAEL;830100566;4937;79;0;0;0;111;6;57;0;0;0;129;11;6866;2139;0;0;0;2368;35;6125;230;0;0;0;2;0;46176;575;0;0;0;242;0;1;0.8;1;6.94;1;30.3;0;;0;;0;0
PSY2;2021;830000345;CHITS CH SAINTE MUSSE;830100616;6800;133;8;;21;257;65;93;2;;1;210;60;21994;3370;504;;36;7381;2081;2948;44;;;;49;;56384;1499;75;;45;1615;307;1;;1;;;;0;;0;;0;0
PSY2;2021;830000600;CHS PIERREFEU DU VAR HENRI GUERIN;830101200;712;48;3;;25;188;183;56;4;;25;223;205;26520;3089;377;;153;6929;5272;16354;152;;;;155;53;141880;1384;5196;;2;3595;1034;1;0.6;1;4.56;1;6.8;0;;0;;0;0
PSY2;2021;830003877;CLINIQUE LA BASTIDE;920030921;573;;;;;;;;;;;;;22544;;;;;;;;;;;;;;;;;;;;;0;;0;;0;;0;;0;;0;0
PSY2;2021;830017497;KORIAN LE GOLFE;830004958;473;0;0;0;0;0;0;0;0;0;0;0;0;19800;0;0;0;0;0;0;0;0;0;0;0;0;0;0;0;0;0;0;0;0;0;0;0;0;0;0;0;0;0;0;0;0
PSY2;2021;830100442;CLINIQUE SAINT MARTIN OLLIOULES;830000204;699;;;;;;;;;;;;;27515;;;;;;;6276;;;;;;;;;;;;;;0;;0;;0;;0;;0;;0;0
PSY2;2021;830100574;HIA SAINTE ANNE;750821092;1492;;;;;;;;;;;;;5302;;;;;;;695;;;;;;;;;;;;;;1;5;0;;0;;0;;0;;0;0
PSY2;2021;830100608;CHITS CH GEORGE SAND;830100616;2717;61;3;;3;172;30;49;1;;1;142;30;11662;1896;60;;1;5992;963;2132;;;;;;;34543;245;45;;4;1190;251;1;;0;;1;;0;;0;;0;0
PSY2;2021;830100756;CENTRE DE SOINS LES COLLINES DU REVEST;920030269;876;;;;;;;;;;;;;38566;;;;;;;3104;;;;;;;;;;;;;;0;;0;;0;;0;;0;;0;0
PSY2;2021;830200515;CLINIQUE LES TROIS SOLLIES;830001012;848;;;;;;;;;;;;;37760;;;;;;;3359;;;;;;;;;;;;;;0;;0;;0;;0;;0;;0;0
PSY2;2021;830215919;KORIAN VAL DU FENOUILLET;750056335;265;;;;;;;;;;;;;28939;;;;;;;5616;;;;;;;;;;;;;;0;;0;;0;;0;;0;;0;0
PSY2;2021;840000509;CLINIQUE SAINT DIDIER;840000707;713;;;;;;;;;;;;;31969;;;;;;;2329;;;;;;;;;;;;;;0;;0;;0;;0;;0;;0;0
PSY2;2021;840000541;CHS DE MONTFAVET;840000137;21098;160;22;2;58;581;383;167;22;3;70;764;414;55025;21360;90;55;2094;20613;10556;15749;117;;;;418;139;286765;1894;46;;2;4934;2519;1;1.58;1;40.56;1;53.41;1;150.72;0;;0;0
PSY2;2021;840018691;HJ CMP CATTP REGAIN PERTUIS;130781131;26;;;;;;;;;;;;;;;;;;;;1244;;;;;;;;;;;;;;0;;0;;0;;0;;0;;0;0
PSY2;2021;850000175;CH LVO - SITE DE CHALLANS;850009010;2989;28;1;0;0;193;30;7;1;0;0;103;13;8399;841;0;0;0;2714;267;1751;0;0;0;0;165;2;21193;261;1;0;0;1404;198;1;;1;;0;;0;;0;;0;0
PSY2;2021;850000258;CENTRE HOSPITALIER G. MAZURELLE;850000092;16180;55;6;;3;580;233;57;6;;4;625;253;59304;3553;1014;;28;21271;5618;30310;257;16;;;1462;431;117524;871;181;;;4161;1354;0;;1;65.37;1;37.41;0;;0;;0;0
PSY2;2021;860000017;CH HENRI LABORIT;860780048;21566;37;13;;12;358;256;18;2;;14;317;226;89529;1772;1509;;129;16338;9075;30649;516;157;;;2002;974;190507;315;370;;2;855;1039;1;2;1;53.94;1;108.37;0;;1;21.6;0;0
PSY2;2021;870000221;CLINIQUE KORIAN SAINT MAURICE;870000973;450;;;;;;;;;;;;;11200;;;;;;;1339;;;;;;;;;;;;;;0;;0;;0;;0;;0;;0;0
PSY2;2021;870006137;CENTRE HOSPITALIER ESQUIROL;870002466;17952;102;15;3;25;326;127;122;12;3;21;336;120;65379;4619;2031;42;308;11369;4619;21151;240;129;0;0;334;168;143734;917;379;0;254;1260;829;1;6.34;1;15.02;1;1.53;0;;0;;0;0
PSY2;2021;880000088;CENTRE HOSPITALIER DE RAVENEL;880780119;15497;79;2;4;2;266;285;81;2;4;2;222;264;58373;6292;296;88;4;7586;5428;9329;66;;;;270;42;116818;1196;;59;6;1135;1036;1;1.14;1;19.55;1;9.56;0;;0;;0;0
PSY2;2021;880008529;HOPITAL DE JOUR ADOLESCENTS - CSPA;880008511;161;;;;;;;;;;;;;;;;;;;;2956;;;;;;;;;;;;;;0;;0;;1;13;0;;0;;0;0
PSY2;2021;890000326;MAISON REPOS ET CONV. BOISSEAUX;890008105;30;;;;;;;;;;;;;1702;;;;;;;;;;;;;;;;;;;;;0;;0;;0;;;;;;;
PSY2;2021;890002298;CLINIQUE DE REGENNES;890000672;551;;;;;;;;;;;;;32696;;;;;;;1403;;;;;;;;;;;;;;0;;1;;0;;0;;0;;0;0
PSY2;2021;890002371;CLINIQUE KER YONNEC;890000722;1670;;;;;;;;;;;;;48199;;;;;;;5884;;;;;;;;;;;;;;0;;1;7.6;0;;0;;0;;0;0
PSY2;2021;890975519;CTRE HOSPITALIER SPECIALISE AUXERRE;890000052;12519;16;4;0;1124;265;155;36;4;0;43;305;169;62655;1743;1146;0;221;6734;2737;11156;72;0;0;0;15;11;89209;103;3;0;10668;50;79;1;1.1;0;;1;58.11;0;;0;;0;0
PSY2;2021;900002429;CHS ST REMY ET NFC CENTRE PIERRE ENGEL;700004096;4775;3;2;;;9;3;3;2;;;9;3;28849;;;;;12;3;4721;;;;;;;33549;300;12;;;26;5;1;0.23;1;74.22;0;;0;;0;;0;0
PSY2;2021;910000330;CHS BARTHELEMY DURAND;910140029;13789;160;8;2;7;515;267;43;1;1;5;280;293;53432;7518;1335;7;133;16572;11775;9377;64;;;;19;71;161199;1685;43;;;6425;2267;1;9.65;1;8.4;1;53.02;1;32.59;0;;0;0
PSY2;2021;910020254;CH SUD FRANCILIEN SITE JEAN JAURES;910002773;5227;1021;29;16;13;90;215;61;1;19;15;567;127;21905;26740;497;7;162;365;7077;1343;5954;;;;34;64;56844;1682;54;17;6;531;223;1;1;1;0.05;1;1;0;;1;;0;0
PSY2;2021;910110071;CH D ORSAY DOMAINE DU GRAND MESNIL;910110055;5061;53;8;;3;188;48;20;1;;5;56;17;19492;1576;469;;49;6857;1967;5004;5;0;;0;256;0;54772;613;70;;0;1398;161;1;;0;;1;26.46;0;;0;;0;
PSY2;2021;910140037;HOPITAL PSYCHIATRIQUE L'EAU VIVE;750720914;159;92;3;0;0;141;68;94;3;;;172;93;15969;7308;417;;;9213;3562;;;;;;;;1;0;0;0;0;0;0;0;;0;;0;;;;;;;
PSY2;2021;910150010;CH FREDERIC HENRI MANHES;910014919;173;;;;;;;;;;;;;5890;;;;;;;;;;;;;;;;;;;;;0;;0;;0;;0;;0;;0;0
PSY2;2021;910310028;CLINIQUE DU CHATEAU DE VILLEBOUZIN;920030269;2924;;;;;;2;;;;;;2;167396;;;;;;19;3073;;;;;;;;;;;;;;0;;0;;0;38.06;0;;0;;0;0
PSY2;2021;920000577;CH DE NANTERRE;920110020;2193;31;6;1;14;184;45;31;6;1;14;184;45;6482;1300;1060;19;102;4158;1307;;;;;;;;19702;175;744;21;;;;1;1;0;;0;;0;;0;;0;0
PSY2;2021;920000650;HOPITAL FOCH;920150059;213;;;;;;;;;;;;;4265;;;;;;;;;;;;;;;;;;;;;1;1;0;;0;;0;;0;;0;0
PSY2;2021;920001096;SAS MAISON DE SANTE BELLEVUE;920001096;1088;;;;;;;;;;;;;28869;;;;;;;5100;;;;;;;;;;;;;;0;;0;;1;5.19;0;;0;;0;0
PSY2;2021;920002177;CHS PUBLIC DE SANTE ERASME;920804465;8337;75;8;6;0;244;152;24;6;6;0;161;114;22445;3880;1543;122;0;8821;7317;9561;459;59;;0;432;255;131221;946;60;32;;1830;1107;1;0.89;1;;1;27.1;0;;0;;0;0
PSY2;2021;920007408;CHS ROGER PREVOT DE NANTERRE;950140012;2193;31;6;;14;215;56;;;;;;;6482;1300;1060;;102;4158;1307;24;0;;;;95;40;19702;175;;;;744;21;0;;0;;0;;0;;0;;0;0
PSY2;2021;920007549;MAISON DE SANTE DE ROCHEBRUNE;920007499;415;;;;;;;;;;;;;21901;;;;;;;1850;;;;;;;;;;;;;;0;;1;44.8;0;;0;;0;;0;0
PSY2;2021;920027711;CHS PAUL GUIRAUD SITE CLAMART;940140049;7977;86;14;0;0;292;261;31;9;;0;153;127;22383;4522;866;0;0;9665;10196;8663;88;0;0;0;346;124;97279;1821;129;0;0;2088;2171;1;2;0;;0;;0;;0;;0;0
PSY2;2021;920030962;SAS HOLTEL DE L ESPERANCE;920030962;616;;;;;;;;;;;;;44636;;;;;;;3155;;;;;;;;;;;;;;0;;1;;1;;0;;0;;0;0
PSY2;2021;920100047;HU PARIS NORD SITE LOUIS MOURIER APHP;750712184;3683;71;1;;;189;10;1313;33;;;2322;81;9965;2139;;;;4236;362;4022;543;33;;;780;;23308;1252;32;;;2170;68;1;1;1;0.2;1;4;0;;0;;0;0
PSY2;2021;920100062;HU PARIS OUEST SITE CELTON APHP;750712184;3479;15;1;;;118;42;176;7;;;956;410;12925;154;;;;2826;815;5985;260;89;;;533;92;21262;167;6;;;879;378;;;1;28;;;0;;0;;0;0
PSY2;2021;920120011;HIA PERCY;750821092;1566;;;;;;;;;;;;;4818;;;;;;;341;;;;;;;4877;;;;;;;0;;0;;0;;0;;0;;0;0
PSY2;2021;920140019;CTRE DE SANTE MENTALE DE RUEIL MGEN;750005068;1140;19;2;;;107;56;23;2;;;155;68;7953;2494;27;;;4142;1882;1597;14;;;;61;20;24046;141;97;;;1272;554;0;;0;;0;;0;;0;;0;0
PSY2;2021;920140027;CLINIQUE FSEF SCEAUX;750720575;1252;;;;;;;;;;;;;21580;;;;;;;7373;;;;;;;11459;;;;;;;0;;0;;0;;0;;0;;0;0
PSY2;2021;920170024;CENTRE DENISE CROISSANT;940809452;8249;;;;;;;;;;;;;;;;;;;;8249;;;;;;;;;;;;;;0;;0;;0;;;;;;0;0
PSY2;2021;920170081;HDJ ATELIER THERAP ELAN RETROUVE;750721391;168;;;;;;;;;;;;;36;;;;;;;18482;;;;;;;1256;;;;;;;0;;0;;;;0;;0;;0;0
PSY2;2021;920170115;CENTRE DU PARC DE SAINT CLOUD AVRAY;920718053;79;;;;;;;;;;;;;74;;;;;;;8008;;;;;;;574;;;;;;;0;;0;;0;;0;;0;;0;0
PSY2;2021;920310026;CLINIQUE NEUROPSY LES PERVENCHES;920001070;428;;;;;;;;;;;;;20989;;;;;;;;;;;;;;;;;;;;;0;;0;;0;;0;;0;;0;0
PSY2;2021;920310034;CLINIQUE DU CHATEAU DE GARCHES;920001088;375;;;;;;;;;;;;;10203;;;;;;;;;;;;;;;;;;;;;0;;0;;0;;0;;0;;0;0
PSY2;2021;920310059;CLINIQUE MEDICALE DE VILLE D AVRAY;920001104;401;;;;;;;;;;;;;14886;;;;;;;6946;;;;;;;;;;;;;;0;;0;;0;;0;;0;;0;0
PSY2;2021;920690278;HDJ LES LIERRES;920718186;42;;;;;;;;;;;;;0;;;;;;;4295;;;;;;;;;;;;;;0;;0;;0;;0;0;0;0;0;0
PSY2;2021;920811635;CAS POUR ADOLESCENTS DE SURESNES;780140059;2552;;;11;;;;;;;;;;4479;;;267;;;;6637;;;;;;;36099;;;;;;;0;;0;;1;45.9;0;;0;;0;0
PSY2;2021;930000336;CHI ROBERT BALLANGER;930110069;8629;38;2;0;0;199;52;38;2;0;0;199;52;23842;1349;71;0;0;7063;1846;8430;326;17;0;0;1708;446;80005;8;0;0;0;0;0;1;1.54;1;1.7;1;37.04;0;;0;;0;1
PSY2;2021;930000344;CHS DE VILLE EVRARD;930140025;28475;405;37;0;0;1106;809;460;39;0;0;1249;1003;90725;16397;3186;0;0;31580;21999;31660;327;168;0;0;271;48;339298;3407;510;0;0;2247;1319;1;4.96;1;3.08;1;105.23;0;;0;;0;0
PSY2;2021;930001433;CMP DE SAINT DENIS;930110051;4414;;;;;;;;;;;;;;;;;;;;;;;;;;;53362;;;;;;;1;;0;;1;11;0;;0;;0;0
PSY2;2021;930004288;HDJ SALNEUVE;750720922;33;;;;;;;;;;;;;45;;;;;;;4809;;;;;;;;;;;;;;0;;0;;0;;0;;0;;0;0
PSY2;2021;930020920;CLINIQUE PSY DE L ALLIANCE;920030269;716;3;;;;7;1;3;;;;7;1;38037;263;;;;243;244;4549;;;;;;;;;;;;;;0;;0;;0;;0;;0;;0;0
PSY2;2021;930100037;HU PARIS SITE AVICENNE APHP;750712184;2338;;;;;2;;;;;;3;;;;;;;;;1340;;;;;;;15527;;;;;3;;1;;;;1;;;;;;;
PSY2;2021;930310016;MAISON DE SANTE D EPINAY LE NOBLE AGE;440052041;811;16;3;0;0;194;64;16;3;0;0;223;69;47633;995;222;0;0;12299;1285;7178;;;;;;;;;;;;;;0;;0;;0;;0;;0;;0;0
PSY2;2021;930817465;HDJ CENTRE JEAN MACE;930712716;41;;;;;;;;;;;;;0;;;;;;;6073;;;;;;;58;;;;;;;0;;0;;1;;0;;0;;0;0
PSY2;2021;940000573;CHI DE CRETEIL;940110018;4348;;;2;;;;;;4;;;;0;;;0;;;;5625;;;32;;;;59670;;;0;;;;1;2.6;0;;1;5.8;0;;0;;0;0
PSY2;2021;940000599;CHI LUCIE ET RAYMOND AUBRAC;940110042;2629;16;1;0;0;49;11;17;1;0;0;53;11;5215;1414;0;0;0;625;185;1898;0;0;0;0;0;0;13969;495;27;0;0;12;0;1;2;0;;0;;0;;0;;0;0
PSY2;2021;940000607;CHS FONDATION VALLEE;940140015;2052;2;;8;;;;2;;6;;;;12454;;;155;;;;8226;;;0;;;;20225;2;;4;;;;1;6;0;0;0;0;0;0;0;0;0;0
PSY2;2021;940000615;CHS LES MURETS;940140023;5660;130;8;;;419;225;131;8;;;448;252;39660;4522;158;;;11368;8630;7800;302;19;;;164;48;67419;1965;21;67;;2395;1032;0;;0;;0;;0;;0;;0;0
PSY2;2021;940000631;CH PAUL GUIRAUD;940140049;13278;187;35;0;198;480;564;187;40;0;190;570;324;53197;23132;8457;0;15208;15880;24143;31317;841;2;0;22;202;515;121497;1054;8;0;27;1346;1264;1;2;1;3;0;;1;150.14;1;41.35;1;0
PSY2;2021;940016868;LES HOPITAUX DE SAINT MAURICE;940016819;5108;8;0;1;0;66;54;8;0;1;0;73;61;756;295;0;34;0;899;950;1828;0;0;0;0;60;0;98511;0;0;0;0;0;0;0;;0;;0;;0;;0;;0;0
PSY2;2021;940021157;ETB SANTE MENTALE ATRT IVRY - MGEN;750005068;99;;;;;;;;;;;;;3189;;;;;;;;;;;;;;;;;;;;;0;;0;;0;;0;;0;;0;0
PSY2;2021;940100027;HU HENRI MONDOR SITE HENRI MONDOR APHP;750712184;7591;74;;1;;294;107;74;;1;;317;118;14155;4181;;17;;12858;5333;5617;14;;;;426;7;39601;492;;;;1987;452;1;3.5;0;;0;;0;;0;;0;0
PSY2;2021;940100035;HU PITIE SALPETRIERE- CHARLE FOIX APHP;750712184;393;;;;;;;;;;;;;6479;;;;;;;130;;;;;;;1199;;;;;;;;;1;26.3;;;0;;0;;0;0
PSY2;2021;940100043;HU PARIS SUD SITE KREMLIN BICETRE APHP;750712184;3666;;;;;;;;;;;;;11595;;;;;;;1618;;;;;;;11896;;;;;;;1;0.4;0;;0;;0;;0;;0;0
PSY2;2021;940100068;HU PARIS SUD SITE PAUL BROUSSE APHP;750712184;992;25;;;;92;70;549;;;;955;1841;7145;859;;;;3013;2370;1024;;;;;52;195;13144;496;;;;841;1680;1;;1;;0;;0;;0;;0;0
PSY2;2021;940120017;HIA BEGIN;750821092;205;;;;;;;;;;;;;6564;;;;;;;340;;;;;;;10113;;;;;;;1;2;0;;0;;0;;0;;0;0
PSY2;2021;940170012;HDJ LIONEL VIDART FONDATION L BELLAN;750720609;91;;;;;;;;;;;;;;;;;;;;9299;;;;;;;1947;;;;;;;0;;0;;0;;0;;0;;0;0
PSY2;2021;940170137;HDJ DE CHEVILLY LARUE;750721391;67;;;;;;;;;;;;;;;;;;;;6896;;;;;;;209;;;;;;;0;;0;;0;;0;;0;;0;0
PSY2;2021;940310014;MAISON DE SANTE NOGENT SUR MARNE;940000979;1277;;;;;;;;;;;;;49979;;;;;;;3780;;;;;;;;;;;;;;0;;0;;0;;0;;0;;0;0
PSY2;2021;940310022;CLINIQUE JEANNE D ARC ST MANDE;940022163;1555;;;;;;;;;;;;;37469;;;;;;;3523;;;;;;;;;;;;;;0;;0;;0;;0;;0;;0;0
PSY2;2021;940715170;APSI;940715170;572;;;24;;;;;;24;;;;;;;;;;;;;;;;;;7015;;;253;;;;0;;0;;0;;0;;0;;0;0
PSY2;2021;940721400;UDSM FONTENAY SOUS BOIS;940721400;3132;;;;;;;;;;;;;6139;;;;;;;1224;;;;;;;45958;;;;;;;;;;;;;0;;0;;0;0
PSY2;2021;940807654;ASS CERPP BONNEUIL SUR MARNE;940807654;28;;;;;;;;;;;;;2118;;;;;;;3272;;;;;;;;;;;;;;0;;0;;0;;0;;0;;0;0
PSY2;2021;950000307;CH VICTOR DUPOUY;950110015;4675;30;;;1;120;23;32;;;1;129;29;8159;1785;;;349;5639;654;9789;15;;;;165;;64613;6;;;;14;;1;2;0;;1;40;0;;0;;0;0
PSY2;2021;950000323;GHEM SIMONE VEIL SITE EAUBONNE;950013870;6366;30;;;;150;51;14;;;;128;46;28700;1618;;;;5190;1914;6532;568;;;;227;166;55919;134;;;;129;56;1;2.8;1;23.85;1;31.12;0;;0;;0;0
PSY2;2021;950000331;CH GENERAL DE GONESSE;950110049;4948;168;28;1;0;692;239;35;3;1;0;244;65;9039;1260;118;30;0;5724;1982;11223;101;0;0;0;425;1317;51133;334;37;0;0;1302;473;1;1.5;0;;1;;0;;0;;0;0
PSY2;2021;950000364;CH RENE DUBOS;950110080;4321;13;2;0;1;38;37;15;3;0;2;60;15;24530;2008;293;0;28;4757;1885;7356;;;;;;;24082;;;;;;;1;3;0;;1;5.2;0;;0;;0;0
PSY2;2021;950000398;CHS ROGER PREVOT DE MOISSELLES;950140012;6516;81;11;;0;92;44;;;;;;;34926;4725;1844;;;4169;3743;;;;;;;;75918;927;78;;0;1377;496;0;;0;;0;;0;;0;;0;0
PSY2;2021;950002568;CLINIQUE D ORGEMONT;920030269;2118;;;;;16;2;;;;;16;2;99733;;;;;430;2;9468;;;;;;;;;;;;;;0;;0;;0;;0;;0;;0;0
PSY2;2021;950006908;MAISON HOSPI SPASM CERGY LE HAUT;750719270;263;;;;;;;;;;;;;26017;;;;;;;4665;;;;;;;0;;;;;;;0;0;0;0;0;0;0;0;0;0;0;0
PSY2;2021;950150052;CLINIQUE FSEF BOUFFEMONT;750720575;177;;;;;;;;;;;;;14287;;;;;;;1863;;;;;;;37;;;;;;;0;;0;;1;;0;;0;;0;0
PSY2;2021;950300301;CLINIQUE MEDICALE DU PARC ST OUEN;950000562;351;;;;;;;;;;;;;11495;;;;;;;136;;;;;;;;;;;;;;0;;0;;0;;0;;0;;0;0
PSY2;2021;950310029;CENTRE DE PSYCHOTHERAPIE D OSNY;950008938;347;;;;;;;;;;;;;22818;;;;;;;;;;;;;;;;;;;;;0;;0;;0;;0;;0;;0;0
PSY2;2021;950787119;HDJ CENTRE PSY LES VIGNOLLES;950802405;26;;;;;;;;;;;;;3183;;;;;;;;;;;;;;;;;;;;;0;;0;;1;;0;;0;;0;0
PSY2;2021;950787135;CENTRE PSYCHOTHERAPIQUE LES OLIVIERS;950001370;1988;13;5;0;0;103;20;13;5;0;0;98;20;11330;975;315;0;0;4084;2353;6366;208;260;;;5;;15106;91;24;;;514;;1;2;1;0.1;1;2.95;0;;0;;0;0
PSY2;2021;950805671;APPARTEMENT THERAPEUTIQUE GONESSE;950803387;9;;;;;;;;;;;;;3285;;;;;;;;;;;;;;;;;;;;;;;0;;;;0;;0;;0;0
PSY2;2021;970100111;LES NOUVELLES EAUX VIVES;970100343;28;;;;;;;;;;;;;1178;;;;;;;;;;;;;;;;;;;;;0;;0;;0;;;;;;;
PSY2;2021;970100251;CLINIQUE DE L'ESPÉRANCE;970100467;460;;;;;;;;;;;;;9073;;;;;;;;;;;;;;;;;;;;;0;;0;;0;;0;;0;;0;0
PSY2;2021;970100400;C.H. LOUIS CONSTANT FLEMING;970100186;78;1;;;;51;;1;;;;51;;1706;66;;;;1210;;;;;;;;;;;;;;;;;;;;;;0;;0;;0;0
PSY2;2021;970100475;EPSM DE LA GUADELOUPE;970100277;11104;79;14;0;31;541;204;57;4;0;30;550;173;34691;4074;2689;0;950;26111;6529;9674;20;0;0;0;33;6;95883;170;44;0;14;720;173;1;2.92;0;;1;4.18;0;;1;13.41;0;0
PSY2;2021;970200069;CENTRE HOSPITALIER MAURICE DESPINOY;970202180;759;40;7;1;22;551;68;40;7;1;28;598;72;65834;3504;3004;31;485;21740;6246;;;;;;;;101147;173;;;;252;10;0;;1;35;1;6;1;;0;;0;0
PSY2;2021;970209714;CLINIQUE DE L'ANSE COLAS;970210225;408;;;;;;;;;;;;;17727;;;;;;;4341;;;;;;;;;;;;;;0;;0;;0;;0;;0;;0;0
PSY2;2021;970211215;CHU DE MARTINIQUE SITE P.ZOBDA QUITMAN;970211207;185;;;;;;;;;;;;;2933;;;;;;;;;;;;;;;;;;;;;0;;0;;0;;0;;1;14.5;0;0
PSY2;2021;970300026;CENTRE HOSPITALIER DE CAYENNE;970302022;306;42;1;3;15;208;106;36;1;;15;192;105;15190;1383;;;;7581;;;;;;;;;;;;;;;;1;4;1;0.3;1;28.01;0;;0;;0;0
PSY2;2021;970300083;CENTRE HOSPITALIER -FRANCK-JOLY-;970302121;166;;;;;;;;;;;;;2830;;;;;;;;;;;;;;;;;;;;;1;1;0;;0;;;;0;;0;0
PSY2;2021;970400016;EPSMR-GRAND POURPIER (ST PAUL);970411005;19723;49;6;5;19;528;406;52;2;6;20;566;477;36534;3864;903;147;436;14309;9363;9861;125;;;;28;;121888;44;1;0;18;440;357;1;8.2;1;7.7;1;13.8;0;;1;32.2;0;0
PSY2;2021;970400057;CHU SITE SUD (SAINT PIERRE);970408589;11047;80;43;17;10;383;59;;;;;;;14440;1350;339;7;218;8520;1269;6753;74;2;;;452;13;69347;829;214;44;35;2239;320;1;;1;;1;;0;;0;;0;0
PSY2;2021;970408753;CLINIQUE LES FLAMBOYANTS SUD;970408746;688;;;;;;;;;;;;;25172;;;;;;;10180;;;;;;;;;;;;;;;;;;;24.01;0;;0;;0;0
PSY2;2021;970467155;CLINIQUE LES FLAMBOYANTS OUEST;970467148;787;;;;;;;;;;;;;39172;;;;;;;15213;;;;;;;;;;;;;;0;;0;;1;41.92;0;;0;;0;0
PSY2;2021;980500011;CHM;980500003;125;8;;;;59;17;10;;;;75;20;1562;100;;;;879;310;;;;;;;;;;;;;;;1;1.5;0;;0;;0;;0;;0;0
