BOR;AN;FI;RS;FI_EJ;SMUR;GEN;SAIS;PED;ANT;FIAUTOR;ANTSAIS;SAMU;HMED;HIDE;HAMB;AMBLCE;VEHLEG;MOYAER;MOYMAR;SORTER1;SORTER2;dtTIH;SORAER1;SORAER2;SORMAR;SORTIES;SORTNM;PATDC;PATLSP;PATTSP;PATTRANM;TRAN;TRAN18;TRAN80;TRANSIEG;TRANAUT;APP;APR15;APD;APMIN;DR;DRM;DRMLIB;HMR;HMRAMU;HMRAM;ARM;NRML;NBLIB;NBSAL;CAR;SAMUSDIS
SMURSAMU;2021;010000024;CH DE FLEYRIAT;010780054;1;1;0;0;0;;0;1;336;336;252;2;2;0;0;1220;305;247;;;;1772;370;170;6;53;141;1286;146;216;704;582;323237;6567;316670;288763;189761;186398;46141;223;168;471;622;0;3;0;14302;1
SMURSAMU;2021;010000032;CH BUGEY SUD;010780062;1;1;0;0;0;;0;0;168;168;168;0;2;0;0;463;50;0;26;1;0;540;190;60;2;21;104;392;44;100;212;180;;;;;;;;;;;;;;;;
SMURSAMU;2021;010005239;CH DU HAUT BUGEY - GEOVREISSET;010008407;1;1;0;0;0;;0;0;168;168;168;0;1;0;0;508;25;0;0;0;0;533;272;70;0;57;198;409;61;76;310;99;;;;;;;;;;;;;;;;
SMURSAMU;2021;010780203;HOPITAL PRIVE D'AMBERIEU;010010718;1;1;0;0;0;;0;0;168;168;168;1;1;;;709;19;;;;;728;210;89;;41;80;601;;;349;252;;;;;;;;;;;;;;;;
SMURSAMU;2021;020000162;CH SAINT-QUENTIN;020000063;1;1;0;0;0;;0;0;0;0;336;1;2;0;0;1039;61;287;14;87;0;1488;443;18;8;224;163;780;;;736;44;;;;;;;;;;;;;;;;
SMURSAMU;2021;020000394;CH LAON;020000253;1;1;0;0;0;;0;1;336;336;336;3;2;1;0;877;505;2;93;275;0;1752;415;123;29;6;270;849;70;130;619;230;275209;53226;207296;168480;117744;87079;24288;248;168;80;360;0;0;0;1683;0
SMURSAMU;2021;020000519;CH SOISSONS;020000261;1;1;0;0;0;;0;0;168;168;168;0;3;0;0;714;1;0;0;0;0;715;261;67;2;36;118;571;51;150;549;22;;;;;;;;;;;;;;;;
SMURSAMU;2021;020000535;CH CHAUNY;020000287;1;1;0;0;0;;0;0;168;168;168;1;0;;;592;2;;;;;594;336;85;7;26;218;256;22;45;132;124;;;;;;;;;;;;;;;;
SMURSAMU;2021;020001061;CH CHÂTEAU-THIERRY;020004404;1;1;0;0;0;;0;0;168;168;129;1;1;;;578;138;;1;;;717;95;71;2;15;7;477;62;89;453;24;;;;;;;;;;;;;;;;
SMURSAMU;2021;020001087;CH HIRSON;020004495;1;1;0;0;0;;0;0;336;205;168;;1;;;525;7;0;0;0;0;532;255;74;16;16;239;412;39;105;224;188;;;;;;;;;;;;;;;;
SMURSAMU;2021;020016366;SMUR CH SAINT-QUENTIN GUISE;020000063;1;0;0;0;1;020000063;0;0;24;24;24;;;;;61;;;;;;61;38;4;0;4;30;23;2;3;1;22;;;;;;;;;;;;;;;;
SMURSAMU;2021;030000061;CH DE MOULINS;030780092;1;1;0;0;0;;0;1;252;252;252;2;2;0;0;842;178;72;28;16;0;1136;391;128;5;138;120;425;87;135;346;79;271849;39217;227049;216136;148759;125380;40800;276;168;108;528;1;2;0;2386;0
SMURSAMU;2021;030000079;CH DE MONTLUCON;030780100;1;1;0;0;0;;0;0;336;336;223;1;2;0;0;911;205;;92;45;;1253;;;;;;;;;;;;;;;;;;;;;;;;;;
SMURSAMU;2021;030000087;CH JACQUES LACARIN VICHY;030780118;1;1;0;0;0;;0;0;336;336;336;2;2;0;0;1112;98;0;95;3;0;1308;543;155;0;130;200;576;90;196;543;33;;;;;;;;;;;;;;;;
SMURSAMU;2021;040000093;CHI DE MANOSQUE LOUIS RAFFALLI;040780215;1;1;0;0;0;;0;0;238;168;168;1;2;;;402;132;;;;;534;112;34;1;21;48;281;20;41;200;81;;;;;;;;;;;;;;;;
SMURSAMU;2021;040000135;CHI DES ALPES DU SUD SITE DE SISTERON;050002948;1;1;0;0;0;;0;0;336;434;168;1;1;0;0;328;107;0;0;0;;435;65;57;8;0;0;240;23;71;147;93;;;;;;;;;;;;;;;;
SMURSAMU;2021;040000911;CENTRE HOSPITALIER DE DIGNE LES BAINS;040788879;1;1;0;0;0;;0;1;168;168;168;0;2;0;0;343;66;0;180;14;0;603;155;52;12;30;68;368;0;0;250;118;152800;3815;143062;136242;72870;36925;11279;293;168;125;252;0;8;0;405;0
SMURSAMU;2021;050000231;CH DES ESCARTONS DE BRIANCON;050000116;1;1;0;0;0;;0;0;125;168;168;;1;;;170;12;;391;6;;579;;;;;;;;;;;;;;;;;;;;;;;;;;
SMURSAMU;2021;050000348;CHI DES ALPES DU SUD SITE DE GAP;050002948;1;1;0;0;0;;0;1;336;175;168;0;3;1;0;503;160;129;240;259;0;1291;325;149;4;53;180;688;70;100;543;145;79832;2496;75967;74062;42706;38901;13583;276;168;108;504;1;38;0;578;0
SMURSAMU;2021;060000478;CENTRE HOSPITALIER DE GRASSE;060780897;1;1;0;0;0;;0;0;;;;;;;;846;135;;29;;;1010;;;;;;;;;;;;;;;;;;;;;;;;;;
SMURSAMU;2021;060000510;CH D'ANTIBES JUAN LES PINS;060780954;1;1;0;0;0;;0;0;168;168;168;0;1;;;1211;103;;;;;1314;591;117;0;317;157;620;56;197;336;284;;;;;;;;;;;;;;;;
SMURSAMU;2021;060000544;CH DE CANNES SIMONE VEIL;060780988;1;1;0;0;0;;0;0;168;177;0;;2;;;1161;100;;;;;1261;287;164;6;82;35;874;;;735;139;;;;;;;;;;;;;;;;
SMURSAMU;2021;060002102;CH LA PALMOSA DE MENTON;060791761;1;1;0;0;0;;0;0;168;168;168;1;1;0;0;491;88;;0;0;0;579;249;65;4;21;154;435;;;203;232;;;;;;;;;;;;;;;;
SMURSAMU;2021;060785003;CHU DE NICE HOPITAL PASTEUR;060785011;1;1;0;0;0;;0;1;574;574;574;4;4;1;0;2966;2715;0;175;149;0;6005;1245;321;12;283;621;2413;193;430;202;2211;386348;;334500;324339;278389;237728;86539;627;336;216;1008;0;17;;9358;0
SMURSAMU;2021;060789195;CHU DE NICE HOPITAL DE L'ARCHET;060785011;1;0;0;1;0;;0;0;192;168;0;;;;;0;435;257;0;77;;769;0;;;;;0;;;;;;;;;;;;;;;;;;;;
SMURSAMU;2021;070000013;CH DE PRIVAS ARDECHE;070002878;1;1;0;0;0;;0;1;168;168;168;;1;;;553;45;0;0;0;0;598;147;5;0;3;147;437;29;53;279;158;138362;7135;122408;117094;122408;111842;43879;360;168;192;420;0;71;0;1822;1
SMURSAMU;2021;070000179;CH ARDECHE NORD;070780358;1;1;0;0;0;;0;0;168;168;168;;2;;;710;2;;;;;712;;;;;;;;;;;;;;;;;;;;;;;;;;
SMURSAMU;2021;070000609;CH D'AUBENAS;070005566;1;1;0;0;0;;0;0;168;168;168;1;2;;;936;89;;;;;1025;;;;;;;;;;;;;;;;;;;;;;;;;;
SMURSAMU;2021;080000110;CENTRE HOSPITALIER DE SEDAN;080011174;1;1;0;0;0;;0;0;168;50;168;1;1;0;0;650;7;0;0;0;0;657;130;86;4;23;0;530;53;114;482;48;;;;;;;;;;;;;;;;
SMURSAMU;2021;080000219;CENTRE HOSPITALIER DE RETHEL;080001969;1;1;0;0;0;;0;0;336;336;336;1;1;0;0;441;56;;;;;497;93;57;1;27;8;360;37;99;279;81;;;;;;;;;;;;;;;;
SMURSAMU;2021;080000276;CENTRE HOSPITALIER DE VOUZIERS;080001969;1;1;0;0;0;;0;0;168;168;168;1;1;;;254;92;30;;;;376;46;32;1;9;18;380;17;69;288;92;;;;;;;;;;;;;;;;
SMURSAMU;2021;080000425;CH CHARLEVILLE - HOPITAL MANCHESTER;080011174;1;1;0;0;0;;0;1;336;336;336;2;2;0;0;1592;585;0;;35;;2212;552;188;23;159;179;1228;0;0;1130;98;157219;18306;135591;120812;100763;60451;0;168;168;0;363;0;0;0;1411;0
SMURSAMU;2021;080009814;ANTENNE DE SMUR - CH CHARLEVILLE;080011174;1;0;0;0;1;080011174;0;0;168;168;50;0;1;0;0;616;1;1;;;;618;395;51;6;88;250;214;0;0;86;128;;;;;;;;;;;;;;;;
SMURSAMU;2021;090000175;CHIVAL SITE ST JEAN DE VERGES;090781774;1;1;0;0;0;;0;1;168;168;224;2;3;1;0;973;415;;110;;;1498;237;161;5;52;;866;62;118;678;188;140000;;;;41083;25072;16011;199;168;31;208;1;12;0;1378;1
SMURSAMU;2021;090000183;CH ARIEGE COUSERANS SITE ST LIZIER;090781816;1;1;0;0;0;;0;0;168;168;168;1;1;;;309;150;35;;;;494;170;58;0;31;76;139;7;26;101;38;;;;;;;;;;;;;;;;
SMURSAMU;2021;100000090;CENTRE HOSPITALIER DE TROYES;100000017;1;1;0;0;0;;0;1;336;336;372;2;3;0;0;1757;416;25;0;0;0;2198;959;221;16;81;641;798;122;167;694;104;198740;0;163461;;107930;39845;9294;216;168;48;468;0;11;;150;0
SMURSAMU;2021;100000199;CENTRE HOSPITALIER DE ROMILLY/SEINE;100006279;1;1;0;0;0;;0;0;168;168;48;0;1;0;0;499;38;0;0;0;0;537;279;81;2;106;89;401;56;145;250;151;;;;;;;;;;;;;;;;
SMURSAMU;2021;100010206;ANTENNE SMUR DE BAR SUR AUBE;100000017;1;0;0;0;1;100000017;0;0;168;168;168;0;1;0;0;377;9;0;0;0;0;386;271;51;5;20;195;106;11;16;81;25;;;;;;;;;;;;;;;;
SMURSAMU;2021;110000023;CH CARCASSONNE;110780061;1;1;0;0;0;;0;1;335;336;336;2;2;1;;1508;185;34;176;55;;1958;861;188;13;121;539;840;65;158;777;63;146363;3333;141794;136066;101777;86071;21110;227;168;59;563;0;0;;3574;1
SMURSAMU;2021;110000056;CH NARBONNE HOTEL DIEU;110780137;1;1;0;0;0;;0;0;339;339;0;2;5;1;0;1426;435;39;124;48;0;2072;455;10;1;1;443;1095;59;295;843;252;;;;;;;;;;;;;;;;
SMURSAMU;2021;110007580;CH CARCASSONNE SMUR ANTENNE CASTELNAUD;110780061;1;0;0;0;1;110780061;0;0;88;88;88;;2;;;417;49;;;;;466;258;30;4;45;179;182;9;34;93;89;;;;;;;;;;;;;;;;
SMURSAMU;2021;110007598;CH CARCASSONNE SMUR ANTENNE QUILLAN;110780061;1;0;0;0;1;110780061;0;0;164;164;0;;1;;;412;;;;;;412;337;41;8;51;237;79;5;13;64;15;;;;;;;;;;;;;;;;
SMURSAMU;2021;120000039;CH DE RODEZ HOPITAL JACQUES PUEL;120780044;1;1;0;0;0;;0;1;168;252;168;1;3;1;0;1002;197;173;383;272;0;2027;517;156;0;85;276;1064;103;245;940;124;108768;1887;100150;59338;57378;55199;23009;236;168;68;338;1;;0;3120;0
SMURSAMU;2021;120000054;CH VILLEFRANCHE SITE CHARTREUSE;120780069;1;1;0;0;0;;0;0;186;186;0;;;;;279;28;;;;;307;51;37;;14;;228;14;55;194;34;;;;;;;;;;;;;;;;
SMURSAMU;2021;120000070;CH PIERRE DELPECH DECAZEVILLE;120780085;1;1;0;0;0;;0;0;208;336;0;;;;;327;;;;;;327;77;46;;16;0;258;21;65;170;88;;;;;;;;;;;;;;;;
SMURSAMU;2021;120004569;CH MILLAU;120004528;1;1;0;0;0;;0;0;168;168;0;;1;;;287;48;1;;;;336;112;40;0;9;63;284;24;79;194;90;;;;;;;;;;;;;;;;
SMURSAMU;2021;120004668;CH EMILE BOREL ST AFFRIQUE;120004619;1;1;0;0;0;;0;0;168;168;0;2;1;0;;193;35;14;0;0;0;242;53;27;1;10;15;160;11;53;125;35;;;;;;;;;;;;;;;;
SMURSAMU;2021;130000409;CHI SITE D'AIX EN PROVENCE;130041916;1;1;0;0;0;;0;0;168;252;0;0;1;0;0;1927;165;;;;;2092;1147;208;34;117;759;780;82;137;516;264;;;;;;;;;;;;;;;;
SMURSAMU;2021;130000565;CENTRE HOSPITALIER GENERAL D'AUBAGNE;130781446;1;1;0;0;0;;0;0;168;168;168;1;2;0;0;1462;184;;;;;1646;779;128;12;69;570;1202;;;299;903;;;;;;;;;;;;;;;;
SMURSAMU;2021;130001225;HOPITAL DU PAYS SALONAIS;130782634;1;1;0;0;0;;0;0;168;168;0;0;1;0;0;1227;75;;;;;1302;657;132;15;47;463;1003;;;502;501;;;;;;;;;;;;;;;;
SMURSAMU;2021;130002215;CENTRE HOSPITALIER GENERAL LA CIOTAT;130785512;1;1;0;0;0;130785512;0;0;168;168;168;;1;;;1049;95;;;;;1144;;105;7;50;442;982;;;594;388;;;;;;;;;;;;;;;;
SMURSAMU;2021;130002827;CH JOSEPH IMBERT D'ARLES;130789274;1;1;0;0;0;;0;0;168;168;0;;;;;1202;77;;;;;1279;;;;;;;;;;;;;;;;;;;;;;;;;;
SMURSAMU;2021;130002835;CH DE MARTIGUES HOPITAL DES RAYETTES;130789316;1;1;0;0;0;;0;0;252;252;0;;;;;1412;105;;;;;1517;;144;86;0;552;1160;;;703;457;;;;;;;;;;;;;;;;
SMURSAMU;2021;130044977;APHM ANTENNE SMUR DE MARIGNANE;130786049;1;0;0;0;1;130783293;0;0;168;168;168;1;1;;;1479;146;;;;;1625;771;131;18;107;847;708;32;81;171;537;;;;;;;;;;;;;;;;
SMURSAMU;2021;130044985;APHM ANTENNE SMUR DE LOUVAIN;130786049;1;0;0;0;1;130783293;0;0;168;168;168;1;;;1;1909;337;;;;5;2251;939;258;17;136;1020;970;48;151;363;607;;;;;;;;;;;;;;;;
SMURSAMU;2021;130044993;APHM ANTENNE SMUR DE PLOMBIERES;130786049;1;0;0;0;1;130783293;0;0;168;168;168;1;;;;2700;170;;;;;2870;1442;338;33;334;1550;1258;100;96;764;494;;;;;;;;;;;;;;;;
SMURSAMU;2021;130045008;APHM ANTENNE SMUR D'ENDOUME;130786049;1;0;0;0;1;130783293;0;0;168;168;168;1;;;;1344;152;;;;1;1497;691;151;10;98;752;652;32;79;235;417;;;;;;;;;;;;;;;;
SMURSAMU;2021;130045016;APHM ANTENNE SMUR DE MARIGNANE;130786049;1;0;0;0;1;130783293;0;0;84;84;84;;;1;;;;;302;2;;304;;;;;;274;22;1;5;81;;;;;;;;;;;;;;;;
SMURSAMU;2021;130045040;APHM ANTENNE SMUR DE LAVERAN;130786049;1;0;0;0;1;130783293;0;0;140;140;140;2;;;;1425;255;;;;;1680;723;174;13;85;716;702;41;138;267;435;;;;;;;;;;;;;;;;
SMURSAMU;2021;130780521;APHM HOPITAL NORD;130786049;1;0;0;0;1;130783293;0;0;168;168;168;2;;;;1575;514;;5;;;2094;714;179;15;84;715;861;77;140;539;322;;;;;;;;;;;;;;;;
SMURSAMU;2021;130783293;APHM HOPITAL LA TIMONE;130786049;1;1;0;0;0;;0;1;336;336;336;8;4;1;0;2612;962;;103;448;;4125;1596;297;27;139;1046;1016;132;267;1395;379;811933;;745249;636879;755771;450629;101838;746;746;249;1512;0;0;;19299;0
SMURSAMU;2021;130804297;APHM HOPITAL LA TIMONE ENFANTS;130786049;1;0;0;1;0;;0;0;168;168;168;2;;;;202;816;;29;152;;1199;51;10;;;30;78;1164;;976;825;;;;;;;;;;;;;;;;
SMURSAMU;2021;140000027;CENTRE HOSPITALIER DE LISIEUX;140000035;1;1;0;0;0;;0;0;170;170;170;;2;;;515;6;;;;;521;;96;7;6;;413;39;84;350;63;;;;;;;;;;;;;;;;
SMURSAMU;2021;140000209;CHU COTE DE NACRE - CAEN;140000100;1;1;0;1;0;;0;1;386;336;504;3;3;;;2595;1478;1275;10;4;;5362;484;328;9;50;1363;2046;160;248;1393;653;297229;0;257443;213307;161382;155415;61996;380;168;212;528;0;0;;14144;1
SMURSAMU;2021;140000233;CENTRE HOSPITALIER DE FALAISE;140000118;1;1;0;0;0;;0;0;168;175;175;2;3;;;346;16;;;;;362;117;65;0;9;43;270;21;74;173;97;;;;;;;;;;;;;;;;
SMURSAMU;2021;140000373;CENTRE HOSPITALIER DE VIRE;140000159;1;1;0;0;0;;0;0;168;168;168;0;1;0;0;342;147;0;0;0;0;489;91;72;19;0;0;261;14;70;248;13;;;;;;;;;;;;;;;;
SMURSAMU;2021;140024886;CENTRE HOSPITALIER - AUNAY-BAYEUX;140000092;1;1;0;0;0;;0;0;168;168;168;;1;;;454;8;;;;;462;98;73;;25;;356;16;58;268;88;;;;;;;;;;;;;;;;
SMURSAMU;2021;140026410;CH COTE FLEURIE - SITE DE CRICQUEBOEUF;140026279;1;1;0;0;0;;0;0;168;168;168;;1;;;463;40;;;;;503;90;68;;22;;178;15;77;254;162;;;;;;;;;;;;;;;;
SMURSAMU;2021;150000032;CH DE SAINT-FLOUR;150780088;1;1;0;0;0;;0;0;168;168;;0;2;0;0;356;109;0;0;0;0;465;171;51;2;15;94;282;46;107;229;53;;;;;;;;;;;;;;;;
SMURSAMU;2021;150000040;CH HENRI MONDOR;150780096;1;1;0;0;0;;0;1;253;253;253;2;2;1;0;965;437;0;224;247;0;1873;450;125;5;118;242;708;31;110;625;83;82406;6662;70196;65454;53774;37208;7576;188;168;20;222;1;20;0;651;0
SMURSAMU;2021;150000164;CH DE MAURIAC;150780468;1;1;0;0;0;;0;0;;;;;1;;;310;108;10;;;;428;91;53;4;13;21;;;;139;80;;;;;;;;;;;;;;;;
SMURSAMU;2021;160000253;CENTRE HOSPITALIER D'ANGOULEME;160000451;1;1;0;0;0;;0;1;336;336;336;3;3;0;0;1807;465;362;70;40;0;2744;602;234;76;58;221;1190;54;228;1127;63;176388;14564;154223;133336;84430;71041;40891;328;168;160;356;0;1;0;170;0
SMURSAMU;2021;160000303;CH HOPITAUX SUD-CHARENTE;160006037;1;1;0;0;0;;0;0;168;168;168;1;1;;;381;1;;;;;382;102;39;22;37;;280;;;141;139;;;;;;;;;;;;;;;;
SMURSAMU;2021;160000311;CENTRE HOSPITALIER CONFOLENS;160000485;1;1;0;0;0;;0;0;168;160;8;1;1;;;358;78;;;;;436;145;40;;35;61;213;6;68;120;93;;;;;;;;;;;;;;;;
SMURSAMU;2021;160000337;CENTRE HOSPITALIER DE RUFFEC;160000493;1;1;0;0;0;;0;0;168;184;168;1;;;;538;4;2;3;0;0;547;111;64;0;23;0;292;30;108;54;238;;;;;;;;;;;;;;;;
SMURSAMU;2021;160015368;HOPITAUX DU GRAND COGNAC;160014411;1;1;0;0;0;;0;0;168;168;168;1;1;;;553;4;;9;9;;575;164;84;4;56;20;398;34;136;273;125;;;;;;;;;;;;;;;;
SMURSAMU;2021;170000038;CENTRE HOSPITALIER JONZAC;170780050;1;1;0;0;0;;0;0;168;168;168;;2;;;473;13;;;;;486;150;57;5;15;73;294;41;44;128;166;;;;;;;;;;;;;;;;
SMURSAMU;2021;170000087;HOPITAL SAINT-LOUIS - LA ROCHELLE;170024194;1;1;1;0;0;;0;1;357;357;357;3;3;;;1703;515;;175;111;9;2513;719;215;8;137;418;920;77;85;837;83;300410;19024;266997;217301;234723;148550;86173;453;217;236;752;0;3;0;2478;0
SMURSAMU;2021;170000095;CENTRE HOSPITALIER ST-JEAN D'ANGELY;170780167;1;1;0;0;0;;0;0;168;168;168;;1;;;347;4;22;;;;373;111;59;;24;28;250;16;34;142;108;;;;;;;;;;;;;;;;
SMURSAMU;2021;170000103;CTRE HOSP. DE SAINTONGE - SAINTES;170780175;1;1;0;0;0;;0;0;336;336;336;2;1;0;0;760;753;0;22;8;0;1543;349;93;57;;199;608;;;549;59;;;;;;;;;;;;;;;;
SMURSAMU;2021;170000129;CENTRE HOSPITALIER ROYAN-ATLANTIQUE;170780191;1;1;0;0;0;;0;0;168;168;168;;2;;;656;17;;;;;673;331;110;3;25;193;412;;;302;110;;;;;;;;;;;;;;;;
SMURSAMU;2021;170000152;CENTRE HOSPITALIER ROCHEFORT;170780225;1;1;0;0;0;;0;0;168;168;168;;2;;;833;;;;;;833;436;107;5;145;436;668;72;113;483;185;;;;;;;;;;;;;;;;
SMURSAMU;2021;170024590;CH ROCHEFORT - SITE ST PIERRE OLERON;170780225;1;0;0;0;1;170780225;1;0;168;168;168;;1;;;164;0;0;0;0;0;164;118;11;1;31;32;105;21;20;85;20;;;;;;;;;;;;;;;;
SMURSAMU;2021;180000010;CH BOURGES - JACQUES COEUR;180000028;1;1;0;0;0;;0;1;336;350;336;3;1;;;1721;374;238;;;;2333;604;200;12;102;275;985;69;80;972;13;;;;;105410;91784;9274;202;168;34;420;1;1;;1170;1
SMURSAMU;2021;180000200;CH DE VIERZON;180000051;1;1;0;0;0;;0;0;168;168;0;0;2;0;0;653;66;1;;5;0;725;246;99;8;30;109;511;41;151;444;67;;;;;;;;;;;;;;;;
SMURSAMU;2021;180000283;CH SAINT AMAND-MONTROND;180000069;1;1;0;0;0;;0;0;168;171;;;;;;599;34;;;;;633;300;80;3;35;190;308;9;57;203;105;;;;;;;;;;;;;;;;
SMURSAMU;2021;190000018;CENTRE HOSPITALIER DUBOIS BRIVE;190000042;1;1;0;0;0;;0;0;336;168;336;2;3;0;0;930;354;0;0;67;0;1351;247;147;5;75;20;688;122;239;688;0;;;;;;;;;;;;;;;;
SMURSAMU;2021;190000026;CENTRE HOSPITALIER COEUR DE CORREZE;190000059;1;1;0;0;0;;0;1;168;168;168;1;2;;;899;244;;;;;1143;475;80;29;361;5;424;35;64;320;104;122373;0;113445;;75548;57106;24982;274;168;106;420;0;9;;1985;1
SMURSAMU;2021;190010892;CH TULLE - ANTENNE SMUR USSEL;190000059;1;0;0;0;1;190000059;0;0;168;168;168;0;2;0;0;396;155;;;;;551;;;;;;;;;;;;;;;;;;;;;;;;;;
SMURSAMU;2021;210987558;HOPITAL LE BOCAGE CHRU DIJON;210780581;1;1;0;1;0;;0;1;587;630;504;5;5;1;0;3100;1104;414;169;561;0;5348;1341;330;18;251;720;2008;232;306;1659;349;394520;30373;351628;315175;217844;170593;59809;672;372;300;1061;0;0;0;7349;0
SMURSAMU;2021;210987657;HOSPICES CIVILS DE BEAUNE;210012175;1;1;0;0;0;;0;0;168;168;168;1;2;;;873;42;;;;;915;198;118;;80;;710;58;166;541;169;;;;;;;;;;;;;;;;
SMURSAMU;2021;210987665;CH HCO SITE DE CHATILLON SUR SEINE;210012142;1;1;0;0;0;;0;0;168;168;168;;1;;;233;;;;;;233;119;43;;76;;172;;;106;66;;;;;;;;;;;;;;;;
SMURSAMU;2021;210987699;CENTRE HOSPITALIER ROBERT MORLEVAT;210780706;1;1;0;0;0;;0;0;168;175;168;2;1;;;431;13;0;0;0;0;444;94;49;0;45;0;337;44;80;299;38;;;;;;;;;;;;;;;;
SMURSAMU;2021;220000012;CENTRE HOSPITALIER YVES LE FOLL;220000020;1;1;0;0;0;;0;1;336;220;381;3;4;1;0;1778;682;284;302;229;0;3275;867;198;9;48;597;1198;17;31;123;1075;266448;3015;224301;;129656;121427;73064;384;168;216;635;1;1;0;1600;0
SMURSAMU;2021;220000095;CTRE HOSPITALIER DINAN;220000046;1;1;0;0;0;;0;0;168;168;168;1;1;;;773;25;103;;;;901;178;75;;24;79;595;43;123;378;217;;;;;;;;;;;;;;;;
SMURSAMU;2021;220000343;CENTRE HOSPITALIER GUINGAMP;220000079;1;1;0;0;0;;0;0;10;10;10;0;1;0;0;472;1;;;;;473;77;65;1;11;;395;21;;279;116;;;;;;;;;;;;;;;;
SMURSAMU;2021;220000368;CENTRE HOSPITALIER LANNION;220000103;1;1;0;0;0;;0;0;168;168;86;;1;;;665;8;;;;;673;270;100;23;;139;395;;;359;36;;;;;;;;;;;;;;;;
SMURSAMU;2021;220000541;CENTRE HOSPITALIER PAIMPOL;220000152;1;1;0;0;0;;0;0;168;168;168;;1;;;345;21;;;;;366;79;49;;30;;291;17;62;194;97;;;;;;;;;;;;;;;;
SMURSAMU;2021;230000820;CENTRE HOSPITALIER GUERET;230780041;1;1;0;0;0;;0;1;168;168;120;1;3;0;0;697;332;70;0;0;0;1099;201;113;5;12;71;496;0;0;402;94;41288;0;41288;;41288;40998;5812;212;168;44;252;1;1;0;1084;0
SMURSAMU;2021;240000372;C.H DE BERGERAC;240000059;1;1;0;0;0;;0;0;165;178;177;;1;;;629;127;;;;;756;345;102;6;32;194;489;35;97;370;119;;;;;;;;;;;;;;;;
SMURSAMU;2021;240000489;CENTRE HOSPITALIER DE PERIGUEUX;240000117;1;1;0;0;0;;0;1;504;336;336;2;2;1;0;1544;716;28;248;209;0;2745;829;262;17;33;506;1765;107;231;1525;240;186480;15188;162025;133994;122674;105931;49941;254;168;86;528;0;13;0;967;0
SMURSAMU;2021;240000687;CENTRE HOSPITALIER SARLAT;240000448;1;1;0;0;0;;0;0;168;168;168;;;;;436;23;2;;;;461;109;80;0;29;0;313;25;45;215;98;;;;;;;;;;;;;;;;
SMURSAMU;2021;250000700;CHI HC SITE RIVES DU DOUBS PONTARLIER;250000452;1;1;0;0;0;;0;0;168;168;168;;2;;;896;195;;;;;1091;489;83;2;16;306;795;117;166;681;114;;;;;;;;;;;;;;;;
SMURSAMU;2021;250006954;CHRU JEAN MINJOZ;250000015;1;1;0;0;0;;0;1;504;504;504;2;4;1;0;3345;559;;611;463;;4978;1576;288;67;267;954;3578;402;582;3116;462;599573;0;549626;468550;380026;248529;92374;785;469;316;1416;1;12;0;12704;0
SMURSAMU;2021;260000013;CH DE VALENCE;260000021;1;1;0;0;0;;0;1;336;336;336;2;2;1;;1703;847;272;310;385;0;3517;378;301;12;42;23;1311;155;169;1005;306;387757;;312043;278032;154290;123007;57802;372;168;204;522;0;25;;1771;0
SMURSAMU;2021;260000120;HOPITAUX DROME NORD - ROMANS-SUR-ISERE;260016910;1;1;0;0;0;;0;0;168;168;168;;2;;;1017;28;;9;;;1054;;;;;;;;;;;;;;;;;;;;;;;;;;
SMURSAMU;2021;260000138;CH PORTES PROVENCE MONTELIMAR;260000047;1;1;0;0;0;;0;0;168;172;168;1;1;0;0;951;64;0;0;0;0;1015;375;140;10;31;206;549;45;66;446;103;;;;;;;;;;;;;;;;
SMURSAMU;2021;270000045;CH BERNAY;270000060;1;1;0;0;0;;0;0;168;166;105;;1;;;559;54;;;;;613;287;71;1;27;189;330;27;82;170;160;;;;;;;;;;;;;;;;
SMURSAMU;2021;270000359;CH EVREUX CH EURE-SEINE;270023724;1;1;0;0;0;;0;1;336;336;336;1;3;1;;1585;1070;;3;9;;2667;270;175;10;48;693;1341;160;164;1069;272;286608;;240121;190354;105344;99737;2;252;252;192;229;1;;;1028;0
SMURSAMU;2021;270000367;CH GISORS;270000086;1;1;0;0;0;;0;0;168;168;168;0;1;0;0;755;44;0;0;0;0;799;379;92;2;31;;490;69;146;244;246;;;;;;;;;;;;;;;;
SMURSAMU;2021;270000425;CH PONT-AUDEMER;270000102;1;1;0;0;0;;0;0;168;168;168;;2;;;714;;;;;;714;144;92;1;51;;589;;;226;363;;;;;;;;;;;;;;;;
SMURSAMU;2021;270000441;CH VERNEUIL-SUR-AVRE;270000110;1;1;0;0;0;;0;0;168;168;168;;;;;436;39;;;10;;485;223;53;1;20;149;225;16;32;65;160;;;;;;;;;;;;;;;;
SMURSAMU;2021;270000458;CH VERNON CH EURE-SEINE;270023724;1;1;0;0;0;;0;0;168;168;168;;1;;;806;57;;;;;863;143;87;5;30;362;694;84;94;;694;;;;;;;;;;;;;;;;
SMURSAMU;2021;280000084;CH DREUX;280000183;1;1;0;0;0;;0;1;252;336;168;1;3;1;0;1131;306;40;85;380;0;1942;591;200;10;62;461;625;52;90;387;238;233031;1658;163287;140638;106217;92047;18443;316;252;64;420;0;0;0;2641;0
SMURSAMU;2021;280000662;CH CHATEAUDUN;280500075;1;1;0;0;0;;0;0;40;40;40;0;1;0;0;693;15;;;;;708;208;114;2;78;212;299;21;61;147;152;;;;;;;;;;;;;;;;
SMURSAMU;2021;280502998;CH NOGENT LE ROTROU - NOUVEL HÔPITAL;280000589;1;1;0;0;0;;0;0;168;168;168;0;1;0;0;523;7;0;0;0;0;530;317;85;6;29;199;206;11;37;105;101;;;;;;;;;;;;;;;;
SMURSAMU;2021;280504267;CH CHARTRES LOUIS PASTEUR-LE COUDRAY;280000134;1;1;0;0;0;;0;0;336;336;168;3;1;0;0;1421;311;0;0;1;0;1733;774;274;9;48;485;1131;110;171;1070;61;;;;;;;;;;;;;;;;
SMURSAMU;2021;290000025;CHIC QUIMPER;290020700;1;1;0;0;0;;0;0;168;168;168;1;1;0;0;1266;183;38;30;4;;1521;597;91;53;31;415;1105;98;217;887;218;;;;;;;;;;;;;;;;
SMURSAMU;2021;290000033;C.H. DES PAYS DE MORLAIX;290021542;1;1;0;0;0;;0;0;168;168;168;1;1;;;1169;149;;0;0;;1318;624;114;6;83;418;538;41;83;391;147;;;;;;;;;;;;;;;;
SMURSAMU;2021;290000066;CHIC SITE DE CONCARNEAU;290020700;1;1;0;0;1;290020700;0;0;168;168;168;0;1;0;0;846;117;11;18;0;0;992;423;59;47;14;303;736;67;129;613;123;;;;;;;;;;;;;;;;
SMURSAMU;2021;290000256;CHRU BREST SITE HOPITAL DE CARHAIX;290000017;1;1;0;0;0;290000017;0;0;168;168;168;1;1;0;0;491;123;0;0;0;0;614;232;48;3;18;163;249;29;114;113;136;;;;;;;;;;;;;;;;
SMURSAMU;2021;290000785;ETABLISSEMENT DE SOINS HOTEL DIEU;220020739;1;1;0;0;0;;0;0;168;168;168;1;1;1;0;536;100;0;12;6;;654;82;51;2;27;;464;;;258;206;;;;;;;;;;;;;;;;
SMURSAMU;2021;290000934;GHBS - HOPITAL LA VILLENEUVE;560005746;1;1;0;0;0;;0;0;170;168;168;;1;;;788;127;;30;7;0;952;354;42;1;10;301;460;75;123;245;215;;;;;;;;;;;;;;;;
SMURSAMU;2021;290004324;CHRU BREST SITE HOPITAL CAVALE BLANCHE;290000017;1;1;0;0;0;290000017;0;1;470;578;410;2;3;1;0;3203;1861;688;550;229;40;6571;1542;243;11;166;1122;2499;412;431;1675;824;375177;3948;368209;330062;214276;182209;88748;313;168;145;801;0;4;0;4555;0
SMURSAMU;2021;290029982;SMUR SITE CH DOUARNENEZ - CHIC;290020700;1;1;0;0;1;290002070;0;0;84;84;84;;1;;;372;162;18;15;7;;574;181;33;11;4;133;318;25;52;235;83;;;;;;;;;;;;;;;;
SMURSAMU;2021;2A0000022;CH ND LA MISERICORDE;2A0000014;1;1;0;0;0;;0;1;336;336;588;3;4;1;0;1972;792;19;354;908;0;4045;212;110;6;60;36;2146;184;1228;2115;31;77332;5738;70246;63443;71164;53613;17551;217;168;49;336;1;4;1;1993;0
SMURSAMU;2021;2A0003125;ANTENNE DU SMUR SARTENE;2A0000014;1;0;0;0;1;2A0000014;0;0;168;168;168;0;1;0;0;327;52;0;0;0;0;379;64;8;0;32;24;269;17;64;257;12;;;;;;;;;;;;;;;;
SMURSAMU;2021;2A0003133;ANTENNE DU SMUR PORTO VECCHIO;2A0000014;1;0;0;0;1;2A0000014;0;0;168;168;168;1;1;0;0;650;179;0;0;0;0;829;130;29;2;45;53;507;29;48;49;458;;;;;;;;;;;;;;;;
SMURSAMU;2021;2A0003141;ANTENNE DU SMUR BONIFACIO;2A0000014;1;0;0;0;1;2A0000014;0;0;168;168;168;0;1;0;0;314;38;0;0;0;0;352;94;11;1;29;52;206;25;22;45;161;;;;;;;;;;;;;;;;
SMURSAMU;2021;2B0000012;CENTRE HOSPITALIER DE BASTIA;2B0000020;1;1;0;0;0;2B0000020;0;1;386;356;588;2;2;1;0;1960;1393;67;550;640;0;4610;117;130;21;58;0;4493;0;0;0;0;0;0;0;0;45000;41937;16690;266;168;98;420;1;3;0;3300;0
SMURSAMU;2021;2B0003420;ANTENNE SMUR DE CALVI;2B0000020;1;0;0;0;1;2B0000020;0;0;168;168;168;0;1;0;0;394;50;0;0;0;0;444;0;0;0;0;0;0;0;0;0;0;;;;;;;;;;;;;;;;
SMURSAMU;2021;2B0004907;ANTENNE SMUR DE CORTE;2B0000020;1;0;0;0;1;2B0000020;0;0;168;168;168;0;1;0;0;216;92;0;0;0;0;308;0;0;0;0;0;0;0;0;0;0;;;;;;;;;;;;;;;;
SMURSAMU;2021;2B0005409;ANTENNE SMUR GHISONACCIA;2B0000020;1;0;0;0;1;2B0000020;0;0;168;168;168;0;1;0;0;977;0;0;0;0;0;977;0;0;0;0;0;0;0;0;0;0;;;;;;;;;;;;;;;;
SMURSAMU;2021;300000023;CH ALES CEVENNES;300780046;1;1;0;0;0;;0;0;168;168;0;0;2;0;0;1474;17;0;0;0;0;1491;862;205;10;122;423;1134;61;219;874;260;;;;;;;;;;;;;;;;
SMURSAMU;2021;300000031;CH LOUIS PASTEUR;300780053;1;1;0;0;0;;0;0;188;168;0;0;1;0;0;801;0;0;0;0;0;801;133;72;12;49;;668;35;128;579;89;;;;;;;;;;;;;;;;
SMURSAMU;2021;300782117;CHU NIMES CAREMEAU;300780038;1;1;0;0;0;;0;1;504;474;599;4;3;1;;3170;1375;532;237;335;;5649;;273;18;224;;2683;202;499;2407;276;423334;42214;296908;187423;244517;206309;60769;354;218;136;1056;0;17;;2790;0
SMURSAMU;2021;310000310;CH COMMINGES PYRENEES SITE ST PLANCARD;310780671;1;1;0;0;0;;0;0;168;168;168;1;1;;;888;270;134;1;;;1293;512;116;9;82;330;379;23;85;211;168;;;;;;;;;;;;;;;;
SMURSAMU;2021;310016977;HOPITAUX MERE & ENFANTS SITE VIGUIER;310781406;1;0;0;1;0;;0;0;238;168;;1;1;;0;533;633;174;28;189;0;1557;224;5;0;153;111;373;239;2;268;105;;;;;;;;;;;;;;;;
SMURSAMU;2021;310783048;HOPITAL PURPAN CHU TLSE;310781406;1;1;0;0;0;;0;1;784;924;756;3;4;2;0;8691;1614;754;810;308;0;12177;5291;832;50;1758;2962;4236;207;737;1350;2886;672454;58369;554536;452192;296956;216785;86286;876;526;350;1337;1;30;30;5261;0
SMURSAMU;2021;320000086;CH AUCH EN GASCOGNE;320780117;1;1;0;0;0;320780117;0;1;168;168;168;1;3;0;0;1085;120;0;0;0;0;1205;0;0;0;0;0;0;0;0;0;0;102120;0;102120;102120;45409;43049;14338;168;0;0;168;1;10;0;2987;1
SMURSAMU;2021;320004922;CENTRE HOSPIT D'AUCH - ANTENNE CONDOM;320780117;1;0;0;0;1;320780117;0;0;;;;1;;;;459;80;;;;;539;237;49;4;40;144;169;10;36;41;128;;;;;;;;;;;;;;;;
SMURSAMU;2021;330000555;CENTRE HOSPITALIER D'ARCACHON;330781204;1;1;0;0;0;;0;0;168;168;168;;1;;;781;;;0;;;781;131;94;37;;;658;38;166;484;174;;;;;;;;;;;;;;;;
SMURSAMU;2021;330000571;CH DE LA HAUTE GIRONDE;330781220;1;1;0;0;0;;0;0;168;168;168;;1;;;541;3;0;;;;544;112;65;47;112;234;403;44;80;261;142;;;;;;;;;;;;;;;;
SMURSAMU;2021;330000589;CH SUD GIRONDE - SITE LANGON;330027509;1;1;0;0;0;;0;0;168;168;168;;1;;;847;;;;;;847;166;113;0;53;0;681;52;114;436;245;;;;;;;;;;;;;;;;
SMURSAMU;2021;330000605;CTRE HOSPIT.R.BOULIN-LIBOURNE;330781253;1;1;0;0;0;;0;0;168;168;168;1;2;0;0;1118;47;31;;;;1196;575;137;6;45;350;643;45;80;581;62;;;;;;;;;;;;;;;;
SMURSAMU;2021;330058355;CH LIBOURNE- ANTENNE STE-FOY-LA-GRANDE;330781253;1;0;0;0;1;330781253;0;0;168;168;168;0;1;0;0;381;33;39;;;;453;207;59;3;11;118;192;14;26;141;51;;;;;;;;;;;;;;;;
SMURSAMU;2021;330780495;CLINIQUE MUTUALISTE DU MEDOC;330796392;1;1;0;0;0;;0;0;168;168;168;;5;;;621;;;;;;621;;;;;;498;43;77;309;189;;;;;;;;;;;;;;;;
SMURSAMU;2021;330780537;HOPITAL PRIVE WALLERSTEIN;330000324;1;1;0;0;0;;0;0;168;168;168;1;1;0;0;541;;;;;;541;251;70;21;17;110;300;11;256;208;92;;;;;;;;;;;;;;;;
SMURSAMU;2021;330781360;GROUPE HOSPITALIER PELLEGRIN - CHU;330781196;1;1;0;1;0;;0;1;773;588;588;7;5;1;0;5943;2508;287;364;338;;9440;3062;627;92;336;2077;3242;1266;1092;;;670873;;576331;;410217;367474;180498;678;336;342;1700;0;0;0;18191;0
SMURSAMU;2021;340000033;CH BEZIERS;340780055;1;1;0;0;0;;0;0;336;336;336;1;2;;;2639;143;309;;;;3091;550;271;12;176;1381;2031;114;324;1758;273;;;;;;;;;;;;;;;;
SMURSAMU;2021;340000223;HOPITAL ST CLAIR HBT SETE;340011295;1;1;0;0;0;;0;0;168;168;0;;;;;1139;;;27;;;1166;771;117;8;126;520;904;69;235;722;182;;;;;;;;;;;;;;;;
SMURSAMU;2021;340022763;CHU MTP SMUR ANTENNE LUNEL;340780477;1;0;0;0;1;340780477;0;0;168;168;168;;1;;;1509;15;0;0;0;0;1524;1121;77;3;103;556;401;23;65;;;;;;;;;;;;;;;;;;
SMURSAMU;2021;340022771;CHU MTP SMUR ANTENNE GANGES;340780477;1;0;0;0;1;340780477;0;0;168;168;168;;1;;;667;21;0;0;0;0;688;524;41;2;35;191;147;9;33;;;;;;;;;;;;;;;;;;
SMURSAMU;2021;340025279;CHU MTP PF TELEPHONE SAMU VAILHAUQUES;340780477;0;;;;;;;1;;;;;;;;;;;;;;;;;;;;;;;;;538903;;476088;285549;299892;252469;71304;336;336;92;1008;0;10;;898;1
SMURSAMU;2021;340027739;CHU MTP SMUR ANTENNE CLERMONT HERAULT;340780477;1;0;0;0;1;340785161;0;0;168;168;168;;1;;;1319;10;;;;;1329;960;69;8;113;623;395;32;48;;;;;;;;;;;;;;;;;;
SMURSAMU;2021;340780436;HOPITAL ST LOUP HBT AGDE;340011295;1;0;0;0;1;340011295;0;0;168;168;;;;;;1190;;;;;;1190;684;106;13;43;522;900;57;166;501;399;;;;;;;;;;;;;;;;
SMURSAMU;2021;340785161;HOPITAL LAPEYRONIE CHU MONTPELLIER;340780477;1;1;0;1;0;;0;0;672;672;1008;6;3;1;0;4593;1982;1927;283;578;0;9363;2449;222;21;319;1041;;;;;;;;;;;;;;;;;;;;;
SMURSAMU;2021;350000147;CENTRE HOSPITALIER SAINT-MALO;350000022;1;1;0;0;0;;0;0;168;168;168;;1;;;1367;8;;;;;1375;524;136;;87;301;784;65;225;760;24;;;;;;;;;;;;;;;;
SMURSAMU;2021;350000154;C.H FOUGERES;350000030;1;1;0;0;0;;0;0;168;168;168;1;;;;570;6;0;20;1;0;597;206;56;13;13;124;394;32;70;287;107;;;;;;;;;;;;;;;;
SMURSAMU;2021;350000162;CHIRC SITE REDON;350000048;1;1;0;0;0;;0;0;168;168;168;;2;;;655;6;;;;;661;66;32;3;10;21;599;58;101;472;127;;;;;;;;;;;;;;;;
SMURSAMU;2021;350000188;CENTRE HOSPITALIER VITRE;350000055;1;1;0;0;0;;0;0;168;168;168;;1;;;630;8;;;;;638;333;51;0;46;269;312;29;58;168;144;;;;;;;;;;;;;;;;
SMURSAMU;2021;350000741;CHRU RENNES SITE PONTCHAILLOU;350005179;1;1;0;0;0;;0;1;448;420;588;4;6;1;0;4563;1981;350;258;385;0;7537;1688;369;18;274;1062;4302;476;482;3592;710;386764;11439;366155;329846;210636;200224;97610;832;406;426;1018;0;0;0;1818;0
SMURSAMU;2021;360000137;CH CHATEAUROUX;360000053;1;1;0;0;0;;0;1;336;336;336;3;3;1;0;1297;578;412;154;298;0;2739;383;235;4;79;65;1081;110;201;919;162;212409;27946;180245;171261;130871;94087;17917;220;168;52;420;0;27;;714;0
SMURSAMU;2021;360008056;CH CHATEAUROUX - ANTENNE DU BLANC;360000053;1;0;0;0;1;360000053;0;0;168;168;0;0;1;0;0;155;;;;;;155;44;36;1;6;1;113;10;21;85;28;;;;;;;;;;;;;;;;
SMURSAMU;2021;360008072;CH CHATEAUROUX - ANTENNE CH ISSOUDUN;360000053;1;0;0;0;1;360000053;0;0;70;70;;0;1;0;0;111;;;;;;111;27;20;0;7;0;74;5;9;40;34;;;;;;;;;;;;;;;;
SMURSAMU;2021;370000499;CHRU CLOCHEVILLE – TOURS;370000481;1;0;0;1;0;;0;0;168;173;168;1;;;;0;382;;;127;;509;;;;;;;;;;;;;;;;;;;;;;;;;;
SMURSAMU;2021;370000531;CH DU CHINONAIS;370000606;1;1;0;0;0;;0;0;168;168;0;0;1;0;0;461;18;0;0;0;0;479;182;64;1;23;75;279;52;65;179;100;;;;;;;;;;;;;;;;
SMURSAMU;2021;370000879;CHIC - AMBOISE- HÔPITAL ROBERT DEBRÉ;370000564;1;1;0;0;0;;0;0;168;168;0;2;;;;439;21;;;;;460;181;64;12;14;91;303;;;123;180;;;;;;;;;;;;;;;;
SMURSAMU;2021;370004467;CHRU TROUSSEAU - CHAMBRAY;370000481;1;1;0;0;0;;0;1;336;336;336;5;3;1;;1771;548;585;131;130;;3165;611;211;10;52;338;972;40;124;841;131;271909;0;271909;;121102;114791;6311;280;228;52;696;0;0;;2178;
SMURSAMU;2021;370013393;CHRU DE TOURS - ANTENNE DE LOCHES;370000481;1;0;0;0;1;370000481;0;0;168;168;0;;;;;313;11;1;;;;325;120;48;4;10;58;184;2;34;98;86;;;;;;;;;;;;;;;;
SMURSAMU;2021;370013401;CHRU DE TOURS - ANTENNE CL L'ALLIANCE;370000481;1;0;0;0;1;370000481;0;0;168;168;126;;1;;;642;198;1;21;40;;902;;;;;;;;;;;;;;;;;;;;;;;;;;
SMURSAMU;2021;380000034;CH PIERRE OUDOT BOURGOIN JALLIEU;380780049;1;1;0;0;0;;0;0;218;268;281;3;;;;1361;291;;;;;1652;;;;;;;;;;;;;;;;;;;;;;;;;;
SMURSAMU;2021;380000067;HOPITAL NORD - CHU38;380780080;1;1;0;0;0;;0;1;336;374;504;6;3;1;;9040;2688;535;461;361;;13085;;;;;;;;;;;536634;33828;502806;492749;325597;233559;146521;776;271;115;;1;40;;5042;
SMURSAMU;2021;380000174;CH LUCIEN HUSSEL DE VIENNE;380781435;1;1;0;0;0;;0;0;168;168;168;1;1;;;1272;55;0;0;0;0;1327;203;158;1;53;1;1102;118;238;651;451;;;;;;;;;;;;;;;;
SMURSAMU;2021;380000406;HOPITAL DE VOIRON - CHU38;380780080;1;1;0;0;0;;0;0;168;168;168;1;1;;;1491;172;;;;;1663;;;;;;;;;;;;;;;;;;;;;;;;;;
SMURSAMU;2021;380019752;ANTENNE SMUR AERODROME VERSOUD - CHU38;380780080;1;0;0;0;1;380780080;0;0;74;63;0;;;1;;178;14;;497;20;;709;;;;;;;;;;;;;;;;;;;;;;;;;;
SMURSAMU;2021;380019760;ANTENNE SMUR ALPES D'HUEZ - CHU38;380780080;1;0;0;0;1;380780080;1;0;13;0;0;;;1;;33;0;;257;1;;291;;;;;;;;;;;;;;;;;;;;;;;;;;
SMURSAMU;2021;390000040;CH LONS;390780146;1;1;0;0;0;;0;0;168;336;336;1;3;0;0;1106;147;227;;;;1480;;;;;;;;;;;;;;;;;;;;;;;;;;
SMURSAMU;2021;390000065;CH LOUIS JAILLON SAINT CLAUDE;390780161;1;1;0;0;0;;0;0;168;168;168;1;1;0;0;339;96;;;;;435;232;37;3;28;0;246;;;148;98;;;;;;;;;;;;;;;;
SMURSAMU;2021;390000214;CH JURA SUD SITE CHAMPAGNOLE;390780146;1;1;0;0;0;;0;0;168;168;168;1;1;0;0;559;30;0;;;;589;;;;;;;;;;;;;;;;;;;;;;;;;;
SMURSAMU;2021;390000222;CH LOUIS PASTEUR DOLE;390780609;1;1;0;0;0;;0;0;238;252;252;1;2;0;0;1059;157;0;0;0;0;1216;614;96;88;0;430;322;41;51;215;107;;;;;;;;;;;;;;;;
SMURSAMU;2021;390005742;ANTENNE SMUR MOREZ - SIEGE CH JURA SUD;390780146;1;0;0;0;1;390780146;0;0;168;168;168;;;;;344;8;0;;;;352;;;;;;;;;;;;;;;;;;;;;;;;;;
SMURSAMU;2021;400000105;CENTRE HOSPITALIER DAX;400780193;1;1;0;0;0;400780193;0;0;252;252;252;3;1;;;1403;184;;;46;;1633;600;134;5;82;379;1082;81;161;623;459;;;;;;;;;;;;;;;;
SMURSAMU;2021;400000139;CHI MONT DE MARSAN ET PAYS DES SOURCES;400011177;1;1;0;0;0;;0;1;168;168;168;4;1;0;0;869;26;0;1;4;0;900;610;150;10;66;384;259;32;61;254;5;306889;73190;220819;206588;113992;112323;32488;248;168;80;704;1;2;0;1545;0
SMURSAMU;2021;400011383;CH DAX - ANT. SAISON. SMUR - HOSSEGOR;400780193;1;0;0;0;1;400780193;1;0;168;168;0;;1;;;165;;;;;;165;137;5;1;62;69;91;26;6;51;40;;;;;;;;;;;;;;;;
SMURSAMU;2021;400011391;CH DAX - ANT. SAISON. SMUR - MIMIZAN;400780193;1;0;0;0;1;400780193;1;0;84;0;0;;;1;;;;;81;;;81;62;1;0;43;18;29;3;0;18;11;;;;;;;;;;;;;;;;
SMURSAMU;2021;400012506;CH MDM - ANT. SAISON. SMUR-BISCARROSSE;400011177;1;0;0;0;1;400011177;1;0;168;0;0;0;1;0;0;82;;;;;;82;73;2;1;29;41;9;3;;;9;;;;;;;;;;;;;;;;
SMURSAMU;2021;400012514;CH MDM - ANTENNE SMUR - LABOUHEYRE;400011177;1;0;0;0;1;400011177;0;0;84;84;84;1;;;;265;97;;;1;;363;165;32;3;30;100;100;3;8;74;26;;;;;;;;;;;;;;;;
SMURSAMU;2021;400012522;CH MDM - ANTENNE SMUR - AIRE-SUR-ADOUR;400011177;1;0;0;0;1;400011177;0;0;168;168;168;1;;;;441;213;0;1;3;0;658;348;39;2;39;268;93;5;16;2;91;;;;;;;;;;;;;;;;
SMURSAMU;2021;410000020;CH BLOIS SIMONE VEIL;410000087;1;1;0;0;0;;0;1;336;336;168;2;3;1;0;1167;560;37;227;306;0;2297;537;156;8;26;297;1760;76;192;876;884;211630;66;206564;185427;154294;98645;18268;220;168;52;425;0;0;0;1999;0
SMURSAMU;2021;410000038;CH VENDOME - MONTOIRE;410000095;1;1;0;0;0;;0;0;168;168;168;;2;;;604;80;;;;;684;208;91;5;44;88;323;16;71;217;106;;;;;;;;;;;;;;;;
SMURSAMU;2021;410000046;CH ROMORANTIN-LANTHENAY;410000103;1;1;0;0;0;;0;0;168;168;168;0;2;0;0;604;110;;5;3;;722;340;101;7;27;205;264;20;51;121;140;;;;;;;;;;;;;;;;
SMURSAMU;2021;420000010;CH DE ROANNE;420780033;1;1;0;0;0;;0;1;168;336;336;1;2;;;997;819;15;18;118;;1967;295;136;2;47;95;527;84;116;395;132;78415;1516;74971;73330;57439;46179;15806;176;119;57;241;0;0;;175;0
SMURSAMU;2021;420000226;CH DU FOREZ SITE DE MONTBRISON;420013831;1;1;0;0;0;;0;0;20;30;0;0;1;0;0;328;9;0;0;0;0;337;68;47;0;11;12;259;;;234;25;;;;;;;;;;;;;;;;
SMURSAMU;2021;420000267;CH DU FOREZ SITE DE FEURS;420013831;1;1;0;0;0;;0;0;168;168;0;0;2;0;0;370;35;0;0;0;0;405;155;65;2;17;75;215;17;36;129;86;;;;;;;;;;;;;;;;
SMURSAMU;2021;420785354;HOPITAL NORD - CHU42;420784878;1;1;0;0;0;;0;1;504;504;420;4;5;1;;2252;1126;26;426;451;;4281;719;296;8;8;313;1812;240;309;1327;485;328892;10397;287708;276163;164148;155493;90736;384;168;216;672;0;35;;429;0
SMURSAMU;2021;430000117;CH EMILE ROUX LE PUY;430000018;1;1;0;0;0;;0;1;268;252;0;0;3;0;0;1210;601;;2;3;;1816;169;57;7;9;96;898;64;253;774;124;146844;1022;145822;145822;116822;59816;49521;230;168;62;360;1;6;;322;0
SMURSAMU;2021;430000190;CH DE BRIOUDE;430000034;1;1;0;0;0;;0;0;168;168;168;0;1;0;0;303;143;13;0;0;0;459;70;56;2;12;0;233;20;45;125;108;;;;;;;;;;;;;;;;
SMURSAMU;2021;440000016;CH DE SAINT NAZAIRE;440000057;1;1;0;0;0;;0;0;336;336;336;0;2;0;0;1190;54;0;;;;1244;185;124;6;57;179;1062;100;116;918;144;;;;;;;;;;;;;;;;
SMURSAMU;2021;440000271;CHU DE NANTES SITE HOTEL DIEU HME;440000289;1;1;0;1;0;;0;1;406;504;504;3;5;1;0;2617;1271;401;177;390;0;4856;;245;6;158;0;3394;347;367;2246;1148;611024;53769;531821;411926;357711;275977;130829;950;382;396;1254;1;0;;3246;0
SMURSAMU;2021;440000503;CH CNP SITE CHATEAUBRIANT;440000313;1;1;0;0;0;;0;0;168;168;168;0;2;0;0;416;16;;;;;432;192;48;10;11;123;371;36;69;214;157;;;;;;;;;;;;;;;;
SMURSAMU;2021;440053007;SMUR CHU NANTES SITE CH ANCENIS;440000289;1;0;0;0;1;440000289;0;0;27;27;27;;1;;;43;10;;;;;53;;4;1;;;53;2;7;29;24;;;;;;;;;;;;;;;;
SMURSAMU;2021;450000047;CH DEZARNAULDS - GIEN;450000096;1;1;0;0;0;;0;0;168;168;0;0;1;0;0;692;0;0;0;0;0;692;;;;;;;;;;;;;;;;;;;;;;;;;;
SMURSAMU;2021;450000062;CH AGGLOMERATION MONTARGOISE;450000104;1;1;0;0;0;;0;0;168;168;168;;2;;;1081;2;;;;;1083;393;122;11;73;187;856;56;195;800;56;;;;;;;;;;;;;;;;
SMURSAMU;2021;450000070;CH PITHIVIERS;450000112;1;1;0;0;0;;0;0;168;168;168;;2;;;545;1;;;;;546;257;26;14;73;130;194;46;127;55;105;;;;;;;;;;;;;;;;
SMURSAMU;2021;450002613;CHR ORLÉANS - HÔPITAL DE LA SOURCE;450000088;1;1;0;1;0;;0;1;504;504;504;3;6;1;0;2572;656;111;153;504;;3996;1376;223;13;169;921;1417;122;227;1179;238;320049;0;251994;193723;169581;140516;22443;388;336;52;552;1;0;12;3709;0
SMURSAMU;2021;460000045;CH FIGEAC SITE MAQUISARDS;460780083;1;1;0;0;0;;0;0;39;35;35;;;;;290;16;;;1;;307;;44;1;14;52;177;14;26;140;37;;;;;;;;;;;;;;;;
SMURSAMU;2021;460000052;CH ST JACQUES ST CERE;460780091;1;1;0;0;0;;0;0;105;141;70;;2;;;415;24;;7;2;;448;150;47;2;45;150;181;40;90;21;160;;;;;;;;;;;;;;;;
SMURSAMU;2021;460000102;CH JEAN COULON GOURDON;460780208;1;1;0;0;0;;0;0;28;29;0;;1;;;311;3;1;;;;315;215;39;;19;158;95;8;12;61;35;;;;;;;;;;;;;;;;
SMURSAMU;2021;460000110;CH JEAN ROUGIER CAHORS;460780216;1;1;0;0;0;;0;1;168;203;168;2;3;;;693;153;430;;2;;1278;250;111;2;56;103;451;47;55;396;55;79577;1340;78237;78237;47922;33749;14173;168;168;52;168;1;14;;942;0
SMURSAMU;2021;470000423;CH AGEN NERAC - HOPITAL SAINT-ESPRIT;470016171;1;1;0;0;0;470016171;0;1;336;168;228;2;2;;;949;651;68;;;;1668;335;136;3;31;164;614;51;220;313;301;209841;;165362;152133;110238;77563;49931;322;168;154;504;0;5;;790;1
SMURSAMU;2021;470000431;CH VILLENEUVE -POLE SANTE VILLENEUVOIS;470000324;1;1;0;0;0;;0;0;168;168;168;;1;;;692;13;;;;;705;147;119;0;20;8;504;27;108;411;93;;;;;;;;;;;;;;;;
SMURSAMU;2021;470000480;CENTRE HOSPITALIER DE MARMANDE - CHIC;470001660;1;1;0;0;0;;0;0;168;168;168;1;1;;;618;;;;;;618;;;;;;;;;;;;;;;;;;;;;;;;;;
SMURSAMU;2021;470016205;CH AGEN NERAC - ANTENNE SMUR DE NERAC;470016171;1;0;0;0;1;470016171;0;0;168;168;;;1;;;385;;;;;;385;229;35;;33;161;156;20;129;51;105;;;;;;;;;;;;;;;;
SMURSAMU;2021;480000017;HOPITAL LOZERE SITE VALLEE DU LOT;480780097;1;1;0;0;0;;0;1;168;168;168;3;2;1;0;871;94;0;181;183;0;1329;353;97;256;0;0;572;54;97;503;69;58186;3585;54601;43502;53785;22678;0;168;168;0;252;1;35;;312;0
SMURSAMU;2021;490000049;CHR ANGERS SITE LARREY;490000031;1;1;0;0;0;;0;1;336;420;420;3;3;1;0;2497;773;594;230;175;0;4269;941;299;10;158;474;3070;255;405;1973;437;300395;4128;283102;245008;166371;153557;74774;490;265;225;604;1;0;0;3805;0
SMURSAMU;2021;490000635;CH DE CHOLET;490000676;1;1;0;0;0;;0;0;168;168;0;;2;;;1088;65;;;;;1153;527;148;4;40;335;561;47;95;358;203;;;;;;;;;;;;;;;;
SMURSAMU;2021;490001765;CH DE SAUMUR;490528452;1;1;0;0;0;;0;0;168;168;168;;1;;;761;30;;;;;791;288;91;0;35;162;628;37;154;371;257;;;;;;;;;;;;;;;;
SMURSAMU;2021;500000021;CHAG - SITE AVRANCHES;500000054;1;1;0;0;0;;0;0;168;168;168;1;1;1;0;479;148;;3;1;;631;257;98;26;;108;222;22;68;180;42;;;;;;;;;;;;;;;;
SMURSAMU;2021;500000187;CHPC - SITE CHERBOURG;500000013;1;1;0;0;0;;0;0;160;160;160;;2;;;702;34;0;7;1;0;744;189;133;2;10;35;555;57;122;541;14;;;;;;;;;;;;;;;;
SMURSAMU;2021;500000260;CHAG - SITE GRANVILLE;500000054;1;1;0;0;0;;0;0;168;168;168;0;1;1;1;347;134;;5;5;3;494;141;74;0;7;58;218;11;43;169;49;;;;;;;;;;;;;;;;
SMURSAMU;2021;500000427;CH DE SAINT HILAIRE DU HARCOUET;500000096;1;1;0;0;0;;0;0;94;187;;;1;;;306;44;;;;;350;134;57;5;8;67;168;12;70;38;130;;;;;;;;;;;;;;;;
SMURSAMU;2021;500000450;CH MEMORIAL - SAINT-LO;500000112;1;1;0;0;0;;0;1;168;462;0;;4;;;512;182;150;22;6;;872;226;125;11;5;85;407;29;58;318;89;288952;;178296;161918;111305;110758;37244;168;168;104;439;0;0;;5277;
SMURSAMU;2021;500000468;CHPC - SITE VALOGNES;500000013;1;1;0;0;0;;0;0;146;146;146;0;2;0;0;583;114;0;10;1;;708;267;123;1;19;115;441;21;83;380;61;;;;;;;;;;;;;;;;
SMURSAMU;2021;500000591;CENTRE HOSPITALIER DE COUTANCES;500000393;1;1;0;0;0;;0;0;168;168;0;;;;;486;151;2;26;4;;669;176;94;12;7;63;378;31;65;89;289;;;;;;;;;;;;;;;;
SMURSAMU;2021;510000169;CENTRE HOSPITALIER DE CHALONS;510000037;1;1;0;0;0;;0;0;168;168;168;1;1;;;710;60;1;0;0;0;771;221;103;3;47;66;773;40;166;471;302;;;;;;;;;;;;;;;;
SMURSAMU;2021;510000235;CENTRE HOSPITALIER D'EPERNAY;510000060;1;1;0;0;0;;0;0;168;168;168;1;1;;;612;67;;;;;679;254;93;1;27;115;425;47;180;253;172;;;;;;;;;;;;;;;;
SMURSAMU;2021;510000250;CENTRE HOSPITALIER VITRY LE FRANCOIS;510000078;1;1;0;0;0;;0;0;168;168;168;;1;;;407;72;;;;;479;69;45;1;21;2;327;18;72;228;99;;;;;;;;;;;;;;;;
SMURSAMU;2021;510004302;HOPITAL MAISON BLANCHE CHU REIMS;510000029;1;1;0;1;0;;0;1;561;336;420;3;2;1;0;2112;1127;179;54;265;0;3737;841;298;28;155;360;3208;609;1089;1191;278;238596;29261;209335;192227;109874;98513;31740;695;561;134;444;0;0;0;1738;0
SMURSAMU;2021;510023914;ANTENNE DE SMUR - CH CHALONS;510000037;1;0;0;0;1;510000037;0;0;168;168;168;1;;;;142;18;0;0;0;0;160;71;26;4;5;36;103;3;43;17;86;;;;;;;;;;;;;;;;
SMURSAMU;2021;510023922;ANTENNE DE SMUR - GHAM;100006279;1;0;0;0;1;100006279;0;0;168;168;84;0;1;0;0;330;11;0;0;0;0;341;158;50;1;33;74;164;23;99;15;149;;;;;;;;;;;;;;;;
SMURSAMU;2021;520000027;CENTRE HOSPITALIER DE CHAUMONT;520780032;1;1;0;0;0;;0;1;262;262;326;2;2;0;0;671;580;137;0;0;0;1388;342;107;7;45;183;379;42;61;313;66;105626;7866;90011;83046;47088;44387;3397;168;168;;252;0;0;0;609;1
SMURSAMU;2021;520000043;CENTRE HOSPITALIER DE LANGRES;520780057;1;1;0;0;0;;0;0;96;252;195;;1;;;493;21;0;0;0;0;514;338;90;1;151;187;164;5;38;93;71;;;;;;;;;;;;;;;;
SMURSAMU;2021;520000068;CH GENEVIEVE DE GAULLE ANTHONIOZ;520780073;1;1;0;0;0;;0;0;168;168;168;0;2;0;0;656;21;0;0;0;0;677;418;118;55;65;245;239;46;73;195;44;;;;;;;;;;;;;;;;
SMURSAMU;2021;530000017;CH HAUT ANJOU SITE CHATEAU GONTIER;530000025;1;1;0;0;0;;;0;168;168;0;0;1;0;0;529;35;15;;;;579;88;69;;17;2;441;50;103;220;221;;;;;;;;;;;;;;;;
SMURSAMU;2021;530000173;CH DU NORD MAYENNE;530000074;1;1;0;0;0;;0;0;168;168;84;0;0;0;0;535;31;0;0;0;0;566;195;28;15;0;150;431;36;88;306;125;;;;;;;;;;;;;;;;
SMURSAMU;2021;530000264;CENTRE HOSPITALIER DE LAVAL;530000371;1;1;0;0;0;;0;1;336;221;220;2;2;0;0;1104;291;266;12;11;0;1684;534;138;7;34;343;532;47;71;473;59;153538;0;153538;0;153031;150387;52869;276;160;108;444;1;0;0;750;0
SMURSAMU;2021;540000015;CHRU NANCY - MATERNITE;540023264;1;0;0;1;0;;0;0;209;63;0;;;;;0;392;272;1;53;0;718;;;;;;;;;;;;;;;;;;;;;;;;;;
SMURSAMU;2021;540000023;CENTRE HOSPITALIER SAINT CHARLES TOUL;540000049;1;1;0;0;0;;0;0;168;168;168;;1;;;430;25;;;;;455;111;44;4;8;65;377;20;59;218;159;;;;;;;;;;;;;;;;
SMURSAMU;2021;540000155;CENTRE HOSPITALIER DE LUNEVILLE;540000080;1;1;0;0;0;;0;0;168;168;168;;1;;;427;33;;;;;460;194;37;;11;146;220;17;40;101;119;;;;;;;;;;;;;;;;
SMURSAMU;2021;540000296;;540000106;1;1;0;0;0;;0;0;168;168;168;1;;;;491;28;;;;;519;;;;;;;;;;;;;;;;;;;;;;;;;;
SMURSAMU;2021;540001070;CH DE BRIEY - HOPITAL MAILLOT;540000767;1;1;0;0;0;;0;0;190;180;180;1;1;0;0;484;79;0;4;0;0;567;102;71;4;27;0;382;21;75;227;155;;;;;;;;;;;;;;;;
SMURSAMU;2021;540001096;CH DE MT ST MARTIN (GROUPE SOS SANTE);570010181;1;1;0;0;0;;0;0;168;168;168;0;1;0;0;629;175;44;7;18;0;873;223;71;1;27;124;241;28;85;119;122;;;;;;;;;;;;;;;;
SMURSAMU;2021;540001138;CHRU NANCY - HOPITAL CENTRAL;540023264;1;1;0;0;0;;0;1;336;504;504;2;4;1;0;2089;888;1038;91;352;0;4458;333;229;10;66;51;1818;129;450;1317;501;297229;3034;275784;259990;158941;128960;23879;412;336;76;714;1;0;0;4344;0
SMURSAMU;2021;540002698;CHRU NANCY - HOPITAUX DE BRABOIS;540023264;1;0;0;1;0;;0;0;170;168;0;;;;;0;16;357;14;42;;429;;;;;;;;;;;;;;;;;;;;;;;;;;
SMURSAMU;2021;550000012;CH VERDUN/ST MIHIEL-HOP ST NICOLAS;550006795;1;1;0;0;0;;0;1;168;168;168;0;2;0;0;763;61;118;0;0;0;942;;79;10;15;;;41;133;503;175;87322;3494;82948;80186;49026;37403;8400;188;168;20;336;1;14;0;3135;0
SMURSAMU;2021;550000434;CENTRE HOSPITALIER DE BAR-LE-DUC;550003354;1;1;0;0;0;;0;0;168;168;168;0;2;0;;463;163;0;;;;626;188;58;4;12;114;444;13;75;190;254;;;;;;;;;;;;;;;;
SMURSAMU;2021;560000127;CHBA SITE DE VANNES;560023210;1;1;0;0;0;;0;1;406;168;504;4;5;0;0;1434;388;341;125;27;6;2321;672;198;4;52;418;937;35;139;867;70;307922;6999;298314;259721;235256;157327;77118;168;168;73;681;0;13;0;1368;0
SMURSAMU;2021;560000135;GHBS- HÔPITAL DU SCORFF;560005746;1;1;0;0;0;;0;0;170;168;168;;1;;;1166;61;;108;19;6;1360;130;132;6;9;4;1000;79;155;940;60;;;;;;;;;;;;;;;;
SMURSAMU;2021;560000143;CHCB- SITE KÉRIO;560014748;1;1;0;0;0;;0;0;168;168;168;1;2;;;778;47;;24;1;;850;369;102;8;33;212;684;73;126;448;236;;;;;;;;;;;;;;;;
SMURSAMU;2021;560000192;CENTRE HOSPITALIER DE PLOERMEL;560000044;1;1;0;0;0;;0;0;168;168;168;;1;;;603;11;;2;;;616;349;76;0;27;246;502;46;71;290;212;;;;;;;;;;;;;;;;
SMURSAMU;2021;560000200;CHBA SITE D'AURAY;560023210;1;1;0;0;0;;0;0;168;168;168;0;1;0;0;1002;6;0;12;1;0;1021;612;116;4;72;420;484;13;82;4;480;;;;;;;;;;;;;;;;
SMURSAMU;2021;570000059;CH MARIE-MADELEINE DE FORBACH;570025254;1;1;0;0;0;;0;0;252;252;336;1;1;0;0;1358;637;;;;;1995;568;193;6;42;327;1060;139;245;555;505;;;;;;;;;;;;;;;;
SMURSAMU;2021;570000117;CH SAINT-NICOLAS DE SARREBOURG;570015099;1;1;0;0;0;;0;0;168;168;168;1;1;0;0;446;222;0;0;0;0;668;103;86;;17;;342;24;141;236;106;;;;;;;;;;;;;;;;
SMURSAMU;2021;570000349;HOPITAL BEL AIR DE THIONVILLE - CHR;570005165;1;1;0;0;0;;0;0;336;336;672;1;2;0;0;1525;122;895;;;;2542;501;251;22;35;193;1024;62;162;750;274;;;;;;;;;;;;;;;;
SMURSAMU;2021;570000661;HOPITAL SAINT JOSEPH DE BITCHE;570000158;1;0;0;0;1;570000158;0;0;168;168;168;1;1;;;249;26;0;;;;275;129;37;1;7;84;117;10;62;0;117;;;;;;;;;;;;;;;;
SMURSAMU;2021;570000901;HOPITAL ROBERT PAX DE SARREGUEMINES;570000158;1;1;0;0;0;;0;0;168;168;168;1;1;;;524;181;0;;;;705;220;62;2;17;139;298;32;114;203;95;;;;;;;;;;;;;;;;
SMURSAMU;2021;570026682;HOPITAL DE MERCY - CHR METZ THIONVILLE;570005165;1;1;0;0;0;;0;1;336;336;504;1;2;0;0;2259;217;180;0;0;0;2656;687;373;23;33;258;1572;95;222;1254;318;589046;119604;448678;402695;296235;218867;34760;724;504;220;1160;1;0;0;13391;0
SMURSAMU;2021;580972669;CH CLAMECY;580780070;1;1;0;0;0;;0;0;168;168;168;;1;;;369;2;0;0;0;0;371;160;55;1;29;71;269;18;65;193;76;;;;;;;;;;;;;;;;
SMURSAMU;2021;580972677;CH COSNE COURS SUR LOIRE;580780088;1;1;0;0;0;;0;0;168;168;168;0;1;0;0;503;58;2;;;;563;167;79;2;57;166;404;;;204;200;;;;;;;;;;;;;;;;
SMURSAMU;2021;580972685;CH DECIZE;580780096;1;1;0;0;0;;0;0;168;168;168;;;;;419;3;;;;;422;230;59;3;14;151;380;;;268;112;;;;;;;;;;;;;;;;
SMURSAMU;2021;580972693;HOPITAL PIERRE BEREGOVOY;580780039;1;1;0;0;0;;0;0;336;252;252;3;2;1;;1318;219;;101;293;;1931;;;;;;;;;;;;;;;;;;;;;;;;;;
SMURSAMU;2021;590000337;CH DUNKERQUE;590781415;1;1;0;0;0;;0;0;336;336;336;1;3;0;0;2704;436;56;;;;3196;1648;271;11;149;1002;1182;;;1059;123;;;;;;;;;;;;;;;;
SMURSAMU;2021;590000428;CH CAMBRAI;590781605;1;1;0;0;0;;0;0;168;175;168;;1;;;1631;51;;;;;1682;816;187;7;238;384;1284;;;901;383;;;;;;;;;;;;;;;;
SMURSAMU;2021;590000469;CH FOURMIES;590781662;1;1;0;0;0;;0;0;168;168;168;;1;;;438;41;0;;;;479;147;48;7;25;67;333;17;106;238;95;;;;;;;;;;;;;;;;
SMURSAMU;2021;590000535;CH SAMBRE AVESNOIS MAUBEUGE;590781803;1;1;0;0;0;;0;0;336;385;391;1;2;;;2018;465;24;;;;2507;454;147;25;97;185;1460;98;384;1180;280;;;;;;;;;;;;;;;;
SMURSAMU;2021;590000618;CH VALENCIENNES;590782215;1;1;0;0;0;;0;0;336;336;336;1;3;;;3933;1053;;;;;4986;847;373;261;;;3103;301;756;2260;843;;;;;;;;;;;;;;;;
SMURSAMU;2021;590000758;CH ARMENTIERES;590782637;1;1;0;0;0;;0;0;168;168;168;;2;;;1487;138;;;;;1625;641;137;10;49;445;902;;;401;501;;;;;;;;;;;;;;;;
SMURSAMU;2021;590001004;CH DOUAI DECHY;590783239;1;1;0;0;0;;0;0;48;52;52;;3;;;2069;114;;;;;2183;;187;133;;;;;;1025;388;;;;;;;;;;;;;;;;
SMURSAMU;2021;590796975;HOP SALENGRO - HOPITAL B CHR LILLE;590780193;1;1;0;1;0;;0;1;804;826;791;8;10;1;0;6203;4860;;67;376;;11506;3267;692;136;406;2033;5399;507;920;3010;2389;1168882;27616;1120748;1084884;546955;546955;227744;1060;630;429;1939;1;;;13261;0
SMURSAMU;2021;590801106;HOPITAL VICTOR PROVO;590782421;1;1;0;0;0;;0;0;168;192;192;;1;;;2031;94;;;;;2125;861;164;12;116;569;1265;179;326;889;376;;;;;;;;;;;;;;;;
SMURSAMU;2021;590804696;CENTRE HOPITALIER DE TOURCOING;590781902;1;1;0;0;0;;0;0;168;168;168;;2;;;1930;77;;;;;2007;857;117;19;115;540;1079;61;221;490;589;;;;;;;;;;;;;;;;
SMURSAMU;2021;600000053;CH GHPSO SENLIS;600101984;1;1;0;0;0;;0;0;168;168;168;2;1;;;1361;215;6;22;2;;1606;810;153;17;64;521;628;47;108;475;153;;;;;;;;;;;;;;;;
SMURSAMU;2021;600000186;CH CLERMONT;600100648;1;1;0;0;0;;0;0;168;168;168;1;;;;1275;135;;;;;1410;271;147;2;122;;;99;217;;;;;;;;;;;;;;;;;;
SMURSAMU;2021;600000194;CH BEAUVAIS;600100713;1;1;0;0;0;;0;1;336;432;420;5;4;0;0;2357;316;537;1;4;;3215;1015;267;15;87;704;2063;107;213;1783;280;341398;;332916;;171049;157262;55506;509;303;206;868;0;0;0;18979;0
SMURSAMU;2021;600000285;CH CHICN NOYON;600100721;1;1;0;0;0;;0;0;44;0;83;1;;;;775;106;11;;;;892;;;;;;;;;;;;;;;;;;;;;;;;;;
SMURSAMU;2021;600000467;CH GHPSO CREIL;600101984;1;1;0;0;0;;0;0;168;168;252;3;;;;717;129;120;3;9;0;978;384;65;7;40;250;371;19;60;292;79;;;;;;;;;;;;;;;;
SMURSAMU;2021;600113476;CH CHICN COMPIÈGNE;600100721;1;1;0;0;0;;0;0;257;384;660;3;1;;;1509;262;149;;;;1920;718;53;15;62;588;644;;;558;86;;;;;;;;;;;;;;;;
SMURSAMU;2021;610000044;CENTRE HOSPITALIER DE L'AIGLE;610780074;1;1;0;0;0;;0;0;168;80;168;;1;;;523;;;;;;523;263;97;0;28;135;398;38;124;299;99;;;;;;;;;;;;;;;;
SMURSAMU;2021;610000051;CHICAM - SITE ALENCON;610780082;1;1;0;0;0;;0;1;504;336;336;2;2;1;0;929;400;230;54;365;0;1978;341;146;7;97;91;765;46;142;120;645;193619;0;180361;171965;127913;91188;36725;276;168;108;444;0;0;0;853;0
SMURSAMU;2021;610000069;CENTRE HOSPITALIER D'ARGENTAN;610780090;1;1;0;0;0;;0;0;168;168;168;1;2;;;490;18;0;3;0;0;511;133;77;13;30;13;363;;;321;42;;;;;;;;;;;;;;;;
SMURSAMU;2021;610000077;CH MARGUERITE DE LORRAINE-MORTAGNE;610780124;1;1;0;0;0;;0;0;168;168;168;0;1;0;0;399;8;;;;;407;234;75;1;43;115;173;12;40;72;101;;;;;;;;;;;;;;;;
SMURSAMU;2021;610000119;CH -JACQUES MONOD- - FLERS;610780165;1;1;0;0;0;;0;0;168;168;168;2;2;0;0;554;10;;;;;564;;;;;;;;;;;;;;;;;;;;;;;;;;
SMURSAMU;2021;610780108;CHIC DES ANDAINES - DOMFRONT;610790594;1;0;0;0;1;610790594;0;0;168;168;168;;1;;;271;9;;;;;280;177;61;4;5;107;214;17;49;43;171;;;;;;;;;;;;;;;;
SMURSAMU;2021;610780116;CHIC DES ANDAINES - LA FERTE MACE;610790594;1;1;0;0;0;;0;0;168;168;168;;1;;;277;28;;;;;305;105;39;3;15;48;240;21;59;110;130;;;;;;;;;;;;;;;;
SMURSAMU;2021;620000034;CH ARRAS;620100057;1;1;0;0;0;;0;1;504;525;525;4;3;1;0;3642;2899;261;128;391;0;7321;1993;362;39;317;1162;2209;154;215;1174;1035;772404;66932;631976;614881;476591;369898;106693;1347;1347;893;1720;1;1;;13656;0
SMURSAMU;2021;620000224;CH BETHUNE;620100651;1;1;0;0;0;;0;0;172;218;218;1;2;;;2472;94;414;;;;2980;1380;254;10;217;899;1994;183;314;859;1135;;;;;;;;;;;;;;;;
SMURSAMU;2021;620000257;CH LENS;620100685;1;1;0;0;0;;0;0;172;252;252;2;2;;;3524;109;517;;;;4150;2122;235;17;604;1278;1388;130;186;852;536;;;;;;;;;;;;;;;;
SMURSAMU;2021;620000323;CH CALAIS;620101337;1;1;0;0;0;;0;0;287;229;0;;2;;;1756;97;0;;;;1853;720;183;22;58;457;1036;137;313;702;334;;;;;;;;;;;;;;;;
SMURSAMU;2021;620000349;CH REGION DE ST OMER;620101360;1;1;0;0;0;;0;0;168;168;168;;2;;;1190;73;27;;;;1290;539;145;11;94;515;998;;;726;272;;;;;;;;;;;;;;;;
SMURSAMU;2021;620000653;CH BOULOGNE-SUR-MER;620103440;1;1;0;0;0;;0;0;168;168;168;;3;;;1516;69;218;;;;1803;580;156;4;331;580;766;147;228;636;130;;;;;;;;;;;;;;;;
SMURSAMU;2021;620003202;CH ARRONDISSEMENT DE MONTREUIL;620103432;1;1;0;0;0;;0;0;168;168;168;;2;;;1393;69;;;;;1462;;162;139;;488;1184;99;268;868;316;;;;;;;;;;;;;;;;
SMURSAMU;2021;630000404;HOPITAL GABRIEL MONTPIED - CHU63;630780989;1;1;0;0;0;;0;1;543;553;564;3;2;2;0;3940;1772;15;826;629;0;7182;663;290;20;625;377;3329;283;430;2503;826;314481;27411;274697;236143;147077;142568;82325;513;218;295;672;0;8;0;3324;1
SMURSAMU;2021;630000412;CH D'AMBERT;630780997;1;1;0;0;0;630000412;0;0;168;40;168;0;1;0;0;392;16;0;0;0;0;408;225;53;0;41;125;191;9;38;98;93;;;;;;;;;;;;;;;;
SMURSAMU;2021;630000420;CH PAUL ARDIER ISSOIRE;630781003;1;1;0;0;0;;0;0;168;168;168;0;1;0;0;839;10;15;0;0;0;864;163;66;0;97;87;701;102;173;434;267;;;;;;;;;;;;;;;;
SMURSAMU;2021;630000438;CH DE RIOM;630781011;1;1;0;0;0;;0;0;168;168;168;;1;;;1409;0;0;5;;;1414;576;110;23;303;117;838;168;244;372;466;;;;;;;;;;;;;;;;
SMURSAMU;2021;630000446;CH DE THIERS;630781029;1;1;0;0;0;;0;0;168;168;168;0;1;0;0;757;34;0;;7;0;798;399;86;3;128;182;598;113;170;353;245;;;;;;;;;;;;;;;;
SMURSAMU;2021;640000162;CH DE LA COTE BASQUE - BAYONNE;640780417;1;1;0;1;0;;0;1;252;336;420;4;3;1;0;2663;653;299;266;257;3;4141;1001;373;17;216;385;2157;267;429;1937;220;243104;47055;196049;192030;99713;90289;38306;236;168;68;392;0;7;0;3482;0
SMURSAMU;2021;640000402;CENTRE HOSPITALIER D'ORTHEZ;640780813;1;1;0;0;0;;0;0;168;168;168;0;1;0;0;514;1;0;9;7;0;531;517;58;20;61;224;174;5;36;60;114;;;;;;;;;;;;;;;;
SMURSAMU;2021;640000410;CENTRE HOSPITALIER OLORON;640780821;1;1;0;0;0;;0;0;168;168;168;;2;;;500;0;0;0;0;0;500;312;58;0;54;200;406;55;110;234;172;;;;;;;;;;;;;;;;
SMURSAMU;2021;640000600;CENTRE HOSPITALIER DE PAU;640781290;1;1;0;1;0;;0;1;336;336;336;2;4;0;0;2266;547;12;289;122;0;3236;974;253;11;114;569;2031;233;446;1587;444;294562;;250782;;123731;88857;22858;244;168;76;456;1;3;0;1849;0
SMURSAMU;2021;650000045;CH LOURDES;650780158;1;1;0;0;0;;0;0;168;168;168;0;1;0;0;388;3;0;3;0;0;394;235;40;1;20;168;207;15;33;147;60;;;;;;;;;;;;;;;;
SMURSAMU;2021;650000417;CH BIGORRE SITE GESPE TARBES;650783160;1;1;0;0;0;;0;1;406;168;672;3;3;0;0;1935;713;175;600;0;0;3423;1234;187;11;160;730;1304;118;236;1037;267;116902;;116679;94717;75195;69386;15889;216;168;48;360;1;0;0;2222;0
SMURSAMU;2021;650005606;CENTRE HOSP BIGORRE - ANTENNE BAGNERES;650783160;1;0;0;0;1;650783160;0;0;168;168;168;;1;;;202;14;;;;;216;128;26;0;33;68;89;5;20;23;66;;;;;;;;;;;;;;;;
SMURSAMU;2021;650784218;CMC HOPITAUX DE LANNEMEZAN;650780174;1;1;0;0;0;;0;0;168;168;168;;1;;;421;5;0;;;;426;214;52;1;26;135;204;8;39;116;88;;;;;;;;;;;;;;;;
SMURSAMU;2021;660000084;CH PERPIGNAN;660780180;1;1;0;0;0;;0;0;504;336;336;1;7;1;0;3401;761;74;424;160;;4820;1516;481;40;28;967;2309;311;496;1533;776;;;;;;;;;;;;;;;;
SMURSAMU;2021;660008947;PLATE FORME SAMU SDIS 66;660780180;0;;;;;;;1;;;;;;;;;;;;;;;;;;;;;;;;;224350;19054;168835;138759;176401;136567;39834;284;168;116;840;0;11;;3120;1
SMURSAMU;2021;660010117;CH PERPIGNAN ANTENNE SMUR CH PUIGCERDA;660780180;1;0;0;0;1;660780180;0;0;168;168;168;;;;;365;24;;;;;389;106;18;6;73;9;259;27;21;148;111;;;;;;;;;;;;;;;;
SMURSAMU;2021;670000025;HOPITAL CIVIL / NOUVEL HOPITAL CIVIL;670780055;1;1;0;0;0;;0;1;959;774;623;2;6;1;;8275;951;87;621;200;;10134;5896;625;85;136;4126;3251;234;576;2841;410;669712;142408;500745;446655;238332;206043;52692;384;336;178;1050;1;0;5;10600;0
SMURSAMU;2021;670000157;CENTRE HOSPITALIER DE HAGUENAU;670780337;1;1;0;0;0;;0;0;168;168;168;1;1;;;1631;256;;;;;1887;1084;136;15;123;810;1362;95;285;1162;200;;;;;;;;;;;;;;;;
SMURSAMU;2021;670000165;CH SAINTE-CATHERINE DE SAVERNE;670780345;1;1;0;0;0;;0;0;168;168;168;1;1;;;1270;158;;;;;1428;762;130;6;152;473;509;;;283;226;;;;;;;;;;;;;;;;
SMURSAMU;2021;670000272;CH INTERCOMMUNAL DE LA LAUTER;670780543;1;1;0;0;0;;0;0;168;168;168;;1;;;714;123;0;0;0;0;837;461;66;44;57;294;251;18;57;110;141;;;;;;;;;;;;;;;;
SMURSAMU;2021;670000397;CENTRE HOSPITALIER DE SELESTAT;670017755;1;1;0;0;0;;0;0;172;172;172;1;1;;;1480;403;0;0;0;0;1883;864;110;12;24;633;540;37;139;279;261;;;;;;;;;;;;;;;;
SMURSAMU;2021;670783273;HOPITAL DE HAUTEPIERRE;670780055;1;0;0;1;0;;0;0;113;96;;;;;;0;262;298;;;;560;;;;;;;;;;;;;;;;;;;;;;;;;;
SMURSAMU;2021;680000684;HOPITAL LOUIS PASTEUR;680000973;1;1;0;0;0;;0;0;336;336;336;1;2;;;1989;990;;;40;;3019;967;225;;127;600;1030;;;833;197;;;;;;;;;;;;;;;;
SMURSAMU;2021;680004546;HOPITAL EMILE MULLER;680020336;1;1;0;0;0;;0;1;233;504;504;1;3;1;;3714;363;304;327;199;;4907;1842;410;46;244;1142;3184;272;534;2106;1078;375116;0;355959;;211065;175873;44095;323;213;110;840;0;0;0;5178;0
SMURSAMU;2021;690000575;CH NORD OUEST - VILLEFRANCHE;690782222;1;1;0;0;0;;0;0;168;168;0;;3;;;1417;28;;;;;1445;321;144;;177;;1101;190;166;867;234;;;;;;;;;;;;;;;;
SMURSAMU;2021;690000625;CH DE TARARE;690782271;1;1;0;0;0;;0;0;80;168;0;;;;;525;58;;;;;583;;36;9;;;318;32;54;;306;;;;;;;;;;;;;;;;
SMURSAMU;2021;690041108;ANTENNE SMUR BRON - HCL;690781810;1;0;0;0;1;690781810;0;0;126;126;84;1;1;2;0;117;7;0;1017;396;0;1537;84;57;0;12;15;1050;141;73;808;242;;;;;;;;;;;;;;;;
SMURSAMU;2021;690783154;HOPITAL EDOUARD HERRIOT - HCL;690781810;1;1;0;0;0;;0;1;691;443;708;5;5;0;0;5075;2500;0;163;90;0;7828;1684;487;8;133;1056;3554;743;520;2804;750;702552;;529666;441204;443338;396118;251591;984;494;470;1530;1;0;0;2718;0
SMURSAMU;2021;690784137;HOPITAL LYON SUD - HCL;690781810;1;1;0;0;0;;0;0;336;168;336;;;;;2772;1102;;27;23;;3924;1011;226;6;200;579;1788;373;450;722;1066;;;;;;;;;;;;;;;;
SMURSAMU;2021;690784152;HOPITAL CROIX-ROUSSE - HCL;690781810;1;1;0;0;0;;0;0;84;84;84;;1;;;1296;5;;;;;1301;565;134;9;37;385;731;189;233;263;468;;;;;;;;;;;;;;;;
SMURSAMU;2021;700000011;GH HAUTE SAONE SITE GRAY;700004591;1;1;0;0;0;;0;0;168;168;168;;1;;;539;92;0;0;0;0;631;;;;;;;;;;;;;;;;;;;;;;;;;;
SMURSAMU;2021;700000029;GH HAUTE SAONE SITE VESOUL;700004591;1;1;0;0;0;;0;0;168;168;168;;2;;;890;75;0;0;0;0;965;;;;;;;;;;;;;;;;;;;;;;;;;;
SMURSAMU;2021;700780208;GH HAUTE SAONE SITE LURE;700004591;1;1;0;0;0;;0;0;168;168;168;;;;;810;33;0;0;0;0;843;;;;;;;129;170;;;;;;;;;;;;;;;;;;
SMURSAMU;2021;710010067;CH DU PAYS CHAROLAIS BRIONNAIS;710780644;1;1;0;0;0;;0;0;168;168;205;;2;;;499;12;29;;;;540;499;92;34;;;122;;;;122;;;;;;;;;;;;;;;;
SMURSAMU;2021;710010786;CH AUTUN SITE PARPAS;710781451;1;1;0;0;0;;0;0;168;168;168;;1;;;325;50;29;;;;404;156;64;1;15;70;252;30;75;225;27;;;;;;;;;;;;;;;;
SMURSAMU;2021;710978263;CH WILLIAM MOREY CHALON SUR SAONE;710780958;1;1;0;0;0;;0;1;376;376;376;3;4;1;;1393;594;;166;513;;2666;376;138;4;207;22;994;;;763;231;279938;2913;212324;202060;162349;142678;63246;342;168;59;1092;0;5;;3840;
SMURSAMU;2021;710978289;CH LES CHANAUX MACON;710780263;1;1;0;0;0;;0;0;168;168;168;;2;;;1157;86;;;;;1243;219;132;3;70;;957;86;130;898;59;;;;;;;;;;;;;;;;
SMURSAMU;2021;710978313;CENTRE HOSPITALIER JEAN BOUVERI;710976705;1;1;0;0;0;;0;0;122;173;173;0;1;0;0;445;1;0;8;0;0;454;92;77;0;15;;389;;;312;77;;;;;;;;;;;;;;;;
SMURSAMU;2021;710978347;HOTEL DIEU DU CREUSOT;570010181;1;1;0;0;0;;0;0;168;182;0;0;1;0;0;334;6;0;0;0;0;340;87;55;1;25;6;208;12;41;207;1;;;;;;;;;;;;;;;;
SMURSAMU;2021;720000033;CENTRE HOSPITALIER DU MANS;720000025;1;1;0;0;0;;0;1;336;420;420;4;2;0;0;2410;484;258;0;0;0;3152;1280;392;9;26;853;1130;125;140;854;276;360086;26339;307966;216824;267523;181185;75915;387;218;170;689;1;0;0;1371;
SMURSAMU;2021;720000470;CENTRE HOSPITALIER MAMERS;610780082;1;0;0;0;1;610780082;0;0;168;168;168;0;1;0;0;269;0;0;0;0;0;269;110;57;1;21;31;159;3;48;106;53;;;;;;;;;;;;;;;;
SMURSAMU;2021;720016179;POLE SANTE SARTHE ET LOIR;720016724;1;1;0;0;0;;0;0;10;84;84;;1;;;252;5;0;0;0;0;257;107;39;2;4;62;199;20;49;95;104;;;;;;;;;;;;;;;;
SMURSAMU;2021;730000031;CHMS CHAMBERY NH;730000015;1;1;0;0;0;;0;1;192;360;504;4;3;1;0;1659;531;755;98;73;0;3116;591;168;11;81;275;1146;131;168;1019;127;199304;4041;191654;182291;116580;110751;58141;428;238;190;786;0;85;0;1780;0
SMURSAMU;2021;730000080;CH DE SAINT JEAN DE MAURIENNE;730780103;1;1;0;0;0;;0;0;189;189;0;;;;;245;8;;;;;253;60;42;;18;;181;23;32;135;46;;;;;;;;;;;;;;;;
SMURSAMU;2021;730000098;CHMS AIX GRAND PORT;730000015;1;1;0;0;0;;0;0;168;168;168;1;1;0;0;825;274;0;3;3;0;1105;368;108;7;43;164;460;86;123;126;334;;;;;;;;;;;;;;;;
SMURSAMU;2021;730000247;CH DE BOURG ST MAURICE;730780525;1;1;0;0;0;;0;0;168;168;0;1;1;;;145;4;;;;;149;25;17;2;2;4;119;1;8;93;26;;;;;;;;;;;;;;;;
SMURSAMU;2021;730000262;CH D'ALBERTVILLE;730002839;1;1;0;0;0;;0;0;168;168;0;;1;;;480;14;0;0;0;0;494;174;86;11;20;70;291;27;31;191;100;;;;;;;;;;;;;;;;
SMURSAMU;2021;730010477;ANTENNE SMUR MODANE;730780103;1;0;0;0;1;730780103;0;0;168;0;0;;;;;94;0;;476;6;;576;85;39;;46;;456;62;10;212;244;;;;;;;;;;;;;;;;
SMURSAMU;2021;730012176;ANTENNE SMUR COURCHEVEL;730002839;1;0;0;0;1;730002839;1;0;20;0;0;;;2;;0;0;0;203;7;0;210;16;5;0;10;0;184;35;3;56;128;;;;;;;;;;;;;;;;
SMURSAMU;2021;730012440;ANTENNE SMUR MOUTIERS;730002839;1;0;0;0;1;730002839;0;0;168;168;0;;1;;;359;77;0;0;0;0;436;138;40;2;18;85;216;23;22;0;216;;;;;;;;;;;;;;;;
SMURSAMU;2021;740000237;CH ANNECY-GENEVOIS SITE ANNECY;740781133;1;1;0;0;0;;0;1;336;336;336;3;2;0;0;3291;735;6;17;4;0;4053;1703;398;0;602;703;1605;122;230;1553;52;350062;16776;333286;288806;195547;189656;80021;424;226;198;811;0;44;0;2901;1
SMURSAMU;2021;740000302;CH ANNECY-GENEVOIS SITE ST JULIEN EN G;740781133;1;1;0;0;0;;0;0;168;168;168;1;1;0;0;1025;52;1;0;0;0;1078;395;123;0;61;211;630;91;82;498;132;;;;;;;;;;;;;;;;
SMURSAMU;2021;740000328;HOPITAUX DU LEMAN;740790381;1;1;0;0;0;;0;0;168;168;0;;2;;;1648;26;;;;;1674;;;;;;;;;;;;;;;;;;;;;;;;;;
SMURSAMU;2021;740015581;ANTENNE SMUR MEYTHET;740781133;1;0;0;0;1;740781133;1;0;74;74;0;0;1;1;0;16;0;0;601;42;0;659;89;49;0;13;27;528;53;14;289;239;;;;;;;;;;;;;;;;
SMURSAMU;2021;740781141;CH ALPES LEMAN;740790258;1;1;0;0;0;;0;0;252;227;305;1;2;;;2089;308;;9;0;0;2406;1371;275;;326;770;731;64;90;557;174;;;;;;;;;;;;;;;;
SMURSAMU;2021;740781166;HOPITAUX DU MONT BLANC SITE CHAMONIX;740001839;1;0;0;0;1;740001839;0;0;182;82;0;0;1;0;0;124;2;;276;111;;513;64;37;27;;;447;;;325;122;;;;;;;;;;;;;;;;
SMURSAMU;2021;740781224;HOPITAUX DU MONT BLANC SITE SALLANCHES;740001839;1;1;0;0;0;;0;0;231;168;0;0;2;0;0;928;32;20;;;;980;263;157;93;;;678;;;504;174;;;;;;;;;;;;;;;;
SMURSAMU;2021;750100018;HU PARIS CENTRE SITE HOTEL DIEU APHP;750712184;1;1;0;0;0;;0;0;168;175;168;1;0;0;0;1863;210;0;0;0;0;2073;1853;120;10;66;727;801;17;122;2;799;;;;;;;;;;;;;;;;
SMURSAMU;2021;750100042;HU SAINT LOUIS SITE LARIBOISIERE APHP;750712184;1;1;0;0;0;;0;0;160;160;160;1;0;0;0;2244;134;0;0;0;0;2378;1254;177;21;122;934;990;33;181;464;526;;;;;;;;;;;;;;;;
SMURSAMU;2021;750100125;HU PITIE SALPETRIERE APHP;750712184;1;1;0;0;0;;0;0;170;252;171;;;;;2959;443;;;;;3402;;;;;;;;;;;;;;;;;;;;;;;;;;
SMURSAMU;2021;750100208;HU NECKER ENFANTS MALADES APHP;750712184;1;1;0;1;0;;0;1;843;728;784;6;4;1;0;5783;2730;491;3;4;0;9011;3357;359;18;311;1949;2377;394;419;289;2088;740340;160807;542379;400019;419131;260022;69120;722;386;336;1589;0;0;0;0;1
SMURSAMU;2021;750803454;HU ROBERT DEBRE APHP;750712184;1;0;0;1;0;;0;0;229;169;169;2;0;0;0;669;761;0;0;1;0;1431;285;14;0;62;209;384;384;0;222;162;;;;;;;;;;;;;;;;
SMURSAMU;2021;760000018;CH DIEPPE;760780023;1;1;0;0;0;;0;0;168;177;175;;5;;;984;8;;;;;992;694;167;206;39;282;535;44;67;407;128;;;;;;;;;;;;;;;;
SMURSAMU;2021;760000158;HOPITAL CHARLES NICOLLE CHU ROUEN;760780239;1;1;0;0;0;;0;1;491;564;611;4;4;1;;4520;1819;533;174;317;0;7363;2329;557;22;194;1556;3926;413;586;3283;643;431306;1378;425949;373369;234441;228702;63712;600;336;264;700;1;40;;4059;0
SMURSAMU;2021;760000364;CHI DU PAYS DES HAUTES FALAISES FECAMP;760780734;1;1;0;0;0;;0;0;168;177;172;;2;;;1050;;;;;;1050;185;101;;84;;855;53;92;593;262;;;;;;;;;;;;;;;;
SMURSAMU;2021;760000372;CH LILLEBONNE CHI CAUX VALLEE DE SEINE;760780742;1;1;0;0;0;;0;0;168;168;168;0;1;0;0;914;0;0;0;0;0;914;159;72;7;80;0;763;71;190;409;354;;;;;;;;;;;;;;;;
SMURSAMU;2021;760000463;CH LES FEUGRAIS CHI ELBEUF;760024042;1;1;0;0;0;;0;0;216;228;228;;2;;;1270;99;;;;;1369;227;157;6;64;0;1003;126;182;749;254;;;;;;;;;;;;;;;;
SMURSAMU;2021;760026252;ANTENNE DE SMUR EU CH DIEPPE;760780023;1;0;0;0;1;760780023;0;0;168;177;0;;2;;;610;32;;;;;642;458;101;124;23;210;304;44;67;172;132;;;;;;;;;;;;;;;;
SMURSAMU;2021;760805770;HOPITAL JACQUES MONOD CH LE HAVRE;760780726;1;1;0;0;0;;0;1;487;504;504;5;4;1;1;4216;1195;31;94;141;4;5681;1087;319;38;565;30;3234;260;678;2431;803;298862;30612;261102;219125;162045;156665;93206;336;168;168;448;1;0;0;1286;0
SMURSAMU;2021;770000131;CH DE COULOMMIERS;770021145;1;1;0;0;0;;0;0;168;168;168;1;1;;;908;8;;21;;;937;530;120;1;35;374;531;;;290;241;;;;;;;;;;;;;;;;
SMURSAMU;2021;770000149;CH SUD SEINE ET MARNE FONTAINEBLEAU;770021152;1;1;0;0;0;;0;0;168;168;168;0;2;0;;945;0;8;3;0;0;956;476;112;6;82;276;480;22;107;247;233;;;;;;;;;;;;;;;;
SMURSAMU;2021;770000156;CH DE MELUN SITE SANTEPOLE;770110054;1;1;0;0;0;;0;1;406;406;406;4;3;;;3172;1339;;107;29;;4647;1396;296;;245;855;3172;373;740;1396;1776;476434;5228;465208;278023;255901;234322;98415;742;406;336;1092;0;0;;6450;
SMURSAMU;2021;770000164;CH SUD SEINE ET MARNE SITE MONTEREAU;770021152;1;1;0;0;0;;0;0;168;168;168;;1;;;697;;;;;;697;244;80;6;45;113;429;33;97;230;199;;;;;;;;;;;;;;;;
SMURSAMU;2021;770000172;CH DE PROVINS LEON BINET;770110070;1;1;0;0;0;;0;0;336;336;336;3;1;;;898;306;0;1;7;0;1212;343;97;4;31;208;549;59;131;352;197;;;;;;;;;;;;;;;;
SMURSAMU;2021;770000214;CH SUD SEINE ET MARNE SITE DE NEMOURS;770021152;1;1;0;0;0;;0;0;168;168;168;0;1;0;;596;0;51;3;1;;651;;67;5;83;213;501;35;155;319;182;;;;;;;;;;;;;;;;
SMURSAMU;2021;770000446;CH DE MEAUX SITE SAINT FARON;770021145;1;1;0;0;0;;0;0;337;337;337;2;2;;;2334;586;;;60;;2980;1162;217;14;188;779;1771;86;413;1370;401;;;;;;;;;;;;;;;;
SMURSAMU;2021;770019032;GHEF MARNE LA VALLEE SITE JOSSIGNY;770021145;1;1;0;0;0;;0;0;336;336;336;3;3;;;3091;633;;24;0;;3748;1219;277;25;101;685;1400;233;590;1033;367;;;;;;;;;;;;;;;;
SMURSAMU;2021;780000287;CH FRANCOIS QUESNAY MANTES;780110011;1;1;0;0;0;;0;0;139;;;1;1;;;1424;40;;;;;1464;;;;;;;;;;;;;;;;;;;;;;;;;;
SMURSAMU;2021;780000311;CHI POISSY ST GERMAIN SITE DE POISSY;780001236;1;1;0;0;0;;0;0;504;504;504;2;6;0;0;3833;953;0;0;0;0;4786;2188;580;19;313;1276;1609;147;1001;806;803;;;;;;;;;;;;;;;;
SMURSAMU;2021;780000329;CH DE RAMBOUILLET;780110052;1;1;0;0;0;;0;0;168;168;168;0;1;0;0;664;37;0;12;0;0;713;322;112;3;74;133;465;45;77;76;389;;;;;;;;;;;;;;;;
SMURSAMU;2021;780800256;CH DE VERSAILLES SITE ANDRE MIGNOT;780110078;1;1;0;0;0;;0;1;773;564;743;4;5;2;0;3870;1513;0;3;15;0;5401;1718;445;24;334;915;2155;242;366;1092;1063;758593;45637;681911;519320;591067;262065;84778;948;479;284;1428;0;;;1023;0
SMURSAMU;2021;790000087;CENTRE HOSPITALIER DE NIORT;790000012;1;1;0;0;0;;0;1;336;252;336;2;2;0;0;2082;610;26;50;148;0;2916;490;291;14;127;18;1748;164;280;1504;244;173925;8907;162320;148193;130120;91522;38598;252;168;142;465;0;6;0;1265;0
SMURSAMU;2021;790000103;SITE HOSPITALIER DE PARTHENAY;790006654;1;0;0;0;1;790006654;0;0;0;0;0;;;;;0;;;;;;0;;;;;;;;;;;;;;;;;;;;;;;;;;
SMURSAMU;2021;790003537;SITE HOSPITALIER DE THOUARS;790006654;1;0;0;0;1;790006654;0;0;0;0;0;;;;;0;;;;;;0;;;;;;;;;;;;;;;;;;;;;;;;;;
SMURSAMU;2021;790019848;SITE HOSPITALIER FAYE L'ABBESSE;790006654;1;1;0;0;0;;0;0;336;336;336;1;2;0;0;1359;200;23;0;0;0;1582;783;224;7;169;383;1011;107;191;713;298;;;;;;;;;;;;;;;;
SMURSAMU;2021;800000143;CH ABBEVILLE;800000028;1;1;0;0;0;;0;0;336;336;336;1;3;;;1751;176;44;;;;1971;710;187;20;69;395;1072;91;264;840;232;;;;;;;;;;;;;;;;
SMURSAMU;2021;800000226;CH DOULLENS;800000069;1;1;0;0;0;;0;0;168;168;168;1;1;;;609;;;;;;609;333;60;0;23;250;480;28;117;82;398;;;;;;;;;;;;;;;;
SMURSAMU;2021;800000390;CH CHIMR MONTDIDIER;800000085;1;1;0;0;0;;0;0;168;168;168;1;1;;;811;1;0;0;0;;812;561;72;0;63;426;268;30;55;62;206;;;;;;;;;;;;;;;;
SMURSAMU;2021;800000432;CH PÉRONNE;800000093;1;1;0;0;0;;0;0;168;117;158;1;1;0;0;834;0;0;0;0;0;834;137;86;7;44;158;0;0;0;0;0;;;;;;;;;;;;;;;;
SMURSAMU;2021;800006124;CHU AMIENS SUD;800000044;1;1;0;1;0;;0;1;779;756;756;4;3;1;;3285;1448;931;332;574;;6570;1493;249;22;168;869;2386;365;365;2090;296;368680;57325;302838;298333;144920;129400;59102;325;225;110;574;0;0;;5714;
SMURSAMU;2021;810000505;CH ALBI;810000331;1;1;0;0;0;;0;1;238;504;0;3;2;;;1249;338;275;;;;1862;730;152;1;96;481;510;24;81;233;277;160789;2043;157848;127475;152834;80081;34641;352;168;184;384;1;0;0;6693;0
SMURSAMU;2021;810000521;CHIC CASTRES MAZAMET SITE AUTAN;810000380;1;1;0;0;0;;0;0;590;336;336;1;3;;;1093;361;;;;;1454;;;;;;;;;;;;;;;;;;;;;;;;;;
SMURSAMU;2021;810000562;CH LAVAUR;810000455;1;1;0;0;0;;0;0;168;168;168;;;;;466;15;0;;;;481;263;49;1;68;181;198;11;33;57;141;;;;;;;;;;;;;;;;
SMURSAMU;2021;820000032;CH MONTAUBAN;820000016;1;1;0;0;0;;0;1;266;252;252;1;2;0;0;1071;404;210;0;0;0;1685;492;164;7;57;253;587;46;98;260;327;172357;9364;159663;150182;90695;77950;23962;168;168;71;421;1;0;0;6397;1
SMURSAMU;2021;820000883;CHI CASTELSARRASIN MOISSAC SITE MOISSA;820004950;1;1;0;0;0;;0;0;168;175;175;;2;;;396;37;;;;;433;206;57;1;15;129;199;33;25;30;169;;;;;;;;;;;;;;;;
SMURSAMU;2021;830000279;CH JEAN MARCEL DE BRIGNOLES;830100517;1;1;0;0;0;;0;0;168;168;168;;;;;1212;15;217;;;;1444;;;;;;;;;;;;;;;;;;;;;;;;;;
SMURSAMU;2021;830000287;CH LA DRACENIE DE DRAGUIGNAN;830100525;1;1;0;0;0;;0;0;218;35;168;2;2;0;0;944;56;576;0;0;0;1576;450;97;4;73;249;732;68;121;535;197;;;;;;;;;;;;;;;;
SMURSAMU;2021;830000295;CH DE HYERES MARIE JOSEE TREFFOT;830100533;1;1;0;0;0;;0;0;168;168;168;;2;;;1345;20;;1;;;1366;708;163;88;;457;;;;;;;;;;;;;;;;;;;;;
SMURSAMU;2021;830000311;CHI DE FREJUS SAINT RAPHAEL;830100566;1;1;0;0;0;;0;0;168;168;168;;2;;;1392;17;8;;;;1417;400;113;4;48;292;967;111;314;849;118;;;;;;;;;;;;;;;;
SMURSAMU;2021;830000337;CENTRE HOSPITALIER DE SAINT TROPEZ;830100590;1;1;0;0;0;;0;0;168;117;55;2;;;;706;23;0;0;0;0;729;399;90;4;57;201;570;49;88;353;217;;;;;;;;;;;;;;;;
SMURSAMU;2021;830000345;CHITS CH SAINTE MUSSE;830100616;1;1;0;0;0;;0;1;336;420;504;4;5;1;0;3134;1296;976;330;219;52;6007;1851;349;0;350;1152;1641;123;312;595;1046;486150;2699;453784;412943;250296;238013;77636;484;226;258;1500;0;9;0;5167;0
SMURSAMU;2021;830020889;CH DE HYERES ANTENNE SMUR DU LAVANDOU;830100533;1;0;0;0;1;830100533;1;0;168;168;168;;1;;;69;;;;;;69;58;9;23;;26;;;;;;;;;;;;;;;;;;;;;
SMURSAMU;2021;830100608;CHITS CH GEORGE SAND;830100616;1;0;0;0;1;830100616;0;0;70;70;70;;1;0;0;947;0;0;0;0;0;947;502;95;0;95;312;445;33;85;185;260;;;;;;;;;;;;;;;;
SMURSAMU;2021;840000392;CENTRE HOSPITALIER DE CARPENTRAS;840000046;1;1;0;0;0;;0;0;171;171;171;;2;;;983;9;;;;;992;803;151;;129;400;729;90;200;498;231;;;;;;;;;;;;;;;;
SMURSAMU;2021;840000418;CHI DE CAVAILLON LAURIS;840004659;1;1;0;0;0;;0;0;168;168;168;;2;;;1373;;;;;;1373;654;123;5;125;394;1308;126;274;583;725;;;;;;;;;;;;;;;;
SMURSAMU;2021;840000483;CH LOUIS GIORGI D'ORANGE;840000087;1;1;0;0;0;;0;0;168;168;168;1;1;;;980;48;;;;;1028;686;147;1;131;487;328;13;50;178;150;;;;;;;;;;;;;;;;
SMURSAMU;2021;840000491;CHI SITE DE PERTUIS;130041916;1;0;0;0;1;130041916;0;0;168;167;0;1;1;;;721;39;;;;;760;411;83;1;68;233;309;27;70;248;61;;;;;;;;;;;;;;;;
SMURSAMU;2021;840001861;CH D'AVIGNON HENRI DUFFAUT;840006597;1;1;0;0;0;;0;1;336;336;420;4;3;1;0;2019;1395;158;87;262;;3921;868;208;5;649;6;1459;;;1152;307;217082;0;217082;;217082;;;528;252;276;588;0;0;;3025;1
SMURSAMU;2021;840006480;SMUR CH ORANGE SITE VAISON;840000087;1;0;0;0;1;840000087;0;0;168;168;112;0;1;;;635;16;;;;;651;428;97;1;43;287;220;8;44;46;174;;;;;;;;;;;;;;;;
SMURSAMU;2021;840019228;CH AVIGNON ANTENNE SMUR D'APT;840006597;1;0;0;0;1;840006597;0;0;168;168;168;0;1;0;0;1008;2;0;1;0;;1011;704;31;2;52;619;616;26;74;605;11;;;;;;;;;;;;;;;;
SMURSAMU;2021;850000142;CHD SITE LA ROCHE SUR YON;850000019;1;1;0;0;0;;0;1;336;336;336;2;4;1;;1671;783;195;163;54;;2866;795;189;3;46;557;1546;168;145;1273;273;311897;7643;290631;247866;200510;166887;91954;506;248;258;745;1;6;14;4704;0
SMURSAMU;2021;850000175;CH LVO - SITE DE CHALLANS;850009010;1;1;0;0;0;;0;0;168;168;168;0;2;0;0;790;52;0;1;0;0;843;;;;;;;;;;;;;;;;;;;;;;;;;;
SMURSAMU;2021;850000209;CHD-SITE DE LUCON;850000019;1;0;0;0;1;850000019;0;0;168;168;0;;1;;;404;17;;;;;421;256;47;6;21;182;371;39;63;175;196;;;;;;;;;;;;;;;;
SMURSAMU;2021;850000225;CHD - SITE DE MONTAIGU;850000019;1;0;0;0;1;850000019;0;0;84;84;0;;1;;;186;11;;;;;197;130;25;0;13;92;166;17;16;58;108;;;;;;;;;;;;;;;;
SMURSAMU;2021;850000241;CENTRE HOSPITALIER COTE DE LUMIÈRE;850000084;1;1;0;0;0;;0;0;168;168;168;;;;;612;72;0;0;0;0;684;304;69;4;16;215;377;39;106;233;144;;;;;;;;;;;;;;;;
SMURSAMU;2021;850009630;CH FONTENAY SITE POLE SANTE SUD VENDEE;850000035;1;1;0;0;0;;0;0;;;;1;;;;495;15;;;;;510;;;;;;;;;;;;;;;;;;;;;;;;;;
SMURSAMU;2021;860000025;CHU DE POITIERS - SITE CHATELLERAULT;860014208;1;1;0;0;0;;0;0;168;175;175;;1;;;549;;;;;;549;549;75;2;61;448;448;57;92;214;234;;;;;;;;;;;;;;;;
SMURSAMU;2021;860000033;CHU DE POITIERS - SITE DE LOUDUN;860014208;1;1;0;0;0;;0;0;168;168;168;;1;;;223;0;;;;;223;223;64;2;7;162;162;17;60;51;111;;;;;;;;;;;;;;;;
SMURSAMU;2021;860000058;CHU DE POITIERS - SITE DE MONTMORILLON;860014208;1;1;0;0;0;;0;0;168;168;168;;1;;;180;;;;;;180;44;38;;6;;136;9;29;125;11;;;;;;;;;;;;;;;;
SMURSAMU;2021;860000223;CHU LA MILETRIE;860014208;1;1;0;1;0;;0;1;616;472;539;4;2;1;0;2139;1288;213;252;428;0;4320;541;239;8;113;181;1595;176;185;1563;32;163908;2201;160871;153681;172923;91856;44835;295;168;129;504;0;11;;672;0
SMURSAMU;2021;870000064;C H U DUPUYTREN LIMOGES;870000015;1;1;0;0;0;;0;1;376;672;672;3;3;1;;2004;759;105;281;354;;3503;615;182;11;99;319;1686;216;194;1560;126;245640;22759;222881;192760;98757;77045;44646;288;168;136;1008;0;3;0;1203;0
SMURSAMU;2021;870010998;CHU LIMOGES - ANTENNE SMUR ST YRIEIX;870000015;1;0;0;0;1;870000015;0;0;70;70;1;;1;;;209;;;;;;209;;;;;;;;;;;;;;;;;;;;;;;;;;
SMURSAMU;2021;870017647;CHU LIMOGES - ANTENNE SMUR ST JUNIEN;870000015;1;0;0;0;1;870000015;0;0;168;168;168;;1;;;376;55;;;;;431;233;54;3;39;137;265;44;75;159;106;;;;;;;;;;;;;;;;
SMURSAMU;2021;880000021;CHI E.DURKHEIM - PLATEAU DE LA JUSTICE;880007059;1;1;0;0;0;;0;1;232;168;252;1;2;;;1251;267;175;;;;1693;395;209;14;63;393;606;54;86;409;184;229507;4568;220999;210114;95725;73812;19422;239;168;71;540;1;0;0;1666;1
SMURSAMU;2021;880000047;CENTRE HOSPITALIER DE SAINT-DIE;880780077;1;1;0;0;0;;0;0;168;168;168;;1;;;571;78;132;;8;;789;201;95;2;19;85;372;15;55;312;60;;;;;;;;;;;;;;;;
SMURSAMU;2021;880000054;CHI L'OUEST VOSGIEN SITE NEUFCHATEAU;880007299;1;1;0;0;0;;0;0;336;416;168;;1;;;279;61;161;;;;501;121;8;3;18;92;199;11;62;162;37;;;;;;;;;;;;;;;;
SMURSAMU;2021;880000062;CENTRE HOSPITALIER DE REMIREMONT;880780093;1;1;0;0;0;;0;0;406;574;168;;1;;;577;314;145;;;;1036;;;;;;;;;;;;;;;;;;;;;;;;;;
SMURSAMU;2021;880000070;CHI DE L'OUEST VOSGIEN SITE DE VITTEL;880007299;1;0;0;0;1;880007299;0;0;168;259;168;;1;;;393;24;53;;;;470;189;36;5;30;118;246;27;78;98;148;;;;;;;;;;;;;;;;
SMURSAMU;2021;880007752;CH ST DIE - ANTENNE SMUR GERARDMER;880780077;1;0;0;0;1;880780077;0;0;70;70;70;;1;;;229;2;;;;;231;149;30;2;7;150;192;32;34;15;177;;;;;;;;;;;;;;;;
SMURSAMU;2021;890975527;CH AUXERRE;890000037;1;1;0;0;0;;0;1;336;504;336;;;1;;1388;257;0;159;305;0;2109;703;114;3;162;424;832;59;377;816;16;191729;1222;185555;170710;93560;74498;15684;276;168;108;400;1;9;9;636;0
SMURSAMU;2021;890975535;CH AVALLON;890000409;1;1;0;0;0;;0;0;168;168;0;;1;;;272;11;;;29;;312;102;31;11;10;50;267;11;81;192;75;;;;;;;;;;;;;;;;
SMURSAMU;2021;890975543;CH JOIGNY;890000417;1;1;0;0;0;;0;0;;;;;;;;692;208;0;0;0;0;900;395;109;9;153;124;523;49;152;327;196;;;;;;;;;;;;;;;;
SMURSAMU;2021;890975550;CH SENS;890970569;1;1;0;0;0;;0;0;336;336;336;1;2;;;891;169;;6;;;1066;487;42;23;;321;152;11;35;151;1;;;;;;;;;;;;;;;;
SMURSAMU;2021;890975568;CENTRE HOSPITALIER DU TONNERROIS;890000433;1;1;0;0;0;;0;0;168;168;168;0;1;0;0;236;7;;;;;243;48;18;;29;;185;6;43;134;51;;;;;;;;;;;;;;;;
SMURSAMU;2021;900003039;HNFC SITE TREVENANS;900000365;1;1;0;0;0;;0;0;336;336;336;2;2;;;3722;111;;45;88;;3966;;367;11;;;;;;;;;;;;;;;;;;;;;;;
SMURSAMU;2021;910000272;CH D ARPAJON;910110014;1;1;0;0;0;;0;0;168;168;0;0;2;0;0;1290;28;0;3;1;0;1322;684;150;5;109;420;609;53;120;156;453;;;;;;;;;;;;;;;;
SMURSAMU;2021;910000298;CH DES DEUX VALLEES SITE LONGJUMEAU;910110055;1;1;0;0;0;;0;0;168;168;168;0;1;0;0;1579;37;0;0;0;0;1616;723;181;7;117;394;864;63;167;325;539;;;;;;;;;;;;;;;;
SMURSAMU;2021;910000306;CH D ORSAY;910110055;1;1;0;0;0;;0;0;168;168;168;;2;;;1176;26;;;;;1202;616;135;1;36;434;560;;;252;308;;;;;;;;;;;;;;;;
SMURSAMU;2021;910000314;CH SUD FRANCILIEN;910002773;1;1;0;0;0;;0;1;443;416;443;4;4;0;0;2741;2001;3;16;59;0;4820;1525;273;63;96;837;1232;79;146;727;505;460883;31559;405269;316773;266761;264544;147517;854;401;453;1116;0;0;;5345;1
SMURSAMU;2021;910001973;CH DOURDAN ETAMPES SITE ETAMPES;910019447;1;1;0;0;0;;0;0;168;168;168;;1;;;793;19;;;;;812;416;98;35;;266;;;;;;;;;;;;;;;;;;;;;
SMURSAMU;2021;910018423;CH DES DEUX VALLEES SITE JUVISY;910110055;1;1;0;0;0;;0;0;168;168;168;1;1;0;0;1743;75;0;1;1;0;1820;999;180;48;43;650;745;71;109;47;698;;;;;;;;;;;;;;;;
SMURSAMU;2021;920100021;HU PARIS SUD SITE ANTOINE BECLERE APHP;750712184;1;0;0;1;0;;0;0;258;213;213;3;;;;239;1117;;;8;;1364;52;8;0;10;34;187;187;0;37;150;;;;;;;;;;;;;;;;
SMURSAMU;2021;920100039;HU PARIS NORD SITE BEAUJON APHP;750712184;1;1;0;0;0;;0;0;435;386;441;4;1;;;3790;1304;0;0;6;0;5100;1110;216;8;95;675;1403;161;233;322;1081;;;;;;;;;;;;;;;;
SMURSAMU;2021;920100054;HU PARIS SITE RAYMOND POINCARE APHP;750712184;1;1;0;0;0;;0;1;604;564;782;5;2;0;0;2905;1908;228;0;7;0;5048;1526;288;6;176;925;1532;146;319;44;1488;584670;125387;459283;376675;345833;235998;92321;648;336;312;980;0;0;0;48;0
SMURSAMU;2021;930000286;GHI LE RAINCY MONTFERMEIL;930021480;1;1;0;0;0;;0;0;168;168;168;2;;;;1781;39;;;;;1820;936;211;29;131;565;746;45;125;375;371;;;;;;;;;;;;;;;;
SMURSAMU;2021;930000328;CH GENERAL DELAFONTAINE;930110051;1;1;0;0;0;;0;0;204;204;204;3;;;;1782;600;26;;;;2408;979;164;9;125;681;803;82;102;343;460;;;;;;;;;;;;;;;;
SMURSAMU;2021;930000336;CHI ROBERT BALLANGER;930110069;1;1;0;0;0;;0;0;313;313;313;3;0;0;0;1592;549;42;12;7;;2202;762;160;11;91;411;943;116;344;819;124;;;;;;;;;;;;;;;;
SMURSAMU;2021;930100037;HU PARIS SITE AVICENNE APHP;750712184;1;1;0;1;0;930100037;0;1;732;732;732;7;1;0;0;4630;2812;;5;6;;7453;2345;369;18;294;1538;2255;404;304;440;1815;725425;123887;547638;434331;383865;274871;108966;672;336;336;1071;1;2;0;16;0
SMURSAMU;2021;940000599;CHI LUCIE ET RAYMOND AUBRAC;940110042;1;1;0;0;0;;0;0;168;168;168;2;0;0;0;1223;423;0;0;0;0;1646;441;139;5;30;254;785;102;248;398;387;;;;;;;;;;;;;;;;
SMURSAMU;2021;940100027;HU HENRI MONDOR SITE HENRI MONDOR APHP;750712184;1;1;0;0;0;;0;1;549;576;732;5;1;1;0;5351;2087;66;3;70;;7577;2529;500;11;259;1516;3076;275;534;1064;2012;471829;82468;364253;326735;301663;203786;86058;819;411;216;966;0;0;0;67;0
SMURSAMU;2021;950000307;CH VICTOR DUPOUY;950110015;1;1;0;0;0;;0;0;362;362;362;2;0;0;0;3089;433;0;0;3;0;3525;1854;182;41;275;1252;1227;125;192;770;457;;;;;;;;;;;;;;;;
SMURSAMU;2021;950000315;GH CARNELLE PORTES OISE SITE BEAUMONT;950001370;1;1;0;0;0;;0;0;168;168;168;2;0;0;0;1563;80;0;0;0;0;1643;862;87;6;197;593;1256;131;251;538;718;;;;;;;;;;;;;;;;
SMURSAMU;2021;950000323;GHEM SIMONE VEIL SITE EAUBONNE;950013870;1;1;0;0;0;;0;0;336;336;336;3;1;;;3056;644;0;3;20;0;3723;1772;155;29;323;1265;1804;129;347;1305;499;;;;;;;;;;;;;;;;
SMURSAMU;2021;950000331;CH GENERAL DE GONESSE;950110049;1;1;0;0;0;;0;0;238;238;238;2;;;;2627;257;0;7;1;0;2892;1529;188;43;232;1066;1098;252;382;727;371;;;;;;;;;;;;;;;;
SMURSAMU;2021;950000364;CH RENE DUBOS;950110080;1;1;0;1;0;;0;1;588;504;588;4;3;0;0;3728;1253;0;9;13;0;5003;2104;169;6;255;1242;1620;;;;;550603;49062;459900;270630;321930;240670;84234;868;420;448;1092;0;0;0;421;0
SMURSAMU;2021;970100392;CENTRE HOSPITALIER DE LA BASSE -TERRE;970100178;1;1;0;0;0;;0;0;168;168;168;;2;;;457;247;;;;;704;;37;27;;;640;;;640;;;;;;;;;;;;;;;;;
SMURSAMU;2021;970100400;C.H. LOUIS CONSTANT FLEMING;970100186;1;1;0;0;0;;0;0;;;;;;;;174;245;103;;;;522;;;;;;;;;;;;;;;;;;;;;;;;;;
SMURSAMU;2021;970100442;C.H.U. DE POINTE-A-PITRE/ABYMES;970100228;1;1;0;0;0;.;0;1;416;446;425;2;4;1;;3099;639;4;261;482;6;4491;772;370;20;315;67;2507;302;231;2390;117;403067;127544;275523;218408;79125;68989;10136;400;280;120;617;1;3;;1317;0
SMURSAMU;2021;970112470;CH L CONSTANT FLEMING-ANTENNE ST BARTH;970100186;1;0;0;0;1;970100400;0;0;168;168;168;;;;;52;51;35;;;;138;;;;;;;;;;;;;;;;;;;;;;;;;;
SMURSAMU;2021;970112587;CHU - ANTENNE DE MARIE-GALANTE SMUR;970100228;1;0;0;0;1;970100228;0;0;24;6;2;;1;;;25;;;;;;25;12;10;;;;13;1;1;13;0;;;;;;;;;;;;;;;;
SMURSAMU;2021;970211215;CHU DE MARTINIQUE SITE P.ZOBDA QUITMAN;970211207;1;1;0;0;0;;0;1;336;336;336;1;4;;;4799;646;34;422;158;10;6069;1035;387;45;19;1721;3505;364;347;3478;27;466481;122307;344174;269384;130531;104539;31100;403;312;91;687;0;0;;1641;0
SMURSAMU;2021;970211223;CHU DE MARTINIQUE SITE DE TRINITE;970211207;1;1;0;0;0;970211215;0;0;70;84;84;;;;;639;29;5;21;5;;699;356;44;4;5;303;278;38;62;125;153;;;;;;;;;;;;;;;;
SMURSAMU;2021;970300026;CENTRE HOSPITALIER DE CAYENNE;970302022;1;1;0;0;0;;0;1;336;504;252;2;2;1;;865;80;;43;868;;1856;188;171;15;1;1;907;120;87;720;187;296149;0;296149;;35641;35641;0;168;168;0;336;0;0;0;468;0
SMURSAMU;2021;970300083;CENTRE HOSPITALIER -FRANCK-JOLY-;970302121;1;1;0;0;0;;0;0;168;168;168;1;1;;;308;19;26;;;;353;;;;;;;;;;;;;;;;;;;;;;;;;;
SMURSAMU;2021;970305637;CENTRE HOSPITALIER INTERCOM DE KOUROU;970305629;1;1;0;0;0;;0;0;190;190;190;;1;;;157;110;;;;;267;36;31;5;;;104;3;1;104;;;;;;;;;;;;;;;;;
SMURSAMU;2021;970400024;CHU SITE FELIX GUYON (SAINT DENIS);970408589;1;1;0;0;0;;0;1;343;674;280;3;3;1;0;1614;310;453;229;358;5;2969;354;215;13;101;659;1023;102;83;878;145;575563;126474;428249;393864;280375;159777;61722;543;336;207;1036;0;;;2832;1
SMURSAMU;2021;970400057;CHU SITE SUD (SAINT PIERRE);970408589;1;1;0;0;0;;0;0;336;336;;1;4;;;2588;360;0;10;0;2;2960;1249;323;7;160;759;2013;242;528;1815;198;;;;;;;;;;;;;;;;
SMURSAMU;2021;970400065;CH OUEST REUNION;970421038;1;1;0;0;0;;0;0;168;336;0;0;1;0;0;1103;393;554;0;0;0;2050;326;111;9;46;160;780;102;68;672;108;;;;;;;;;;;;;;;;
SMURSAMU;2021;970400073;GHER (SAINT-BENOIT);970403606;1;1;0;0;0;;0;0;168;33;0;;;;;1100;283;1;4;2;0;1390;179;101;6;70;0;924;99;75;581;343;;;;;;;;;;;;;;;;
SMURSAMU;2021;980500011;CHM;980500003;1;1;0;0;0;;0;1;240;257;343;2;1;1;0;1294;1463;33;263;408;2;3463;735;251;4;27;457;868;243;13;855;13;164263;13834;136267;120142;66149;51236;2166;168;168;;420;0;0;4;217;0
